country,viewers
Poland,5018
California,4328
Canada,3507
Russia,2889
Germany,2849
Philippines,2632
Brazil,2007
Australia,1972
Texas,1967
USA,1893
England,1739
France,1630
Sweden,1626
Florida,1570
New York,1529
Finland,1481
UK,1473
Brasil,1364
Italy,1338
Portugal,1294
Norway,1107
Japan,1055
Singapore,1011
Ohio,958
Indonesia,951
Moscow,943
CA,915
Ontario,823
Netherlands,815
United States,814
Malaysia,746
philippines,743
Hungary,736
Michigan,711
The Netherlands,692
Romania,692
London,684
Washington,671
Bulgaria,649
Illinois,646
Spain,645
United Kingdom,630
Georgia,628
Ukraine,604
New Jersey,593
Denmark,589
Belgium,567
Pennsylvania,546
NY,525
São Paulo,523
Arizona,513
Virginia,503
Lithuania,502
Israel,500
North Carolina,499
Turkey,477
Polska,447
New Zealand,430
Maryland,412
Argentina,391
Chile,388
Oregon,387
TX,385
Minnesota,383
Colorado,374
Massachusetts,368
Mexico,357
PA,354
Scotland,352
Indiana,345
california,337
Greece,333
Ireland,328
Wisconsin,328
FL,319
Croatia,303
US,301
Nevada,294
Tennessee,285
WA,277
Earth,274
India,273
Austria,271
IL,269
Missouri,256
Warsaw,253
Rio de Janeiro,252
Latvia,251
Louisiana,246
MA,244
Alabama,243
Slovakia,234
Kentucky,227
Alberta,224
Serbia,222
Czech Republic,215
Estonia,213
Tokyo,205
Thailand,202
Hawaii,200
Paris,197
Quebec,195
Oklahoma,194
Toronto,191
Europe,190
Kansas,189
España,188
Italia,185
Puerto Rico,183
Saudi Arabia,183
Sydney,183
México,181
NJ,178
Iowa,176
NC,175
Connecticut,174
British Columbia,174
Utah,170
South Carolina,165
Jakarta,164
texas,162
Venezuela,160
GA,160
Russian Federation,158
Chicago,158
Holland,157
Switzerland,155
MI,154
AZ,153
canada,153
BC,152
VA,151
Los Angeles,151
Manila,148
Saint-Petersburg,148
Somewhere,140
Colombia,140
TN,139
new york,139
Wonderland,139
America,138
malaysia,136
South Africa,136
Melbourne,135
Belarus,134
Budapest,132
SP,131
indonesia,131
Hell,129
florida,127
the Netherlands,124
Stockholm,123
Poznań,122
Wrocław,120
japan,117
Istanbul,116
OH,115
China,113
Lisbon,112
Bucharest,111
Kuwait,110
Łódź,108
Arkansas,107
Kraków,107
NYC,106
Athens,104
usa,104
england,103
Alaska,102
Kiev,101
singapore,101
MD,100
New Mexico,100
Nebraska,99
Idaho,98
Maine,98
Québec,98
Barcelona,97
Victoria,97
Hong Kong,95
Amsterdam,94
Buenos Aires,94
Wales,93
Riga,93
UAE,93
Mississippi,93
Szczecin,91
Montreal,91
Berlin,89
WI,88
Minas Gerais,88
ohio,88
Cracow,88
israel,87
New York City,87
Slovenia,84
MN,84
İstanbul,83
Madrid,83
Egypt,83
Manchester,82
Sofia,82
Western Australia,82
sweden,82
Porto,81
West Virginia,80
OR,80
Vilnius,79
SC,79
Vienna,79
Tallinn,78
Peru,77
Gdańsk,77
Rhode Island,76
IN,75
Deutschland,74
Southern California,73
manila,73
CT,72
london,70
Manitoba,70
DC,69
Rio Grande do Sul,69
Riyadh,68
Seattle,68
somewhere,68
New Hampshire,68
MO,67
Iceland,67
Vietnam,66
Kuala Lumpur,66
Warszawa,66
Bangladesh,66
Gensokyo,66
Nederland,65
RJ,65
Kazakhstan,65
Queensland,64
Costa Rica,64
jakarta,64
Ca,63
Mexico City,63
italy,63
NSW,62
,62
Perú,62
Cali,62
Gdynia,61
Boston,61
NV,61
Lisboa,61
Paraná,61
uk,60
KSA,60
Uruguay,60
LA,60
Tx,59
india,59
Novosibirsk,59
CO,59
Delaware,58
Northern Ireland,58
KY,56
PH,55
Lublin,55
Bangkok,55
Home,54
france,54
U.S.,54
Minsk,54
Here,53
Las Vegas,53
Vancouver,53
Hamburg,53
South Korea,52
Россия,52
Türkiye,52
Kaunas,52
Sao Paulo,51
Pakistan,50
Helsinki,49
St. Petersburg,49
Dubai,49
Bydgoszcz,49
Prague,49
georgia,49
Czech republic,48
San Diego,48
Qatar,48
RS,48
New york,48
-,48
Unknown,48
Soul Society,47
kuwait,47
NRW,47
washington,46
U.S.A.,46
United States of America,46
Asia,46
Selangor,46
Nowhere,45
Nova Scotia,45
Bandung,45
Dublin,45
Korea,44
Rome,44
ON,43
Neverland,43
Białystok,43
Santa Catarina,43
Vermont,43
istanbul,43
Panama,43
Phillipines,43
Bahrain,43
Morocco,43
australia,42
ca,42
North Dakota,41
Dominican Republic,41
Hinamizawa,41
Laguna,41
KS,41
Katowice,41
los angeles,41
Lima,41
AL,41
Philadelphia,41
Malta,41
Ankara,41
San Francisco,40
Oslo,40
Odessa,40
netherlands,40
Montana,40
Cavite,40
Saint Petersburg,40
Behind you,40
Quezon City,40
Rotterdam,39
England.,39
Ceará,39
South Australia,39
belgium,38
ontario,38
mexico,38
Tbilisi,38
NZ,38
Antarctica,38
Gliwice,38
Jamaica,38
germany,38
Moldova,37
Kyiv,37
Rzeszów,37
South Dakota,37
Lodz,36
turkey,36
Space,36
Birmingham,36
Fl,36
maryland,35
Taiwan,35
norway,35
tokyo,35
Adelaide,35
portugal,35
Washington DC,34
Tunisia,34
poland,34
IA,34
U.S.A,34
Pernambuco,34
Ufa,34
Mars,34
michigan,34
earth,34
ny,33
hell,33
illinois,33
Guatemala,33
Ga,33
MS,33
phillipines,33
OK,33
Internet,33
NH,33
Bahia,33
tx,33
Ecuador,33
virginia,33
Brisbane,32
Perth,32
Konoha,32
Macedonia,32
Santiago,32
Under your bed,31
oklahoma,31
Wroclaw,31
Auckland,31
Uk,31
Metro Manila,31
Vladivostok,31
PL,31
Nottingham,31
alabama,31
SoCal,31
Yekaterinburg,31
POLAND,30
...,30
Omsk,30
Kent,30
New England,30
Chelyabinsk,30
romania,30
Narnia,30
East Coast,30
Milano,30
NE,30
Luxembourg,29
The netherlands,29
Chisinau,29
philipines,29
minnesota,29
NM,29
Krasnoyarsk,29
Iran,29
north carolina,29
New South Wales,29
K.S.A,29
Radom,29
united states,29
arizona,29
Saskatchewan,29
Brasil.,29
russia,29
Bavaria,29
Mongolia,28
Rostov-on-Don,28
Jeddah,28
SPb,28
Singapore City,28
Москва,28
FRANCE,28
NL,28
Osaka,28
North America,28
Curitiba,27
Brunei,27
St.Petersburg,27
Miami,27
Perm,27
Almaty,27
greece,27
Poland.,27
Canada.,27
Utrecht,27
Viet Nam,27
Everywhere,27
Volgograd,27
Newfoundland,27
Porto Alegre,26
chile,26
Australia.,26
Glasgow,26
Netherland,26
Siberia,26
chicago,26
Honduras,26
Bratislava,26
scotland,26
AB,26
Brazil.,26
Zagreb,26
Mass,26
B.C.,25
Kazan,25
Antwerp,25
here,25
Belgrade,25
.,25
Houston,25
Roma,25
CANADA,25
Munich,25
Seoul,25
saudi arabia,24
UT,24
unknown,24
sydney,24
PR,24
Lebanon,24
new jersey,24
Silent Hill,24
Poznan,24
Samara,24
The Moon,24
Pittsburgh,24
behind you,24
Tyumen,24
Krasnodar,24
Milan,24
cavite,23
Rizal,23
pa,23
Planet Earth,23
İzmir,23
Illinios,23
Marseille,23
oregon,23
Copenhagen,23
brasil,23
Pa,23
indiana,23
Bulacan,23
Zabrze,23
MG,23
Toruń,23
wisconsin,23
Lyon,23
pennsylvania,23
Voronezh,23
AR,22
Bosnia and Herzegovina,22
Lviv,22
kentucky,22
colorado,22
Brooklyn,22
Koszalin,22
Guam,22
Częstochowa,22
United Arab Emirates,22
Trinidad,22
Universe,22
alaska,22
home,22
RI,22
Gothenburg,22
Plovdiv,22
colombia,22
WV,22
ireland,22
Moskow,22
RF,21
Krakow,21
Hueco Mundo,21
Sarawak,21
Brasilia,21
wonderland,21
Coimbra,21
Kharkov,21
Ekaterinburg,21
Baja California,21
the netherlands,21
Newcastle,21
paris,21
tennessee,21
Cairo,21
Az,21
Sosnowiec,21
Somewhere over the rainbow,21
Surabaya,21
fl,21
DF,21
Sacramento,21
Moon,21
ID,21
italia,21
Jordan,21
Great Britain,20
Death City,20
Cologne,20
Wyoming,20
Cyprus,20
Trinidad and Tobago,20
Anime World,20
West Java,20
QC,20
missouri,20
Valencia,20
My house,20
PHILIPPINES,20
Milky Way,20
Essex,20
Liverpool,20
Va,20
Mauritius,20
Tomsk,20
kuala lumpur,20
Yaroslavl,19
kansas,19
Washington State,19
Irkutsk,19
Jalisco,19
Kielce,19
Goiás,19
south carolina,19
INDIA,19
D.C.,19
Rybnik,19
Philly,19
San Jose,19
holland,19
Dreamland,19
Caracas,19
Niedersachsen,19
Cape Town,19
Belgique,19
Opole,19
Heaven,19
us,18
Montréal,18
Under Your Bed,18
São Paulo - Brazil,18
athens,18
Timisoara,18
Sevilla,18
moscow,18
Bucuresti,18
Calgary,18
Jersey,18
Bayern,18
nowhere,18
Phoenix,18
AccountKiller,18
Bergen,18
Donetsk,18
jeddah,18
Northern California,18
laguna,18
Bytom,18
Kyoto,18
Grand Line,18
amerika,18
Area 11,18
Atlanta,18
El Salvador,17
hawaii,17
Sabah,17
denmark,17
finland,17
under your bed,17
Santo Domingo,17
Aveiro,17
Dallas,17
Sheffield,17
stockholm,17
Gdansk,17
ksa,17
Bogota,17
Wa,17
???,17
Tartu,17
cali,17
Phillippines,17
U.K,17
U.A.E,17
Ikebukuro,17
Amestris,17
brazil,17
Brussels,17
Limburg,17
secret,17
The Internet,17
Pampanga,17
Cardiff,17
Pallet Town,17
Ontario Canada,17
Uppsala,17
Zielona Góra,17
louisiana,16
Saratov,16
Hessen,16
Somewhere...,16
Montenegro,16
Behind You,16
SD,16
toronto,16
UK.,16
Jawa Barat,16
Hogwarts,16
utah,16
U.S,16
Catalunya,16
Behind you.,16
alberta,16
HI,16
Trondheim,16
Kharkiv,16
DE,16
Constanta,16
Izmir,16
Paradise,16
Fortaleza,15
My House,15
Ottawa,15
Санкт-Петербург,15
Olsztyn,15
Perak,15
St. Louis,15
My room,15
Włocławek,15
Sweden.,15
Bristol,15
Virgina,15
Kaliningrad,15
Detroit,15
Canadia,15
Portland,15
Bologna,15
Oulu,15
Bahamas,15
Abu Dhabi,15
Russia.,15
KL,15
Brasília,15
South Florida,15
Bremen,15
va,15
Maldives,15
Anaheim,15
Britain,15
Montevideo,15
SG,15
Panamá,15
Midwest,15
Groningen,15
Wałbrzych,15
New Brunswick,15
Doncaster,15
Wielkopolska,15
Distrito Federal,15
Leeds,14
Orlando,14
Coventry,14
Academy City,14
Izhevsk,14
Hokkaido,14
Neo-Venezia,14
New World,14
Ma,14
Limbo,14
Eindhoven,14
Iraq,14
Murmansk,14
nc,14
america,14
Magyarország,14
Silesia,14
Lille,14
Brunei Darussalam,14
Debrecen,14
nyc,14
Arcadia,14
My Room,14
nevada,14
Lietuva,14
my house,14
phil.,13
Edmonton,13
Califorina,13
Chorzów,13
Washington D.C.,13
Antwerpen,13
Tychy,13
Behind you!,13
riyadh,13
Northern Virginia,13
HK,13
Pennslyvania,13
Malmö,13
Varna,13
tbilisi,13
Vegas,13
Philipines,13
Bay Area,13
Rijeka,13
Frankfurt,13
The World,13
manchester,13
everywhere,13
Antalya,13
Syria,13
Surrey,13
West Yorkshire,13
EU,13
Qc,13
Candyland,13
New Orleans,13
sc,12
Winnipeg,12
Chile.,12
Hampshire,12
Tasmania,12
Danmark,12
Skåne,12
MALAYSIA,12
connecticut,12
Tamaulipas,12
melbourne,12
ga,12
London UK,12
Hyrule,12
RU,12
Szeged,12
Soviet Russia,12
Stuttgart,12
CALIFORNIA,12
Cebu,12
Aqua,12
Gelderland,12
Cornwall,12
São paulo,12
Aus,12
Under your bed.,12
Massachusettes,12
TEXAS,12
Secret,12
The Hague,12
Rio Grande do Norte,12
Denver,12
Parana,12
Barnaul,12
Belo Horizonte,12
Maranhão,12
QLD,12
Long Island,12
ma,12
Edinburgh,12
Kanto,12
Suomi,12
NewYork,12
dubai,12
Jaworzno,12
Galicia,12
Śląsk,12
venezuela,12
Brno,12
Nantes,12
newyork,12
Dąbrowa Górnicza,12
Sri Lanka,12
Isreal,12
metro manila,11
Turkiye,11
Somewhere.,11
Saint-Peterburg,11
Kansas City,11
Outer Space,11
são paulo,11
Braga,11
Norge,11
Roanapur,11
Virginia Beach,11
Mumbai,11
Nürnberg,11
china,11
Sonora,11
In your closet,11
Neo Venezia,11
Oman,11
Algeria,11
somewhere over the rainbow,11
Tarnów,11
México.,11
United states,11
The Wired,11
Wellington,11
Penang,11
Dortmund,11
egypt,11
arkansas,11
Russian,11
Hrvatska,11
Kalisz,11
Delhi,11
Middle of Nowhere,11
Indonesian,11
Amazonas,11
Il,11
Honolulu,11
SA,11
Göteborg,11
Khabarovsk,11
Portsmouth,11
Ky,11
TURKEY,11
Stavanger,11
Lancashire,11
Montpellier,11
Dhaka,11
Yorkshire,11
wales,11
Bursa,11
Sarajevo,11
Malaga,11
nederland,11
Rokkenjima,11
Salzburg,11
mississippi,11
Rio de Janeiro - Brazil,11
Nuevo Leon,10
So Cal,10
Sopot,10
Kemerovo,10
Astana,10
SK,10
Vantaa,10
NorCal,10
Recife,10
Purgatory,10
Canberra,10
Tatarstan,10
Leszno,10
no,10
There,10
Alicante,10
Tula,10
Valhalla,10
Ryazan,10
Sydney Australia,10
OHIO,10
Darkness,10
Massachussetts,10
Libya,10
Sergipe,10
Ivanovo,10
serbia,10
bandung,10
United kingdom,10
izmir,10
Iligan City,10
BR,10
RO,10
Venice,10
Johannesburg,10
St.-Petersburg,10
space,10
Nicaragua,10
Šiauliai,10
Bali,10
Klaipeda,10
Tokyo Japan,10
Santos,10
united kingdom,10
Bialystok,10
Kaluga,10
philippine,10
Twilight Town,10
Somewhere on Earth,10
over there,10
Britannia,10
Califonia,10
Belgorod,10
boston,10
lisbon,10
ME,10
São Paulo - Brasil,10
Thessaloniki,10
Украина,10
Karakura Town,10
wa,10
Co,10
Płock,10
Gent,10
nj,10
127.0.0.1,10
Bielsko-Biała,10
U.K.,10
Noord-Brabant,10
Biała Podlaska,10
Paraíba,10
Caribbean,10
Milwaukee,9
Saturn,9
MT,9
Sintra,9
phil,9
Malaysia.,9
~,9
Bryansk,9
Slovensko,9
RN,9
Espoo,9
Kolkata,9
日本,9
Bogotá,9
BiH,9
Monterrey,9
Side 3,9
Jelenia Góra,9
South Wales,9
asia,9
europe,9
A Coruña,9
Brighton,9
Lincolnshire,9
South Yorkshire,9
Sachsen,9
Bordeaux,9
Lost,9
Mato Grosso,9
Spain.,9
Phil.,9
Semarang,9
cairo,9
mass,9
La La Land,9
Leiria,9
Sin City,9
Tczew,9
Tehran,9
Reading,9
Jigoku,9
Legnica,9
Italy.,9
Edo,9
Saudi arabia,9
Here.,9
Cluj,9
Ruda Śląska,9
Lubin,9
Tijuana,9
Den Haag,9
Rio de janeiro,9
Anywhere,9
Manaus,9
pampanga,9
Tampere,9
Ukrain,9
Salvador,9
Baltimore,9
FL 32435,9
Doha,9
Petrozavodsk,9
Business Development Centre 4915 Bathurst St. Suit,9
SP - Brasil,9
Alexandria,9
Tangerang,9
Pitesti,9
Haifa,9
korea,9
jordan,9
Piła,9
Texas.,9
Akihabara,9
Pará,9
JAPAN,9
California.,9
Pluto,9
The World That Never Was,9
lithuania,9
Mielec,9
Gold Coast,9
?,9
Nagoya,9
selangor,9
Netherlands.,9
FLORIDA,8
Bolivia,8
nsw,8
Argentina.,8
Latvija,8
Pleven,8
Slovenija,8
Suisse,8
Worcester,8
Zürich,8
Tashkent,8
Zuid-Holland,8
Ny,8
Miskolc,8
België,8
Lower Saxony,8
Nibelheim,8
Illionis,8
peru,8
United Kingdom.,8
B.C,8
Grenoble,8
Newyork,8
Kenya,8
Mexico city,8
Azerbaijan,8
spain,8
Murcia,8
massachusetts,8
Piauí,8
Zanarkand,8
Burgas,8
Catalonia,8
ポーランド,8
Baghdad,8
Cleveland,8
Kołobrzeg,8
Nowy Sącz,8
ND,8
Luxemburg,8
Zawiercie,8
Hannover,8
Belfast,8
mi,8
Siedlce,8
iran,8
UA,8
Nairobi,8
Myanmar,8
Jurmala,8
Republica Dominicana,8
São Paulo - SP,8
Kota Kinabalu,8
Sp,8
France.,8
amsterdam,8
Aalborg,8
Kirov,8
Österreich,8
czech republic,8
SPB,8
Catania,8
Orenburg,8
PE,8
k.s.a,8
Namimori,8
Cincinnati,8
GB,8
Flordia,8
Pomorskie,8
manila philippines,8
Chełm,8
Hanoi,8
far away,8
uae,8
bc,8
Staffordshire,8
idaho,8
Earth.,8
MX,8
---,8
Odense,8
Usa,8
Konin,8
California USA,8
Vladimir,8
Shanghai,8
Ashdod,8
Cluj-Napoca,8
tn,8
Leicester,8
new zealand,8
estonia,8
Philppines,8
Tampa,8
Sverige,8
Phoenix Arizona,8
BA,8
Lala Land,8
Rio De Janeiro,8
ph,8
Middlesbrough,8
Florida.,8
The Void,8
Location,8
East Java,8
MY,8
bulgaria,8
Orange County,8
IL.,8
Almere,8
La,8
MB,8
cebu city,8
Łomża,8
Abyss,8
Oz,8
Christchurch,7
St Petersburg,7
USA.,7
il,7
AU,7
Central Florida,7
Drammen,7
quebec,7
Nigeria,7
Fairyland,7
in my room,7
World,7
Barbados,7
maine,7
Guatemala City,7
Terra,7
Al,7
In your mind,7
Espirito Santo,7
Morroco,7
Mallorca,7
Sevastopol,7
Tejas,7
BC Canada,7
Ploiesti,7
johor,7
Napoli,7
Hertfordshire,7
Setúbal,7
konoha,7
VietNam,7
Västerås,7
On Earth,7
lala land,7
Stavropol,7
Brisbane Australia,7
Venezuela.,7
Shinigami Realm,7
Buffalo NY,7
Davao City,7
Bosnia,7
Dresden,7
Schweiz,7
Suwałki,7
Dnepropetrovsk,7
CZ,7
Leeuwarden,7
Lugansk,7
sao paulo,7
ankara,7
Málaga,7
Underworld,7
Cyberspace,7
Челябинск,7
Albuquerque,7
AK,7
Aincrad,7
Lund,7
over the rainbow,7
Sharjah,7
españa,7
Cagliari,7
Galway,7
Around,7
Q8,7
HELL,7
Aruba,7
Oradea,7
Melbourne Australia,7
Aachen,7
Europa,7
Mi,7
kaunas,7
Ostrów Wielkopolski,7
Never Never Land,7
Zelenograd,7
Okinawa,7
Toronto Canada,7
Banten,7
Normandie,7
newcastle,7
:),7
Outer Heaven,7
kenya,7
Calfornia,7
東京,7
Enschede,7
Eastern USA,7
qatar,7
Nuevo León,7
miami,7
Alsace,7
Milton Keynes,7
Strasbourg,7
Tn,7
Nice,7
no where,7
Albania,7
Yogyakarta,7
Over the Rainbow,7
NN,7
Nis,7
Here and there,7
Noord-Holland,7
Toronto Ontario,7
Pacific Northwest,7
bulacan,7
buenos aires,7
Dream Land,7
Antartica,7
Russia Moscow,7
West Midlands,7
Colorado Springs,7
a place,7
Venus,7
Azores,7
Уфа,7
Louisville,7
Chennai,7
Phil,7
Oklahoma City,7
panama,7
Tambov,7
Zaragoza,7
warsaw,7
Veneto,7
Chicago Illinois,7
BRAZIL,7
Botosani,7
Cebu City,7
New jersey,7
Santa Clara,7
Ljubljana,7
BRASIL,7
soul society,7
bangladesh,7
Głogów,7
AUS,7
Paraguay,7
Yemen,7
Oceanside,7
Haarlem,7
Medan,7
davao city,7
Vancouver Canada,7
quezon city,7
Nijmegen,7
my room,7
anywhere,7
Polska.,7
Uzbekistan,7
Japão,7
here and there,6
Devon,6
Espírito Santo,6
Rumia,6
mumbai,6
Nepal,6
Cheshire,6
Köln,6
Simferopol,6
Conneticut,6
Arkhangelsk,6
Alagoas,6
Midgar,6
madrid,6
Jyväskylä,6
Guadalajara,6
Stalowa Wola,6
Anime world,6
Cross Academy,6
Beograd,6
Umeå,6
iowa,6
OKC,6
Minneapolis,6
Togliatti,6
Seattle WA,6
College,6
Mexico DF,6
Wielkopolskie,6
vietnam,6
Seville,6
Florianópolis,6
south korea,6
Canada!,6
Nicosia,6
Warsaw Poland,6
pakistan,6
Örebro,6
Zoetermeer,6
Riverside,6
none,6
Uranus,6
in a box,6
Campania,6
manitoba,6
Fiore,6
Porto - Portugal,6
Ph,6
Zulia,6
Dammam,6
Friesland,6
Eientei,6
Transylvania,6
North Wales,6
Somewhere in Poland,6
Polska (Poland),6
Avalon,6
New York State,6
montreal,6
Belguim,6
cebu,6
Far Away,6
Buffalo,6
Iasi,6
Goias,6
Classified,6
San Salvador,6
Cybertron,6
isreal,6
mongolia,6
Szombathely,6
Scandinavia,6
The Netherlands.,6
León,6
Pskov,6
Ostrava,6
In my own little world,6
Zeeland,6
Gotham City,6
ukraine,6
Małopolska,6
Praha,6
Atlanta Georgia,6
In my own world,6
Rochester NY,6
Indianapolis,6
Raccoon City,6
Zamość,6
Mordor,6
Brasov,6
Naples,6
bangkok,6
Sicily,6
Poland ^^,6
hungary,6
Czech,6
Fresno,6
califonia,6
Konohagakure,6
ms,6
Derby,6
Győr,6
L.A,6
Kazahstan,6
Right behind you,6
Austin Texas,6
Saarland,6
rio de janeiro,6
Townsville,6
Atlantis,6
Georiga,6
North carolina,6
Eskişehir,6
Breda,6
Toulouse,6
Guarulhos,6
S&atilde;o Paulo,6
Bełchatów,6
Wejherowo,6
phillippines,6
Channel Islands,6
penang,6
new york city,6
Chihuahua,6
Upstate NY,6
A place,6
Toscana,6
Skierniewice,6
world,6
Faro,6
NB,6
essex,6
zamboanga city,6
Kursk,6
Hamilton,6
Romania.,6
Siauliai,6
Crimea,6
Gaia,6
Saitama,6
Lincoln,6
surrey,6
Pennsylvannia,6
Transilvania,6
Pretoria,6
PEI,6
Brittania,6
Bucharest/Romania,6
Neptune,6
Oh,6
dreamland,6
Hawai'i,6
San Antonio,6
JP,6
România,6
Somewhere Over The Rainbow,6
croatia,6
The Abyss,6
INDONESIA,6
the internet,6
aus,6
Moscow Russia,6
München,6
Tokyo-3,6
Central Java,6
Ghent,6
in front of the computer,6
......,6
Bekasi,6
地獄,6
Nowhere.,6
amman,6
Düsseldorf,6
DK,6
Casablanca,6
Sinaloa,6
jamaica,6
South England,6
Sao paulo,6
Dorset,6
None of your business,6
Somewhere in this world,5
Bielsk Podlaski,5
Gävle,5
Olkusz,5
Tenessee,5
Bataan,5
Bretagne,5
Rzeszow,5
Kingdom Hearts,5
Genova,5
Toledo,5
Norrköping,5
Saudi Arabia - Jeddah,5
Adana,5
West Indies,5
NSW Australia,5
Setubal,5
St.Peterburg,5
Kelantan,5
Your Closet,5
Bermuda,5
Irvine,5
MSK,5
kent,5
Kalmar,5
city,5
Leiden,5
Yakutsk,5
sp,5
mexico city,5
Surgut,5
East Blue,5
Parts Unknown,5
macedonia,5
New York.,5
Digital World,5
Durban,5
Pilipinas,5
BW,5
msk,5
santiago,5
Phlippines,5
In your head,5
new mexico,5
On,5
victoria,5
Russia. Moscow,5
Alkmaar,5
Central Illinois,5
East London,5
Rio,5
Seireitei,5
iraq,5
My Imagination,5
Perth Australia,5
VIC,5
Bronx,5
Syberia,5
Reality,5
My Own World,5
Cherepovets,5
San Bernardino,5
argentina,5
España.,5
Tallahassee,5
Davao,5
In front of a computer,5
Panevezys,5
Firenze,5
Krivoy Rog,5
Oporto,5
neverland,5
bogor,5
Zgorzelec,5
Aichi,5
spb,5
Szczecinek,5
MEXICO,5
Alberta Canada,5
NiNo,5
Hellas,5
Crystal Tokyo,5
New Delhi,5
Flensburg,5
Wolverhampton,5
Tenerife,5
Jerusalem,5
Austin,5
Srbija,5
Mikołów,5
Mazowieckie,5
malta,5
SINGAPORE,5
Cambridge,5
philiphines,5
North,5
Caloocan City,5
Nordrhein-Westfalen,5
Saint Louis,5
Athens Greece,5
House,5
Mo,5
@home,5
in my own world,5
In my room,5
lithgow,5
México City,5
Upstate New York,5
Veracruz,5
Swiss,5
not telling,5
Shibuya,5
Telford,5
oslo,5
Guanajuato,5
ACT,5
Sinnoh,5
Somewhere in Europe,5
Johor,5
Somewhere over the Rainbow,5
R'lyeh,5
lebanon,5
Armenia,5
Bs As,5
Akershus,5
Austraila,5
Cayman Islands,5
The Grand Line,5
Aurora,5
Turku,5
Sorocaba,5
chihuahua,5
Karlsruhe,5
Under the bed,5
Tatabánya,5
thailand,5
Santa Fe,5
SF,5
depok,5
Lancaster,5
Southern Hemisphere,5
Indy,5
SP.,5
al,5
Scotland.,5
VT,5
batangas,5
Żywiec,5
tangerang,5
In my head,5
Kherson,5
Krk,5
Żyrardów,5
Kyrgyzstan,5
Md,5
Skövde,5
Palermo,5
Capital,5
Male',5
there,5
Hidden Leaf Village,5
Nancy,5
Los Angeles California,5
Czestochowa,5
az,5
Quintana Roo,5
Makkah,5
ontario canada,5
Somewhere in California,5
Milky Way Galaxy,5
Places,5
Xanadu,5
Gauteng,5
Kutno,5
Sute H.Carlsb,5
u.s,5
Cambodia,5
The Earth,5
Isekai,5
Norfolk,5
Tennesse,5
Vitebsk,5
The internet,5
Mississauga,5
Ivalice,5
Leuven,5
Severodvinsk,5
Marikina,5
Halmstad,5
Świdnica,5
vancouver,5
Peshawar,5
Arnhem,5
Granada,5
Красноярск,5
Gouda,5
South East Asia,5
sarawak,5
Russian Empire,5
D.F.,5
rizal,5
Blackpool,5
tokyo japan,5
1.048596,5
Bikini Bottom,5
Jawa Timur,5
Tegucigalpa,5
Hull,5
bucharest,5
San José,5
Lombardia,5
Rossia,5
Malacca,5
At home,5
Sampa,5
Essen,5
bed,5
RUSSIA,5
ru,5
Derbyshire,5
Las Noches,5
SIngapore,5
Prince Edward Island,5
internet,5
Florence,5
Bradford,5
N.Y.,5
Spokane Washington,5
BKK,5
dublin,5
puerto rico,5
Bern,5
Seinäjoki,5
Tokio,5
European Union,5
Northern Europe,5
Gniezno,5
Lousiana,5
in front of a computer,5
san diego,5
German,5
Rennes,5
LT,5
Reno,5
Radomsko,5
Wonderland~,5
Maracaibo,5
anime world,5
Chair,5
Astrakhan,5
Corse,5
right here,5
Mariupol,5
Durham,5
WY,5
tennesse,5
Novi Sad,5
Jupiter,5
md,5
Barreiro,5
India.,5
^^,5
Darwin,5
Trinidad & Tobago,5
The Bahamas,5
GER,5
My Mind,5
malang,5
Africa,5
Pearl of the Orient,5
belguim,5
Sardegna,5
Bed,5
Califronia,5
la la land,5
Nunya,5
Córdoba,5
Eorzea,4
Asgard,4
Chicagoland,4
Winnipeg Manitoba,4
Fresno California,4
ask me,4
wroclaw,4
kota kinabalu,4
CALI,4
????,4
adelaide,4
Panama City,4
basement,4
Érd,4
nv,4
Santa Clarita,4
Guernsey,4
Geneva,4
Slask,4
United State,4
Paraná - Brasil,4
trinidad and tobago,4
Qatif,4
My computer,4
Middle Earth,4
ct,4
in your mind,4
Jacksonville,4
Syracuse,4
Taguig,4
Việt Nam,4
Nizhny Novgorod,4
Fire Country,4
Nothingness,4
dakar,4
Laguna Philippines,4
Gran Canaria,4
NW Indiana,4
Zadar,4
Stafford,4
Utopia,4
Over there.,4
surabaya,4
Utena,4
Lukedonia,4
middle of nowhere,4
UCLA,4
CLASSIFIED,4
Eastern Europe,4
somewhere out there,4
Karlskrona,4
deutschland,4
Eastern Finland,4
Den Helder,4
växjö,4
Balamb Garden,4
Roumania,4
fresno,4
City,4
Άκυmα Vίιιαgε 悪魔の村,4
:D,4
Yucatan,4
Torino,4
Olinda,4
Arad,4
Queens,4
somewhere.,4
Santo André - SP,4
Los Angeles CA,4
polska,4
Denmark.,4
Mass.,4
houston,4
Asturias,4
Johto,4
Erfurt,4
Northamptonshire,4
Spb,4
Sofia/Bulgaria,4
Internets,4
Lagos,4
Algarve,4
dallas,4
valencia,4
Queensland Australia,4
CDO,4
Bogor,4
S,4
Śląskie,4
Candy Land,4
Краснодар,4
U.A.E.,4
liverpool,4
Holy Empire of Britannia,4
Here and There,4
Ok,4
Rochester New York,4
Mindanao,4
Msk,4
Plock,4
Behind you...,4
Jönköping,4
Valdivia,4
Orleans,4
Right Behind You,4
Turin,4
Spira,4
Baku,4
Apeldoorn,4
québec,4
Sachsen-Anhalt,4
Yokohama,4
N.C.,4
AnimeLand,4
Beach,4
Baguio,4
Cadiz,4
Arkham Asylum,4
N.Y,4
オーストラリア,4
Gomel,4
Bruxelles,4
Salt Lake City,4
Bronx New York,4
WA.,4
B.C. Canada,4
Киев,4
las vegas,4
Gallifrey,4
My Computer,4
Noreg,4
kansas city,4
Ile-de-France,4
/,4
S'pore,4
Curitiba - Paraná,4
NORWAY,4
Laval,4
Bolesławiec,4
Воронеж,4
Brest,4
Екатеринбург,4
Islamabad,4
Washinton,4
Denizli,4
Denver Colorado,4
Everywhere.,4
Portugal.,4
Vologda,4
Scarlet Devil Mansion,4
anaheim,4
NorthCarolina,4
Ipswich,4
Hiroshima,4
limburg,4
Who knows?,4
San Francisco Bay Area,4
Mersin,4
everywhere and nowhere,4
Piter,4
The Twilight Zone,4
brisbane,4
In a Box,4
Amadora,4
British Columbia Canada,4
vienna,4
Carolina,4
Lipetsk,4
:P,4
Zurich,4
Oxnard,4
Vaasa,4
Michigan.,4
IT,4
Lelystad,4
Seixal,4
sofia,4
PORTUGAL,4
Hobart,4
ITALY,4
North East England,4
305,4
Osijek,4
Straya,4
Kedah,4
Online,4
bristol,4
ATX,4
City 17,4
Shin Makoku,4
PHL,4
Shizuoka,4
West Michigan,4
São Paulo-SP,4
Somerset,4
Obninsk,4
Outside your window,4
America.,4
Tomaszów Mazowiecki,4
OC,4
Central Coast of California,4
Espinho,4
Under a rock,4
??,4
South Jersey,4
indonesian,4
Over there,4
Leyte,4
Mexicali,4
Grudziądz,4
City of Angels,4
Guayaquil,4
utrecht,4
Poland - Bydgoszcz,4
The Anime World,4
Borås,4
ok,4
Wi,4
Pontevedra,4
los angeles california,4
Campinas,4
Moscow region,4
San Diego California,4
Zachodniopomorskie,4
Velvet Room,4
Cracov,4
Wiltshire,4
Pangasinan,4
antwerp,4
Earth!,4
Somewhere over the rainbow~,4
The Milky Way,4
Anime Heaven,4
Vila Real,4
Gubin,4
LDN,4
Oakland,4
Vancouver BC,4
?????,4
Gunma,4
North Pole,4
planet earth,4
Joensuu,4
Sumy,4
ENGLAND,4
tel-aviv,4
In a box,4
Сыктывкар,4
Stara Zagora,4
Tel-Aviv,4
Mendoza,4
Sudan,4
at my computer,4
west java,4
Columbus,4
ky,4
britain,4
Graz,4
Kerala,4
in the clouds,4
NeverLand,4
Vilnius.,4
Traverse Town,4
Russland,4
Japan Tokyo,4
St-Petersburg,4
Vestfold,4
Stoke-On-Trent,4
Smolensk,4
Jastrzębie-Zdrój,4
Barranquilla,4
Teyvat,4
Hinamizawa.,4
Somewhere in the world,4
KZ,4
Acre,4
Klaipėda,4
Drenthe,4
ATL,4
Hunedoara,4
Lima - Perú,4
Ks,4
Elbląg,4
Fairy Tail,4
Netherworld,4
cyprus,4
bahrain,4
Zawoja,4
perth,4
Samarinda,4
Southampton,4
Portland Oregon,4
Lalaland,4
heaven,4
Basement,4
nepal,4
Warwickshire,4
Somewhere over the rainbow.,4
Emerald City,4
US of A,4
Russia Federation,4
west virginia,4
Al Ain,4
Tver,4
Overijssel,4
South East England,4
Puerto rico,4
Singapore!,4
Lugoj,4
under a rock,4
--,4
GO,4
Palembang,4
At Home,4
Ibiza,4
Taipei,4
cologne,4
SC - Brasil,4
Uk.,4
Ostrołęka,4
Ulyanovsk,4
Muntinlupa,4
Michigan USA,4
Buford,4
Харьков,4
new britian,4
new York,4
Atlanta GA,4
Pahang,4
Germany NRW,4
birmingham,4
Çanakkale,4
msc,4
'Murica,4
My own little world,4
PT,4
RIGHT BEHIND YOU,4
Chester,4
Pa.,4
Trzebinia,4
Rosario,4
FLorida,4
Narva,4
Huelva,4
moon,4
Bonn,4
kolkata,4
Midgard,4
Zimbabwe,4
Wołomin,4
Augsburg,4
Treviso,4
austria,4
Sylvarant,4
Metz,4
Sicilia,4
Caen,4
Atlantic Canada,4
RJ - Brazil,4
Pearl of the Orient Seas,4
Иркутск,4
Pszczyna,4
Choszczno,4
Thüringen,4
Portimão,4
England!,4
Amerika,4
Mexico.,4
CE,4
Košice,4
Mysłowice,4
Gotham,4
Onatrio,4
West Coast,4
Eesti,4
Swizerland,4
Almada,4
Canda,4
Middle of nowhere,4
Wadowice,4
ottawa,4
Purmerend,4
Władysławowo,4
Computer,4
in the middle of nowhere,4
/dev/null,4
delaware,4
Amman,4
Somewhere in Asia,4
osaka,4
Odintsovo,4
Питер,4
Chicago IL,4
bahamas,4
Pasig,4
In your head.,4
Phnom Penh,4
lisboa,4
Guess,4
Nottinghamshire,4
Tarnow,4
Basingstoke,4
CA.,4
Telemark,4
Yishun,4
Nowy Targ,4
Coahuila,4
leeds,4
Somewhere Over the Rainbow,4
Paris (France),4
algeria,4
Crescent City,4
Galati,4
La Plata,4
maroc,4
wonderland~,4
AnimeWorld,4
in front of my computer,4
somewhere...,4
In your closet.,4
България,4
Singapore.,4
Rabat,4
NI,3
TOKYO,3
夢の国,3
plymouth,3
Phils,3
Illinois United States,3
CA 92504,3
Ontario - Canada,3
Santo André,3
san antonio,3
nuevo leon,3
Zielona Gora,3
the world,3
santo domingo,3
iligan city,3
x,3
EARTH,3
............,3
3850 Zimmerman Lane,3
Anime Land,3
P.R.,3
Central Coast,3
Karelia,3
Halland,3
saudi,3
Quezon,3
Dabrowa Gornicza,3
Behind you~,3
pasig city,3
Santander,3
Aquitaine,3
Tokyo.,3
Sławno,3
davao,3
Maastricht,3
Angeles City,3
Celje,3
Charleston,3
Nowa Sól,3
The Shire,3
wouldn't you like to know?,3
Angola,3
Newark,3
NS,3
DXB,3
High Wycombe,3
auckland,3
Tiraspol,3
eh?,3
trinidad,3
Kocaeli,3
Hyderabad,3
Canada :3,3
Rhode island,3
Police,3
Houston Texas,3
cario,3
Cancun,3
*******,3
quebec canada,3
Sochi,3
Jutland,3
Sol System,3
幻想郷,3
719,3
Koenigsberg,3
Santa Barbara,3
Fantasy Land,3
a,3
Montijo,3
Imagination,3
Side 7,3
Jasło,3
Delft,3
southampton,3
Ouran Academy,3
minsk,3
cork,3
Będzin,3
Campbell,3
Makati City,3
Somewhere in Time,3
Dreams,3
Vinnitsa,3
Philiphines,3
USSR,3
Naga City,3
Richmond,3
mars,3
morocco,3
Madeira,3
Raleigh,3
Nova Scotia Canada,3
Santee,3
Israel.,3
Pune,3
In the sky,3
In your heart,3
SomeWhere,3
Beirut,3
Eire,3
some where,3
South America,3
Eh?,3
Bari,3
Mannheim,3
Saudia Arabia,3
In my house,3
syria,3
Vratza,3
Malbork,3
Mid-Childa,3
Bochum,3
Another World,3
Thousand Sunny,3
long island,3
Boston MA,3
世界,3
USA New York,3
Curitiba - PR,3
Hesperia,3
Marikina City,3
Not Here,3
Liège,3
under the sky,3
Moselle,3
Desert,3
mn,3
London Ontario,3
Tennesee,3
Crete,3
Somewhere in Texas,3
delhi,3
califorina,3
Ru,3
Santa Maria,3
Walbrzych,3
sudan,3
Madinah,3
Padova,3
Chesterfield,3
Poland~,3
my mind,3
Charlotte NC,3
Wired,3
jalisco,3
S-Pb,3
uranus,3
Santa Cruz,3
DTC,3
Antofagasta,3
pomona,3
Нижний Новгород,3
taipei,3
Australia Sydney,3
Pasig City,3
Harlem,3
candy mountain,3
melbourne australia,3
Somewhere in the US,3
Brittany,3
Sweden~,3
Central,3
Sinagpore,3
Nyíregyháza,3
Santa Catarina - Brazil,3
L.A.,3
Dark Order,3
Żory,3
Far away,3
Rostov,3
somewhere....,3
Aarhus,3
Faroe Islands,3
Jaburo,3
Österreich (Austria),3
A House,3
Paris - France,3
Calarasi,3
Richmond VA,3
Maharashtra,3
Riau,3
TR,3
Dark side of the moon,3
York,3
Saudi Arabia ~ Riyadh,3
Ohayo,3
Center of the Universe,3
Chrzanów,3
Bournemouth,3
lawrence,3
Depok,3
far far away,3
Black Order,3
Nonya,3
6 Feet Under,3
Rotherham,3
somewhere in Germany,3
BB,3
Antigua,3
Gliwice Poland,3
Asunción,3
Kenwood,3
Land of Ooo,3
FL USA,3
Massachussets,3
tripoli,3
WonderLand,3
Rizal Philippines,3
la,3
In my room.,3
Castelo Branco,3
Rousse,3
Everywhere and Nowhere,3
Osnabrück,3
Middle-earth,3
Central PA,3
Velikiy Novgorod,3
Kraków Poland,3
Cordoba,3
Yggdrasil,3
Muscat,3
Central Oregon,3
DFW,3
Hidden,3
Albany,3
The City,3
Cagayan de Oro,3
West,3
Pozarevac,3
Atl,3
My bedroom,3
Somewhere out there,3
northcarolina,3
Outland,3
atlanta,3
Orzesze,3
Detroit Michigan,3
Namek,3
Tijuana Baja California,3
Norwich,3
Wherever,3
Maringá,3
Puebla,3
Sisak,3
Ovar,3
Akatsuki,3
Rio grande do sul,3
ON Canada,3
TX 77002,3
Омск,3
Bashkortostan,3
dominican republic,3
Philadelphia PA,3
The North,3
Jelgava,3
Luna,3
Saskatoon,3
Caxias do Sul,3
pernambuco,3
Череповец,3
Washington state,3
your closet,3
Charlotte,3
Salerno,3
Right behind you...,3
Suceava,3
Cumbria,3
Eskilstuna,3
Sibiu,3
uruguay,3
Togliatty,3
Warsaw/Poland,3
Kassel,3
Destiny Islands,3
Oren,3
S.C,3
Tuzla,3
Where The Wild Things Are,3
WNY,3
Yerevan,3
North California,3
SWEDEN,3
Soviet Union,3
Pécs,3
Waterloo,3
caloocan,3
bogota,3
Cali.,3
Brasil - Rio de Janeiro,3
Flo Rida,3
Rondônia,3
Somewhere in France,3
Gloucester,3
Świętokrzyskie,3
The United States of America,3
lost,3
Ponta Delgada,3
Ask,3
Henderson,3
Gryfice,3
Pabianice,3
internets,3
SWE,3
Somewhere in Canada,3
Canadaland,3
LalaLand,3
South Shields,3
tehran,3
Porto Alegre - RS,3
North West England,3
Sky Island,3
:/,3
Cheboksary,3
athens greece,3
Gallia,3
Lurking,3
stalker,3
Белгород,3
my own world,3
Cat City,3
Tarnobrzeg,3
Rio Grande Do Sul,3
Sant-Petersburg,3
lima,3
my computer,3
マレーシア,3
Nowy Sacz,3
¯\_(ツ)_/¯,3
Down Under,3
Świętochłowice,3
Orel,3
makkah,3
ロシア,3
Ulaanbaatar,3
Komi,3
hidden,3
Elblag,3
bronx,3
California~,3
ask,3
any where,3
LV,3
Székesfehérvár,3
Sittard,3
libya,3
Olongapo,3
Santiago de Compostela,3
RJ - Brasil,3
Secret~,3
Halloween Town,3
Neverland.,3
Seychelles,3
kraków,3
Miami FL,3
Tulcea,3
Torun,3
France~,3
Girona,3
Paldiski,3
Tarragona,3
Tahiti,3
....,3
Hermosillo,3
Virtual World,3
Texas - USA,3
Under your bed...,3
Sereitei,3
VRN,3
Home~,3
Ustka,3
Rio de Janeiro - RJ - Brasil,3
Koblenz,3
TARDIS,3
Nizhnevartovsk,3
Long Beach,3
PDX,3
Shah Alam,3
Penza,3
underground,3
Duwang City,3
northampton,3
Alabama USA,3
Valenzuela City,3
:3,3
Preston,3
nottingham,3
Bilbao,3
Lx,3
dallas tx,3
classified,3
Antioquia,3
Inaba,3
Nirvana,3
south africa,3
The Universe,3
Flroida,3
at home,3
Andalucia,3
Nowhereland,3
Buckinghamshire,3
barcelona,3
Zamboanga City,3
seoul,3
Arima,3
Vigo,3
Turkey İzmir,3
404,3
Far Away.,3
Ne,3
Guipuzcoa,3
Linköping,3
Gorzów Wielkopolski,3
Home.,3
nowhere and everywhere,3
Baguio City,3
Żagań,3
ARIZONA,3
Ankara/Turkey,3
CA. USA,3
Cloud Nine,3
cavite city,3
Kurgan,3
The South,3
Lillestrøm,3
Nagykanizsa,3
Estado de México,3
Deep Space,3
Mérida,3
Sweden!,3
almere,3
Manchester England,3
Hollow Bastion,3
Abidjan,3
Your imagination,3
curitiba,3
P(r)oland,3
Yakutia,3
Pennsylvainia,3
Taguig City,3
USVI,3
Piaseczno,3
Bartoszyce,3
pangasinan,3
Ont,3
Bogatynia,3
nunya,3
Puławy,3
maldives,3
Brentwood,3
Valladolid,3
Puglia,3
Cheras,3
hinamizawa,3
MD.,3
Over the rainbow,3
Hungary-Budapest,3
Dordrecht,3
İzmir/Turkey,3
abu dhabi,3
Tokyo. Japan,3
flordia,3
in my house,3
Worcestershire,3
K S A,3
perak,3
Lithuania.,3
Skien,3
Aussie,3
Messina,3
РФ,3
Brazil - São Paulo,3
here!,3
Tulsa,3
Ramat Gan,3
Oss,3
P.A.,3
Omaha Nebraska,3
Anime,3
Dublin Ireland,3
Hollywood,3
Georgia.,3
vermont,3
Nikolaev,3
Poland Łódź,3
BE,3
Grandline,3
Dundee,3
Fl.,3
Rio de Janeiro - RJ,3
Somewhere over the rainbow...,3
Above,3
someplace,3
new york state,3
Nifelheim,3
somewhere on the Macross,3
Lyon - France,3
Curacao,3
Candy Mountain,3
Karaganda,3
The Darkness,3
Greed Island,3
oh,3
Colchester,3
Senegal,3
Haskovo,3
My mind,3
hk,3
Halifax,3
Goleniów,3
caracas,3
Colombo,3
senegal,3
Other World,3
Cork,3
Hatsunejima,3
uppsala,3
Lorraine,3
Sankt-Peterburg,3
Krasnoarmeysk,3
Lausanne,3
Aydın,3
Ulan-Ude,3
Dimitrovgrad,3
Right here,3
Default-city,3
Brabant,3
C.A.,3
portland,3
STL,3
Who knows,3
ノルウェー,3
SLC,3
santiago de chile,3
Rawicz,3
Balikpapan,3
south dakota,3
Reunion Island,3
Norway.,3
Land Without Light,3
Thai,3
Flanders,3
AUSTRALIA,3
In your nightmares,3
haifa,3
nz,3
Deventer,3
Suriname,3
Nippon,3
Amersfoort,3
Tokyo!,3
Świecie,3
Germany.,3
Tenneessee,3
Świebodzice,3
Melton Mowbray,3
Oxford,3
No Where,3
Guarulhos - SP,3
IRAQ,3
Bedroom,3
New Jeresy,3
Underground,3
Damascus,3
Hordaland,3
Reda,3
Rivendell,3
Wouldn't you like to know?,3
Iowa.,3
Oregon USA,3
Tucson,3
Somewhere in the Philippines,3
your mom,3
In my mind,3
df,3
Gensoukyou,3
Sunderland,3
Fort Worth,3
Almelo,3
idk,3
Magdeburg,3
States,3
St. Peterburg,3
Szerbia,3
Bronx NY,3
FINLAND,3
Pensylvania,3
Monaco,3
The New World,3
Misery,3
Behind You!,3
groningen,3
California!,3
Belgium.,3
Grimsby,3
Void,3
the middle of nowhere,3
Östersund,3
timisoara,3
Phils.,3
caloocan city,3
Dolnyslask,3
405,3
Idol Hell,3
Raftel,3
Goiânia,3
Esfahan,3
Elsewhere,3
Neveda,3
Gorlovka,3
West Sussex,3
Here!,3
SPAIN,3
In Your Heart,3
Czechia,3
The Digital World,3
Evry,3
Yes,3
South-East England,3
Milkyway,3
Ontario. Canada,3
Sky,3
Saigon,3
moreno valley,3
Craiova,3
Canarias,3
Самара,3
Rastatt,3
School,3
charlotte,3
Afterlife,3
Dneprodzerzhinsk,3
Not here,3
Wrocław / Poland,3
somewhere far away from you,3
Sweden Stockholm,3
Minas Gerais - Brasil,3
Kobe Japan,3
house,3
Mecca,3
Sundsvall,3
Bangalore,3
England :],3
Central California,3
oxford,3
Khartoum,3
Dallas Texas,3
Hasselt,3
UFA,3
Celestia,3
Negeri Sembilan,3
Kanagawa,3
Wloclawek,3
Mioveni,3
mauritius,3
Ipoh,3
Reggio Emilia,3
North Korea,3
Chico,3
Natal,3
baltimore,3
Castle Oblivion,3
Airantou Island,3
Disneyland,3
LaLa Land,3
The Internets,3
Resembool,3
Wien,3
Prussia,3
Versailles,3
Dijon,3
Moscow/Russia,3
Saudi Arabia.,3
SOMEWHERE,3
Mainz,3
My house.,3
hong kong,3
Vác,3
Chiba,3
Cataluña,3
Ceara,3
Czech Rep.,3
Spokane WA,3
Lębork,3
Ask me,3
switzerland,3
zagreb,3
Quito,3
Amstelveen,3
Aklan,3
perth australia,3
João Pessoa,3
Småland,3
West Virgina,3
Saudi Arabia‏,3
Barrie Ontario,3
New Jersey~,3
Fredrikstad,3
Kłodzko,3
Somewhere Out There,3
ブラジル,3
granada,3
Fremont,3
Braila,3
Madagascar,3
london england,3
New Jersey.,3
Alchevsk,3
Christchurch New Zealand,3
Somewhere near you,3
Franca,3
Rus,3
-----,3
Varese,3
Kiev Ukraine,3
Your Basement,3
calcutta,3
Spijkenisse,3
Rheinland-Pfalz,3
ont,3
Tampa Florida,3
/a/,3
In front of my PC,3
312,3
Magnitogorsk,3
Łódzkie,3
Prievidza,3
Washington.,3
Hi,3
Taganrog,3
Nowheresville,3
Korolev,3
Modena,3
Room,3
PolanD,3
Visaginas,3
Piemonte,3
outer space,3
171,3
Karachi,3
77,3
The Philippines,3
Poland/UK,3
NEW YORK,3
Kretinga,3
toulouse,3
Łuków,3
East Sussex,3
Podkarpacie,3
Cantabria,3
NO,3
カナダ,3
Kuopio,3
giza,3
CANADA.,3
zamboanga,3
Jonava,3
Edmonton Alberta,3
NCR,3
✖┌∩┐(●'.'●)┌∩┐✖,3
The World that Never Was,3
Forgotten Realms,3
in bed,3
in your bed,3
Bolton,3
Pelotas,3
the moon,3
Eygpt,3
karakura town,3
The States,3
Home Sweet Home,3
AD,3
PNW,3
Afghanistan,3
Southeast Asia,3
U,3
Varazdin,3
Kuzbass,3
Albion,3
San Diego CA,3
lol,3
Marrakech,3
Biysk,3
miami florida,3
Oldenburg,3
Kingston,3
Over here,3
http://remove.org/removal-requested,3
Hungary/Budapest,3
esfahan,3
Dubna,3
England :),3
Polish,3
Lima Peru,3
Stargard,3
The Netherlands (Holland),3
Moscow.,3
Paraná - Brazil,3
Texas USA,3
Holon,3
Nord,3
Turkey / İzmir,3
Witney,3
Novokuznetsk,3
Kelowna,3
Somewhere in Maryland,3
DKI Jakarta,3
.....,3
Japao,3
Sunshine Coast,3
Bauru,3
Solar System,3
South-Africa,3
アメリカ,3
Lubuskie,3
Louisville Kentucky,3
in my dreams,3
Piekary Śląskie,3
Your closet,3
Starachowice,3
Moscow City,3
ES,3
Arendal,3
Hell's Gate,3
CZE,3
Shibusen,3
new orleans,3
Your basement,3
Regensburg,3
Porto Alegre - Brasil,3
Canada Ontario,3
'Merica,2
KSA-ِAlsharqiya,2
University,2
Inside,2
Beverwijk,2
Pruszków,2
Podlaskie,2
denver colorado,2
ludvika,2
CA 92618,2
Surrey B.C,2
Stkn,2
That one place,2
Little River,2
Potugal,2
Barrie,2
Suwalki,2
Northants,2
KENT,2
GA 30228,2
Saskatchewan Canada,2
Paradeisos,2
Heraklion,2
Poska,2
yurop,2
mex,2
ιи α ωє∂∂ιиg cαкє.,2
Your house,2
Sverdlovsk,2
Pisa,2
Toronto.,2
Kalimantan Timur,2
stoke-on-trent,2
krk,2
España (Spain),2
Khimki,2
u.a.e,2
yokai private academy,2
MM,2
Japan - 日本,2
hongkong,2
PTZ,2
Abha,2
Under your Bed,2
BFE,2
Dzierżoniów,2
LeMU,2
Baden-Württemberg,2
Garden Grove,2
Boredom Land,2
Skaraborg,2
not here,2
A box,2
Jal.,2
Тольятти,2
P.R,2
Calif,2
Rainbowland,2
Planeptune,2
Rancho Cucamonga,2
Royal Garden,2
233,2
Albuquerque NM,2
bataan,2
Karlshamn,2
Planet Keron,2
Česká republika,2
Karlstad,2
na,2
Lutsk,2
IN AMERICA,2
Meh,2
Heuco Mundo,2
QATAR,2
Benguet,2
Minnesnowta,2
somewhere only we know,2
Destiny Island,2
Rogaland,2
I don't know,2
the woods,2
Illnois,2
Jalisco.,2
Beijing China,2
in ur head messin with ur brain,2
at school,2
Death Valley,2
Bulgaria ^^,2
Texas :D,2
London.,2
bogota-colombia,2
Hilversum,2
Planet,2
Paradigm City,2
ドイツ,2
Lillehammer,2
Artemis,2
Svalbard,2
columbus ohio,2
PHIL.,2
千葉,2
Ajman,2
Purwokerto,2
日本、東京,2
Tol'yatti,2
Andromeda,2
Kyiv.,2
Zagan,2
kentuky,2
Pietari,2
Buenos Aires Argentina,2
-------------,2
Halle (Saale),2
Mie,2
Paris France,2
Somewhere in Iowa,2
Calgary Alberta Canada,2
سرزمین عینک آفتابی,2
Wonderland :3,2
The Hood,2
Tucson Arizona,2
インドネシア,2
Ohio :),2
Annaba,2
Nara,2
Not Telling,2
Republic of Moldova,2
Japonia xD,2
Somewhere in Brazil,2
MELBOURNE,2
Zamboanga del Sur,2
Far Far Away.,2
Nowhere in particular,2
Lakeview Hotel,2
Auldrant,2
Duisburg,2
Oberösterreich,2
PE - Brasil,2
Grahamstown - South Africa,2
norge,2
Far Far away,2
Italy),2
Mirrodin,2
Cimahi,2
Inside your mind,2
Elhovo,2
Minsk-city,2
ZA,2
United States Of America,2
Davis,2
Osasco,2
São Paulo/Brasil,2
In front of my laptop,2
Western Kentucky,2
ua,2
Keron,2
910,2
Granada - Spain,2
Kelowna BC,2
Qu&eacute;bec,2
Ekb,2
Merced,2
winnipeg,2
Greenland,2
Canterbury,2
HunGARy,2
Skopje,2
Queensland.,2
Pomerania,2
jubail,2
Łęczyca,2
Eivissa,2
Millefiore Base,2
Hotel Bella Muerte,2
Guateng,2
Newton,2
BP,2
Sabadell,2
Southern Cali,2
Somewhere in Neverland,2
Kragujevac,2
Cáceres,2
Las vegas,2
Southern Oregon,2
Thunder Bay,2
Münster,2
Ohtori Academy,2
Washington USA,2
Bombay,2
gorleston,2
Rauma,2
190,2
EUROPE,2
Texas!,2
Campo Grande,2
Pilsen,2
Somewhere out there...,2
Poland/ Warsaw,2
Arg,2
Milan - Italy,2
behind u,2
Zakopane,2
Besaid Island,2
Tx.,2
Earth Planet,2
The Dreaming,2
The Library,2
The Underworld,2
Las Palmas,2
Rushka,2
santa catarina,2
Louisana,2
South of Heaven,2
Parañaque City,2
rochester ny,2
Palanga,2
Londonderry,2
hokkaido,2
NY State,2
Zuid Holland,2
English,2
Virgo Supercluster,2
surra,2
N.Ireland,2
Clifornia,2
Isle of Man,2
Peterborough,2
małopolskie,2
Ożarów Mazowiecki,2
983,2
New-Caledonia,2
UNKNOWN,2
The Bebop,2
Second Star to the Right,2
Sydney NSW,2
Salvador - Bahia,2
Poland Poznań,2
Wodzisław Śląski,2
carabobo,2
united kindom,2
Évora,2
none of your business,2
vilnius,2
Australia/Hobart,2
Aotearoa,2
Recycle bin,2
The Land Down Under,2
houston tx,2
Raftel Island,2
Wastelands,2
Brazil - RJ,2
Hell!,2
Sopot/Poland,2
Malang,2
Pacifica,2
America :D,2
3rd Rock from the Sun,2
二次元,2
Brazil - RS,2
Bc,2
sacramento,2
Azeroth,2
Łódź/Kraków,2
cleveland ohio,2
Tomodachi Land,2
makati,2
Northern Illinois,2
Netanya,2
Airzona,2
san francisco,2
slovensko,2
1,2
Negros Occidental,2
Biskupiec,2
Germania,2
Черновцы,2
Vosges,2
Vänersborg,2
( ͡° ͜ʖ ͡°),2
Springfield,2
Woodlands,2
who cares?,2
Derp,2
la union,2
dallas texas,2
Brzesko,2
here in philippines,2
Venezia,2
Over the sea,2
Stalker.,2
San Fernando Valley,2
Fredericia,2
Vorkuta,2
DC2,2
Drachten,2
Event Horizon,2
Castricum,2
south wales,2
Slough,2
bay area,2
ipoh,2
Cluj Napoca,2
Melaka,2
Tacoma,2
Baja California Sur,2
batangas philippines,2
Innsbruck,2
PhiLippines,2
Eastcoast,2
Isshu,2
Kampala,2
wrocław,2
Silvermoon,2
Qassim,2
SEATTLE,2
Sac,2
Giżycko,2
Aussieland,2
NP,2
(:,2
Southern Cross,2
MARYLAND,2
kiev.ua,2
Plymouth,2
Manhattan,2
Somewhere I Belong,2
The Computer,2
Działdowo,2
POLAND!,2
Tours,2
In the clouds looking for stars...,2
Philippines :),2
Jiddah,2
Gorlice,2
Menzoberranzan,2
Estonia; Tallinn,2
Saxony,2
Australia :D,2
You,2
Colombia.,2
Ottawa Canada,2
Wouldn't You Like To Know,2
Clow Country,2
Somewhere?,2
Claifornia,2
Cheliabinsk,2
Los Angeles. California,2
Disney World,2
Risembool,2
Darkside,2
Electrostal,2
Macerata,2
Viersen,2
West New York,2
the sky,2
Ełk,2
Kotka,2
Orlando Florida,2
Póvoa de Varzim,2
Dreamland~,2
Eden,2
Philippies,2
Rio de Janeiro.,2
in my world,2
Benevento,2
where,2
Compton,2
Schweden,2
SH,2
Bdg,2
Novgorod the Great,2
Zeon,2
Dalarna,2
gliwice,2
--------------------------------------------------,2
Tln,2
Veliky Novgorod,2
Alta,2
Gorizia,2
531,2
Murderland,2
Wales.,2
Punta Arenas,2
Los Angleles,2
N-sk,2
I guess,2
Nowhere Land,2
Polska / Głogów,2
bitch,2
Private,2
Doetinchem,2
Jaén,2
Pl,2
Awesomeville,2
Catskill,2
Mex,2
Novgorod,2
Bahia.,2
somewhere on earth,2
Ger,2
Arctic,2
Lexington,2
Opole Poland,2
mazowieckie,2
Bakersfield,2
Verona-Italy,2
Banja Luka,2
Amegakure,2
newjersey,2
Maribor,2
Para,2
Illonois,2
Lancashire England,2
Graveyard,2
Polska / Poland,2
White Room,2
Kristianstad,2
Narrenturm,2
Dąbrowa Tarnowska,2
Portalegre,2
Virginia.,2
Ashland City,2
Leninogorsk,2
Northumberland,2
Animeworld,2
Philippines C:,2
Somewhere in SoCal,2
Heavens,2
LX,2
Your nightmares,2
Strzegom,2
wirral,2
lithuanian,2
danville,2
щ(ﾟДﾟщ),2
Philippine,2
in the sky,2
Evpatoria,2
Huddersfield,2
Ms,2
island,2
Between the Earth,2
Targoviste,2
Lost Woods,2
Japan.,2
Northern America,2
riga,2
926,2
Vallentuna,2
Pila,2
pineville,2
Peterborough.,2
your house,2
gdynia,2
Guangdong,2
KONOHA,2
NEVADA,2
Stein,2
brunei,2
Cali :),2
San Francisco California,2
Alpha Centauri,2
Fin,2
My room...,2
taguig city,2
Mother Russia,2
In the middle of nowhere,2
波蘭,2
the Universe,2
Isle of Wight,2
Yukitan,2
New York New York,2
G-Town,2
Mogilev,2
Zeist,2
bicol,2
Карелия,2
Romania Pitesti,2
Belo Horizonte - Minas Gerais,2
559,2
Petersburg,2
Sao Paulo - Brazil,2
Hong kong,2
????????,2
Burlington,2
Burgos,2
Schwarzwald,2
Dobrich,2
Mexico D.F,2
Pennyslvania,2
Shadows,2
Angers,2
Mn,2
Cam. Sur,2
Novara,2
las vegas NV,2
Braintree Essex,2
Prato,2
Archangelsk,2
Florida~,2
Salavat,2
Udine,2
Bp,2
Wirral,2
Famalicão,2
MIAMI,2
Alajuela,2
Springvale,2
Faraway Land,2
Bacolod City,2
Ｓｉｌｅｎｔ　Ｈｉｌｌ,2
Otaku Land,2
Western United States,2
vila nova de gaia,2
Skoki,2
Arland,2
St.Louis,2
bordeaux,2
Brissy,2
Dębica,2
Stargard Szczeciński,2
British columbia,2
Saipan,2
Londrina,2
Sthlm,2
Киров,2
Olecko,2
Raudondvaris,2
Princeton,2
Achinsk,2
Burgenland,2
On the internet,2
Skara,2
Żary,2
Arezzo,2
Verona,2
Poland :D,2
Meløy,2
Somewhere in the Universe,2
Uberlândia,2
Saint Petersburg Russia,2
New York city,2
Mato Grosso do Sul,2
Namibia,2
Nebraska 68164,2
Chi-town,2
Palmerston North,2
Sc,2
Polska Wrocław,2
vancouver canada,2
Poland Gdańsk,2
Limeira,2
None of your business.,2
Cambridgeshire,2
Hamar,2
Stockholm sweden,2
Chocolate City,2
Near Paris,2
大阪,2
bp,2
Dnipropetrovsk,2
hampshire,2
somewhere in Philippines,2
Texas :),2
The Land of Ooo,2
zeeland,2
Soul Society ^^,2
L'viv,2
Herefordshire,2
washington state,2
Рассказово,2
Miyagi,2
!,2
My Own Little World,2
new england,2
Tenochtitlan,2
N. Ireland,2
jackson/mi,2
por ahí,2
Finrando,2
Rudnik,2
Canada New Brunswick,2
Mora,2
ಠ_ಠ,2
Washingtion,2
Cartersville,2
Sergiev Posad,2
confidential,2
Mountains,2
265,2
Philipppines,2
Northampton,2
MEX,2
Oświęcim,2
in my own little world,2
Brzeg,2
orlando florida,2
las piñas city,2
kl,2
702,2
USA ;D,2
Estonia Tallinn,2
wien,2
Podlasie,2
São Paulo SP,2
Somewhere on planet Earth,2
budapest,2
VLC,2
Dunno,2
slovenia,2
S.Korea,2
Solitude,2
Fót,2
Ostrowiec,2
Bandar Seri Begawan,2
Emmeloord,2
JEDDAH,2
Avignon,2
Ukrane,2
RIT,2
San Jose del Cabo,2
yemen,2
alger,2
Muğla,2
Dolnośląskie,2
.......,2
Япония,2
pilipinas,2
zimbabwe,2
Polnad,2
nova scotia,2
St. Paul,2
Eilat,2
pittsburgh,2
Jubail,2
Who knows...,2
CANADA NOT AMERICA,2
Dutchland,2
On my bed,2
Panabo City,2
Tomorrow,2
Mosscow,2
Rakuen,2
Stories,2
Outer space.,2
The Stars,2
sumwhere,2
digos city,2
DXB - دبي,2
FL.,2
Classified Information,2
Västragötaland,2
Архангельск,2
bby,2
NewJersey,2
Flevoland,2
CA 90631,2
detroit,2
dundee,2
Tarnowskie Góry,2
HU,2
Goiânia - Goiás,2
Turkey/Izmir,2
UK/Poland,2
Z-City,2
somewhere in the Philippines,2
Hole,2
Santiago - Chile,2
Japan XD,2
EC,2
SKC,2
In front of a computer.,2
localhost,2
Lower Austria,2
Poznań Poland,2
So-Cal,2
Philiipines,2
Southwest Michigan,2
valhalla,2
Rheinland Pfalz,2
Liberty City,2
Elche,2
Parallel World,2
Mas,2
Claskaine Oregon,2
Japan ~,2
Yalta,2
Viña Del Mar,2
Zhukov,2
Lahore,2
Dolny Slask,2
Mobile Alabama,2
Middlesborough,2
Rouen,2
Sand Village,2
fulton ky,2
Somewhere in space.,2
cardboard box,2
In my mind.,2
hmmm,2
Cro,2
Reach,2
Anaheim Electronics,2
Portugal 8D,2
somewhere in your heart,2
Spokane,2
paraná,2
In Your Mind,2
Bolivar,2
roma,2
MNL,2
Missing,2
Pittsburgh PA,2
Crawley,2
Lyubertsy,2
Christmas Island,2
Santa Catarina - Brasil,2
Space.,2
Lewiston,2
Saransk,2
pennsyvania,2
Maldonado,2
Deuschland,2
hamburg,2
davao city philippines,2
BCN,2
Brazil - Belo Horizonte,2
Pacific NW,2
SVK,2
Новодвинск,2
https://www.accountkiller.com/removal-requested,2
Irbit,2
The US of A,2
Celephaïs,2
V&auml;ster&aring;s,2
Tromsø,2
Brasilia - DF,2
Suomi Finland Perkele,2
Vulcan,2
Lost.,2
Edmonton Alberta Canada,2
My head,2
gent,2
santiago chile,2
LALA LAND,2
Mountain View,2
wyoming,2
Haiti,2
Sofiq,2
between dark and light,2
My World,2
Northen Ireland,2
DPRK,2
Concepción,2
993,2
San Antonio TX,2
Penn,2
MISSISSIPPI,2
Logroño,2
Bhopal,2
Jogjakarta,2
Gladbeck,2
monterrey,2
Казахстан,2
South-West England,2
Salonica,2
La Habra,2
Veda,2
Pennsilvania,2
new hampshire,2
British-Columbia,2
Sâo Paulo,2
C,2
on the computer,2
Philliphines,2
Krosno,2
The Black Order,2
Oblivion,2
Tarlac,2
Bremen Germany,2
Reno Nevada,2
Hungary Budapest,2
=,2
Chattanooga,2
Tamil Nadu,2
Berezniki,2
Holanda,2
MA.,2
Halifax Nova Scotia,2
Zadupie,2
HERE,2
bekasi,2
Maui,2
malolos,2
Wakefield,2
??????????,2
Chariot,2
Sunagakure,2
ashburn VA,2
Nassau,2
Poland Rumia,2
Vlissingen,2
Тула,2
Germany Bonn,2
Php,2
361,2
Limsa Lominsa,2
places unknown,2
Inferno,2
wi,2
My Mansion,2
Rapture,2
Siracusa,2
Second Life,2
Fantasia,2
Steins;Gate,2
Terra Incognita,2
West java,2
San Miguel,2
in your head,2
Dongen,2
Rehovot,2
Nouméa,2
Ak,2
Anaheim California,2
NEWYORK,2
Sunny Singapore,2
Pleasanton,2
Houten,2
MICHIGAN,2
ZG,2
Capital Federal,2
Porto Velho,2
for now,2
Kame House,2
Århus,2
Osaka Japan,2
sta. cruz laguna,2
POland,2
Dubai UAE,2
My own world,2
CABA,2
Polar Bear Cafe,2
malaysian,2
Southern Illinois,2
porto alegre,2
Paris.,2
Germany~,2
Brighton UK,2
Sector 7 Slums,2
Tokyo.Japan,2
Rovaniemi,2
Lon Lon Ranch,2
516,2
San Juan Puerto Rico,2
Durango,2
The United Kingdom,2
No Idea,2
..,2
Poland / Łódź,2
noord brabant,2
Poland/Gliwice,2
White Base,2
Somewhere under the rainbow,2
Polkowice,2
Italy - Sicily,2
Or,2
DMV,2
3628 Market Street Philadelphia,2
Somewhere over there,2
Minas Gerais - Brazil,2
.........,2
Under a Rock,2
stoke on trent,2
Quezon City Philippines,2
chennai,2
Troms,2
NSW Sydney,2
Tripoli,2
vegas,2
Sydney - Australia,2
Pińczów,2
Kumamoto,2
Jawor,2
HOME,2
Viña del Mar,2
Manisa,2
Perpignan,2
the hague,2
Ancient Greece,2
ILLINOIS,2
on the moon,2
Nakhodka,2
Lansing,2
Hell in Philippines,2
Akron Ohio,2
Bendigo Victoria,2
unknow,2
Baikonur,2
Łodź,2
Cannes,2
St.louis Missouri,2
where am i?,2
Bulgariq,2
Falcón,2
Poznań/Śrem,2
oveR theRe..,2
Rome - Italy,2
Tyria,2
Turda,2
Default City,2
Asteroid B-612,2
whittier,2
Tokyo III,2
Hudson,2
bulacan philippines,2
Washingotn,2
the States,2
Over there *points*,2
Sunny Florida,2
Metro manila,2
Memphis,2
In a dark corner,2
mesa AZ,2
antipolo,2
Winterfell,2
tampa,2
Luna II,2
Montreal - Canada,2
birkenhead,2
guatemala,2
Szczytno,2
イングランド,2
Melbourn,2
My basement,2
Harajuku,2
U S of A,2
valenzuela,2
Oost-Vlaanderen,2
Racoon City,2
DR,2
Mueang Nakhon Si Thammarat,2
lake forest california,2
Akron,2
P-ń,2
Brugge,2
Sopron,2
Warsaw - Poland,2
u.s.a,2
In The Sky,2
napoli,2
England c:,2
tunis,2
Dunwich,2
Takamagahara,2
In Wonderland,2
Klang,2
Bacau,2
RVA,2
Nayarit,2
none of ur business,2
Midland,2
Jakarta - Indonesia,2
Daugavpils,2
Santiago de Chile,2
Yasoinaba,2
Alushta,2
East Texas,2
DF - Brazil,2
Amazonas.,2
your pants.,2
lyon,2
los angeles CA,2
OR 97206,2
Mansoura,2
Cosenza,2
Dominica,2
IRAN,2
Underwater,2
brooklyn,2
In your dreams,2
South Town,2
TPI,2
baguio city,2
ut,2
Columbus Georgia,2
Garden Grove California,2
pampangga philippines,2
United States of Anime,2
Kirovograd,2
Ulm,2
Khmelnitsky,2
Holland.,2
Orissa,2
Bolzano,2
End of the world,2
Bulacan Philippines,2
Pärnu,2
cananda,2
Wichita Kansas,2
Eh,2
>:,2
calafornia,2
Baby,2
Maidstone,2
nsw australia,2
Suchedniów,2
USA/GA,2
Bourges,2
Stockholm - Sweden,2
Oslo Norway,2
In the Shadows,2
Boat City,2
Yume,2
baku,2
Vallekas,2
ks,2
Pernambuco - Brasil,2
Ferrara,2
Bulgaria Sofia,2
Kuantan,2
Helsingborg,2
Sask,2
Kami's Lookout,2
Albacete,2
in your dreams,2
Agadir,2
B.C Canada,2
leicester,2
Seattle Washington,2
Omicron Persei 8,2
Bayamon Puerto Rico,2
Palo Alto,2
Right behind you!,2
Grenada,2
poulsbo wa,2
jersey,2
Chez moi,2
Enfield,2
tallinn,2
São Bernardo do Campo,2
Navotas,2
Lost in space,2
AZ USA,2
West Coast Canada,2
Noord Holland,2
755,2
Hel,2
*****,2
Khobar,2
Swietochlowice,2
philippines/manila,2
Babylon,2
sandiego,2
Steam,2
CT.,2
paraguay,2
Niflheim,2
Okayama,2
Batangas,2
The UK,2
Heaven and Hell,2
christchurch,2
chair,2
End of the World,2
Land,2
Üsküdar,2
SF Bay Area,2
Melb,2
Bielawa,2
Vinaròs,2
Calgary AB,2
baby,2
Your pants.,2
sevilla,2
Warsaw; Poland,2
Cyrodiil,2
Deviluke,2
America/MI,2
rus,2
palestine,2
Swarzędz,2
jeddah ~,2
in the stars,2
Guyana,2
Down South,2
Szigetszentmiklós,2
Курск,2
Makassar,2
Gostynin,2
Sigulda,2
Lancaster California,2
darkness,2
mo,2
Romania/Hunedoara,2
Nueva Ecija,2
western siberia,2
Nibylandia,2
Istanbul/Turkey,2
Cz-wa,2
illinios,2
Poland/Polska,2
Neverland ~,2
Imperatriz,2
La Paz,2
Turn Around,2
South-Holland,2
Not here.,2
In Your Head,2
Ostróda,2
Østfold,2
Hessen (Germany),2
Calgary Alberta,2
Yaoi Land,2
Washignton,2
Keila,2
America?,2
Torrance,2
Mex.,2
devon,2
191,2
The Czech Republic,2
Laren,2
Somewhere in Spain,2
Cave,2
opolskie,2
From Hell,2
Magyarország (Hungary),2
Belarus.,2
Il.,2
Tapa,2
South carolina,2
Milano Italy,2
Kolpino,2
Modesto,2
Somewhere~,2
phils,2
MASS,2
Seversk,2
Chi Town,2
Amman - Jordan,2
cainta,2
Wall Rose,2
Co.Londonderry,2
Santiago of Chile,2
In Your Pants,2
Solihull,2
rotterdam,2
jp,2
Kevelaer,2
Winland,2
dunno,2
Bohemia,2
Ozorków,2
Mosсow,2
Lima-Peru,2
Earth~,2
noitacoL,2
T.O.,2
Behind You.,2
The Mothership,2
Des Plaines,2
Arboga,2
Central Texas,2
Laoag City,2
wonderland.,2
Nasuverse,2
Haugesund,2
Bogota Colombia,2
310,2
Stalker,2
Russia (Russian Federation),2
SÃO PAULO,2
british columbia,2
dead,2
Limousin,2
San Juan,2
aydın,2
Moscow reg.,2
Middle East,2
Lower-Saxony,2
PA.,2
Otogakure,2
Kabuki-cho,2
Marland,2
Palm Bay Florida,2
Czeladź,2
Rypin,2
Rokkenjima Island,2
CR,2
Near London,2
North Texas,2
right here :),2
Hope's Peak Academy,2
City of Industry,2
In the stars,2
Otakuland,2
cardiff,2
Star City,2
Chernivtsi,2
Paranaque,2
coventry,2
Nowhere you need to know.,2
Новосибирск,2
South Wales UK,2
Kathmandu,2
Vvardenfell,2
Casal di Principe (CE),2
karnataka,2
Zonguldak,2
Olomouc,2
Zacatecas,2
Buenos aires,2
Guadalajara Jalisco,2
In Your Closet,2
male',2
Barletta,2
Lower Silesia,2
united states of america,2
Nsk,2
Sengoku Jidai,2
840,2
Veliko Turnovo,2
Reims,2
Tethe'alla,2
Magyarorsz&aacute;g,2
My Place,2
Pomona,2
KH,2
São Paulo Brasil,2
minnesota.,2
My home.,2
Santa Maria de Jetibá - ES - Brasil,2
Leighton Buzzard,2
Area 51,2
Saudi Arbia,2
Business,2
North Yorkshire,2
Västra Götaland,2
Stalingrad,2
Рига,2
british colombia,2
Leon,2
PORANDO,2
Adana/Turkey,2
Home :3,2
german,2
Bedfordshire,2
Cavite Philippines,2
Jūrmala,2
Long island,2
Mahora Academy,2
Northern Indiana,2
2D world,2
my own little world,2
Kristiansund,2
DESU,2
PA USA,2
Appleton Wisconsin,2
Somewhere on an island,2
Engels,2
Between Heaven and Hell,2
Under the bridge,2
Ont.,2
North Italy,2
Daten City,2
ill,2
wouldn't you like to know,2
Silicon Valley,2
Yami no Sekai,2
Cape Cod,2
Southern Indiana,2
Croydon,2
dunstable,2
Newport,2
Blumenau,2
Swindon,2
Venezuela maracaibo,2
Poland/Poznan,2
Now,2
Visby,2
Nowhere and Everywhere,2
behind you :p,2
Trollhättan,2
Melbz,2
channel islands,2
Otherworld,2
cz,2
interwebs,2
galati,2
In front of the computer,2
Belorussia,2
Brasil :D,2
Unknown.,2
Tennessee {US},2
Владивосток,2
Interwebz,2
Cyberia,2
Caransebes,2
Pireus,2
RIYADH,2
Gabrovo,2
Hifa,2
BRA,2
Alfred F. Jones,2
PB,2
Walmart,2
Polad,2
Canada eh,2
.ar,2
Hainaut,2
Northwest Indiana,2
western australia,2
Kiyv,2
Ростов-на-Дону,2
Peru.,2
the world that never was,2
Wonder Land,2
Legionowo,2
Dahran,2
In my Room,2
(ﾉ◕ヮ◕)ﾉ*:･ﾟ✧,2
ZA WARUDO,2
Leipzig,2
queensland,2
Apple Valley,2
Queenland,2
UNDER YOUR BED,2
mg,2
Juiz de Fora,2
australia melbourne,2
Reykjavík,2
Saint-Petesburg,2
conneticut,2
Limassol,2
Midwestern US,2
Oxfordshire,2
963,2
Bermuda Triangle,2
Manila. Philippines,2
Zgierz,2
Washington D.C,2
W,2
Birigui - SP,2
ROMA (RM),2
C-town,2
elsewhere,2
Schleswig-Holstein,2
baby!,2
the void,2
Moscow? Russia,2
Yukon,2
Who cares,2
Flyover Country,2
Rzeszów Poland,2
Stourbridge,2
palembang,2
Unspecified,2
Location Location,2
Synapse,2
Rocky Mountains,2
Bergamo - Italy,2
Oswego,2
028,2
Somewhere in the Netherlands,2
Blekinge,2
火星,2
Brasília - DF,2
London England,2
East Coast USA,2
Sao Joao da Madeira,2
Circus,2
uh,2
The Middle of Nowhere,2
It's a secret,2
las pinas city,2
Maryland.,2
The Dark Order,2
I'm not telling you,2
Confirmed. Sending supplies.,2
fort wayne,2
kingston,2
---------,2
Box,2
DHAKA,2
Bodø,2
Gisborne,2
Ruislip,2
North Sulawesi,2
guam,2
the house,2
In my world,2
sukabumi,2
East Midlands,2
Costa rica,2
Poris,2
somewhere in sweden,2
Savannah Georgia,2
Brisbane. Australia,2
Happy Land,2
WASHINGTON,2
In a house,2
Poznań (Poland),2
quezon,2
your face,2
Lucena City,2
X,2
NEW YORK CITY,2
Somogy,2
Bielefeld,2
Orléans,2
Your Mom,2
youkai academy,2
Horst,2
Sidoarjo,2
Niterói,2
S.A.,2
Chełmek,2
Breslau,2
On a chair,2
Tartarus,2
Arhangelsk,2
denpasar,2
Ha Noi,2
dc,2
東京、日本,2
Ciudad Autónoma de Buenos Aires,2
CAN,2
Seventh Heaven,2
Tel Aviv,2
The Clouds,2
Not important,2
Nothingness.,2
east borneo,2
Pacific Ocean,2
Polend,2
Earth?,2
In My Own Little World,2
UK London,2
Downtown,2
Around...,2
Chambana,2
Canada B.C.,2
Latveria,2
^_^,2
Pń,2
Bath,2
Roosendaal,2
Sternbild City,2
Skoczów,2
Fifth Dimension,2
noida,2
Maryland USA,2
HellCity,2
Alcobaça,2
Palestina,2
Ural,2
Shinigami World,2
yep,2
Westeros,2
i love anime,2
Far East,2
In My Own World,2
Luton,2
Piotrków Tryb.,2
Ooo,2
Saint - Petersburg,2
philadelphia,2
Piraeus,2
Angarsk,2
Ottawa Ontario,2
Nowa Dęba,2
Estado de Mexico,2
Right behind you.,2
Internetz,2
my couch,2
Deutschland/Germany,2
lost city,2
Southern Sweden,2
Steinkjer,2
near Paris,2
On the moon,2
Podolsk,2
Cananda,2
Russia.Moscow,2
Southern Finland,2
Grand Rapids MI,2
National Capital Region,2
EST,2
In a cave,2
doha,2
Columbia,2
in your pants,2
taguig,2
Oman - Muscat,2
norrköping,2
NY/NJ,2
Ile de France,2
johor bahru,2
Nevada USA,2
Ninove,2
Września,2
Kwa Zulu Natal,2
Philipiines,2
Reunion,2
CN,2
Ut,2
Poland/Wrocław,2
Gödöllő,2
hd,2
Peru-Lima,2
Encino,2
RJ.,2
Republic of Srpska,2
Hatvan,2
~~,2
Elk Grove,2
Niagara Falls,2
gensokyo,2
Kuwait City,2
N.C,2
Bogotá Colombia,2
pahang,2
ゆかり王国,2
Tulsa OK,2
HCM,2
South Texas,2
Aragua,2
Sauna,2
san salvador,2
brooklyn new york,2
At home.,2
Phoenix AZ,2
Ecser,2
u.k,2
KwaZulu Natal,2
MExico,2
Ypsilanti MI,2
Austin TX,2
Rio deJaneiro,2
England :D,2
ODESSA,2
Location Location Location,2
Zwolle,2
why do you want to know?,2
blackpool,2
Poland...,2
Salaspils,2
Ropczyce,2
west bengal,2
Lachine,2
Indian Ocean,2
In the ground,2
fredrikstad,2
follow the stars!,2
Corona,2
Milwaukee Wisconsin,2
No,2
Wouldn't you like to know...,2
third rock from the sun,2
on cloud nine,2
Mar del Plata,2
In your pants.,2
Nederlands,2
Riga Latvia,2
Pietermaritzburg,2
Philippiines,2
D.F,2
Someplace,2
;D,2
Astrea Hill,2
Rabbit House,2
A room with a moose,2
who cares,2
Warsaw. Poland,2
Central Europe,2
Таганрог,2
Tocantins,2
Fire Nation,2
Bihor,2
Lübeck,2
Behind you D:,2
On the computer,2
san jose,2
iloilo,2
reading manga,2
Herne,2
Polen,2
makassar,2
kawasaki,2
Cleveland Ohio,2
AKL,2
ZP,2
Massachusette,2
my chair,2
Tallahassee Florida,2
In a dream,2
spokane washinton,2
in my bed,2
305!!!,2
Ptz,2
Nopeland,2
t,2
Nusantara,2
chicago illinois,2
long beach,2
Žemaitija,2
in a daydream,2
Las Vegas Nevada,2
The Desert,2
Starogard Gdański,2
Los Angles,2
Sacramento California,2
MyAnimeList,2
Far far away,2
USA CT,2
somewhere in Europe,2
Vancouver Island,2
Eastern Washington,2
Far Far Away...,2
porto,2
AMERICA,2
Pula/Zagreb,2
Subang Jaya,2
kedah,2
bolivia,2
sharjah,2
Terschelling-West,2
dammam,2
Midlands,2
767,2
Turrialba,2
Himeji,2
Athens.Greece,2
SW Florida,2
Constantly Changing,2
Impel Down,2
In Space,2
Wonder Underground,2
hidden leaf village,2
Valparaiso,2
Samoa,2
wouldn't you like to know???,2
i come from a land down under,2
HR,2
namimori,2
Trabzon,2
Imaginationland,2
Rominia,2
Philipphines,2
South London,2
Phitsanulok,2
♥,2
Your mind.,2
Australia!,2
milky way,2
Vaslui,2
United States of Japan,2
edmonton,2
オランダ,2
NRW Germany,2
Campbelltown,2
Sealand,2
Zaporozhye,2
90001,2
San Mateo,2
Unite Kingdom,2
California (USA),2
The Net,2
andhrapradesh,2
Nizhniy Novgorod,2
Gerrmany,2
Ogre,2
Oak Lawn,2
Açores,2
Ratingen,2
Ventspils,2
592,2
Hell de Janeiro,2
St.Lucia,2
tucson,2
Murka,2
Cundinamarca,2
Jakarta Timur,2
ISRAEL,2
My bed,2
Antipolo City,2
Tochigi,2
Wales (U.K),2
Casa,2
=),2
Britland,2
Arabia,2
Marseille France,2
Skyrim,2
Brasil - Brasilia,2
Sao Paulo/Brazil,2
Yvelines,2
Kairouan,2
Mantova,2
フィリピン,2
Trapani,2
yangon,2
Йошкар-Ола,2
Denver CO,2
Western Australia.,2
Hongkong,2
Ii,2
Sochaczew,2
swe,2
Cloud 9,2
La la land,2
Prešov,2
saudi arabia - jeddah,2
toronto canada,2
MARS,2
Amapá,2
Ocean,2
Candy Kingdom,2
Wonderland.,2
San Luis Obispo,2
Fukuoka,2
rs,2
N.I,2
i have no idea,2
philipphines,2
Nashville,2
tijuana,2
Auckland New Zealand,2
ISTANBUL,2
Silent hill,2
PNW USA,2
Sheridan,2
Matosinhos,2
Lithuanian,2
in the void,2
Shambala,2
BaWü,2
el salvador,2
Germany :D,2
milan,2
Lazy Town,2
Senkai,2
Korolyov,2
Vancouver WA,2
Somewhere between here and there,2
D.C,2
In your mind.,2
Somewere in Togliatti,2
palm bay florida,2
Americaland,2
Stettin,2
Ahnenerbe,2
Liguria,2
a box,2
Pandora,2
85001,2
Nuremberg,2
Blackhawk,2
Paradis Island,2
Future Gadget Lab,2
jawa barat,2
Autralia,2
Ireland.,2
Planet Vegeta,2
Czech rep.,2
United States of America.,2
jogja,2
meycauayan bulacan,2
Brasil - São Paulo,2
Mi casa,2
syd,2
Texxas,2
Greece Athens,2
My Home,2
Somewhere :D,2
Ponyville,2
CT 06611,2
South Asia,2
Beveren,2
Västerbotten,2
Düren,2
gujarat,2
Subotica,2
Palestine,2
My world,2
Tuchola,2
Little Garden,2
Palma de Mallorca,2
southcarolina,2
Rasht,2
pitesti,2
here.,2
Vancouver BC Canada,2
NewZealand,2
glasgow,2
Ronoapur,2
sports anime hell,2
In your thoughts,2
KSA - Riyadh,2
barbados,2
Eh.,2
Californa,2
bangalore,2
netherland,2
Cardboard Box which lays in a Cage which is in for,2
Time-Space Administration Bureau,2
El Paso,2
Lost in thought,2
Lithaunia,2
TO,2
Indianna,2
NY 10601,2
Kostroma,2
GA. 30301,2
Saudi Araba,2
Plovdiv. Bulgaria,2
Oeiras,2
Suffolk,2
Akashic Records,2
Lost in Anime,2
portsmouth,2
Napier,2
Lion City,2
Your mom.,2
ARGENTINA,2
Patra,2
BSB,2
Florida USA,2
Camarines Sur,2
Illinoise,2
Coruscant,2
Île-de-France,2
Qatar ♥,2
Some place.,2
BY,2
Buenos Aires - Argentina,2
Scarborough,2
Den haag,2
The Confinements of My Mind,2
Falcon,2
GUAM,2
United Kindom,2
Wilmington,2
The Netherworld,2
Magnolia Houston TX.77355,2
in my head,2
Piaui,2
Cairns,2
Orb Union,2
／人◕‿‿◕人＼,2
Lesser Poland,2
Skarżysko-Kamienna,2
bedford,2
CDMX,2
Rakvere,2
USA!,2
H-town,2
Ghana,2
THE WORLD,2
Billingham,2
Up North,2
In your house,2
Southern Norway,2
Indaina,2
XD,2
Osmangazi,2
Sieradz,2
Heritage Rnch,2
au,2
Israel :O,2
Brooklyn NY,2
In Bed,2
'merica,2
Neo Arcadia,2
Dirty Jerz,2
Ilinois,2
In front of my computer,2
Wellington NZ,2
Genk,2
Tokyo 3,2
Aiur,2
South Georgia,2
Outer space,2
antipolo philippines,2
Sinapore,2
Norh Carolina,2
Canyon Country,2
UnderYourBed,2
La Puente,2
Årnes,2
San Anselmo,2
Phantomhive Manor,2
Yharnam,2
Massachusetts USA,2
Mumbai. India,2
phoenix,2
Singapore (:,2
Somewhere in North Carolina,2
ger,2
Calais,2
Aberdeen,2
Poland ~ Polska,2
Padova Italy,2
Rīga,2
Kyev,2
meh,2
Macau,2
Cainta,2
socal,2
The Ghost Zone,2
Manila Philippines,2
Bielsko-Biala,2
Where I am,2
Over the Rainbow~,2
Rostov region,2
w Polsce,2
puebla,2
Mechelen,2
Twilight,2
paramaribo,2
HD,2
traverse town,2
Oslo.,2
Yorozuya,2
Sardinia,2
Look behind you...,2
Sankt-Petersburg,2
PERU,2
virgina,2
Concord,2
Gwangyeoksi,2
Winchester,2
Flawda,2
Polaand,2
Roermond,2
Balikesir,2
somewhere~,2
moskow,2
Richmond Virginia,2
South California,2
My House ;p,2
Chico CA,2
Zaporizhzhya,2
Chojnice,2
Grand Rapids,2
co,2
Purdue,2
The middle of nowhere,2
oklahoma city oklahoma,2
DreamLand,2
srbija,2
The Dirty South,2
Seremban,2
あっちこっち,2
Dantooine,2
Gorzów Wlkp.,2
Hidalgo,2
No.6,2
KCMO,2
Zaandam,2
california los angeles,2
Liepaja,2
Valcea,2
Szentes,2
Missouri USA,2
rio grande do sul,2
Rune Midgard,2
Przasnysz,2
Ontario.,2
Hengelo,2
Campinas-SP,2
Somewhere in Philippines,2
Omaha,2
Not telling,2
PHILIPINES,2
Pasadena,2
Palmdale,2
in Neverland,2
Mafra,2
Odivelas,2
Kraljevo,2
Pinas,2
Bobruisk,2
Tacoma Washington,2
Helmond,2
Mogi Mirim,2
Tricity,2
V.A.,2
Crystal Springs,2
pa.,2
wales uk,2
São Paulo - BR,2
In My Dreams ^^,2
north dakota,2
Back Alley,2
Basel,2
Nárnia,2
Brasil - RJ,2
cape town,2
Italia.,2
Israel~,2
Koper,2
OR USA,2
underworld,2
under your bed.,2
◕ ◡ ◕,2
In,2
The Nexus,2
uknown,2
Batumi,2
universe,2
Far Far Away,2
Åland,2
Canary Islands,2
Flint,2
In the air,2
Mu,2
B-612,2
Rancho California,2
Sternbild,2
Japón,2
Untied States,2
Minas gerais,2
Lithuania Vilnius,2
Palm Springs,2
jacksonville fl,2
HUN,2
Australia somewhere,2
The Golden Land,2
City of Evil,2
Leicestershire,2
Goiania,2
São Paulo/Brazil,2
Lahti,2
Your heart,2
Inowrocław,2
santa cruz,2
my home,2
chicago il,2
KrK,2
My computer desk. o.O,2
Europe.,2
banten,2
West Bengal,2
pHiLiPpiNeS,2
Cuba,2
Wonderland ~,2
glasgow scotland,2
Sekai,2
Bulgaria :),2
Socal,2
south Carolina,2
Your Imagination,2
Palomar Mountain,2
North Las Vegas,2
Shiraz,2
Indian,2
Long Beach Ca,2
Eastbourne,2
EVERYWHERE,2
Lewisville,2
Łowicz,2
Right Here.,2
Gehenna,2
Trójmiasto,2
I think,2
Celadon City,2
Fairy Tail Guild,2
lahore,2
City of Fallen Angels,2
TX 75091-1102,2
Kavala,2
CA 92011,2
My imagination,2
Closed Space,2
Britania,2
Fr,2
Room of Requirement,2
sri lanka,2
Petaling Jaya,2
Gera,2
In the shadows,2
IDK,2
Long Island NY,2
LONDON,2
Oahu,2
Peru - Lima,2
new world,2
Luleå,2
Otwock,2
Somewhere in America,2
Como,2
Curitiba/PR,2
U.S. Missouri,2
mate,2
capão bonito,2
Świnoujście Poland,2
Kakariko Village,2
LA 90001,2
M.A.,2
Southend,2
Trivandrum,2
USA → Philippines 2013,2
Oosterhout,2
Siófok,2
Somewhere in New York,2
Jeddah - Saudi Arabia,2
johannesburg,2
nwe york city,2
CA 90028,2
Lituania,2
Ciechanów,2
Concepcion,2
northern ireland,2
Polando,2
Cuiabá,2
south yorkshire,2
The world that never was,2
Miami Beach,2
Cair Paravel,2
Cartagena,2
Poland/Warsaw,2
Beverly Hills,2
Pieksämäki,2
Nysa,2
ａｕｓｔｒｉａ。,2
Bulgaria/Sofia,2
Kayseri,2
philly,2
Penn State,2
Orussia,2
Strathmore,2
Ecruteak City,2
Joinville - SC,2
Pori,2
Mandaluyong City,2
Ede,2
www.myebookmaker.com,2
Rs,2
Goleta,2
outerspace,2
Mitishi,2
La Rochelle,2
New Jersey USA,2
Austrailia,2
antwerpen,2
Syktyvkar,2
N.L.,2
Lost in my mind,2
mansoura,1
Land of Rain and Fjords,1
31f288172a11dea9f2781a6d87e0a200,1
good ol' Europe,1
Locked up in Shuuka basement working on cards :p,1
toronto ontario,1
Brittainia,1
Podkarpackie,1
Bcn,1
+∞),1
Bishie Paradise,1
Equestria,1
Santarém,1
yomi,1
~~~~~,1
Краматорск,1
Calil,1
Somewhere in Atreia,1
District 12,1
always.,1
raimon eleven locker room,1
yonkers,1
Dreamworld,1
Point of no return,1
EUW,1
Up in a treehouse,1
Blois (France),1
Dans ton monde imaginaire,1
On The Moon,1
POA,1
norwich,1
Lala land,1
my pasocon (or PC f,1
Teplice,1
Namimori High,1
Transylvania (seriously),1
Mountain,1
Miami - soon boston,1
Rotselaar,1
Boaz/AL,1
Gaia. Porto,1
formerly known as Jesselton,1
Habarovsk,1
great Britain,1
Masschuetts,1
Natal -RN,1
Hollywood California,1
Rostock,1
Alagoas Brazil,1
Pindamonhagaba,1
Brazil - Rio de Janeiro,1
vila velha,1
Roaming with the Pokemon,1
MG;Brasil,1
seattle,1
My Chair,1
O.C.,1
On the outskirts of no where.,1
amongst crowds,1
Merry-Go-Round,1
anywhereoutofthisworld,1
Helsinki Itäkeskus,1
mind ya buissness,1
in my mind!,1
middle of the atlantic,1
Hückelhoven NRW,1
Brasil êo,1
Turkey / Netherlands,1
Behind you. BOO!,1
montreal quebec,1
Alfenas - Minas Gerais,1
Ken no Tamashii,1
The World ZX,1
Bogotá/Colombia,1
Under mah bed,1
FairyLand,1
viseu,1
Somewhere over the Darkness,1
Cacalandia =),1
Where all the roads to ruin lead,1
Åkersberga/Österskär,1
Neo-Christiania :3,1
Somewhere near there,1
2380001,1
river of dreams,1
KSA Dammam,1
Ambarawa,1
New Townsville,1
Lelouch no Shinkirou,1
81°53'W,1
monrore lousana,1
Elgin IL,1
the bubble...sadly,1
Izumi-tan's room,1
Vila velha,1
Somewhere in Singapore,1
The moon,1
Bauru - SP,1
It's awesome,1
Philippiness,1
Place Where 1956 Olympics Were held,1
Poopland,1
kamakura,1
is lost in the wind,1
Anime world^_~,1
Da Caribbean,1
Łódka Bolls ;),1
Dust,1
Somewhere beyond the Death,1
Mabase,1
Edo Tokio,1
westwood academy. FOR GIRLS ONLY.,1
::~*Burr Ridge*~::,1
Planet Earth 8),1
Mundus Magicus~,1
if you will,1
Dunakanyar,1
MyAnimeList park~,1
Ft. Huachuca,1
ROTTERDAM,1
Edel Garden,1
Mechele,1
Hungry,1
hamburgo,1
My own dreamscape,1
lbc,1
Somewhere..,1
I live in texas they just dont have it,1
Sydney Australia N.S.W,1
kentcky,1
indaina,1
Teresópolis - Rio de Janeiro - Brasil,1
World That Was Never Was,1
watching you,1
Belguim(Antwerp),1
very North Florida,1
Behind that lone orange,1
The DrEaM WoRlD,1
Würzburg,1
Chacheongsao Thailand,1
Sup Town,1
Connecticut USA,1
Kimlasca,1
ʕ　·ᴥ·ʔ　ʕ·ᴥ·　ʔ,1
Bahrain . Manama,1
Net,1
København,1
Kinderheim 511,1
Manila City,1
In my Own Dream,1
saddly estonia . but in future japan yay ! ^^,1
Somewhere between reality and another world.,1
Fortaleza-CE,1
The Frozen North.,1
Next to DBSK ♥,1
Hollow.,1
istanbul/ turkey,1
Hell T-T,1
Where ever I want to be,1
Popo,1
phoenix/Arizona,1
Over The Rainbow,1
My awesome fantasy world,1
that hole in my brain,1
BZH,1
Prilep,1
papua,1
Swiebodzice,1
Dhaka/New York,1
Tatsumi Port Island,1
Mi Casa,1
Kumaria,1
Romania / Spain,1
Ostrów Wlkp,1
Finnland,1
Home of the Simpsons,1
~:: UAE ::~,1
The Chad Lake,1
蛮荒之地,1
BW > Obertal,1
ZGMF-X20A Strike Freedom,1
fuck sticks,1
N+C universe,1
Your Hopes and Dreams,1
Not Japan =(,1
Ariana,1
anywhere around the world,1
Sárospatak,1
Sandnes,1
Somewhere in USA ;)D,1
www!!!,1
Denmark / Odense,1
Reunion island,1
Somewhere in the mountains,1
Termia,1
Strasshof,1
at home (xD),1
born to be alive,1
Philipinas,1
Vocation.,1
east los angeles,1
Living A Life,1
CandyLand ;D,1
Califorgan,1
Białystok / Poland,1
Desire,1
NEGROS OCC. PHILLIPINES,1
Negros Occidental PHIL,1
InDoNeSiA,1
A Place,1
Why do you ask?,1
Fl USA,1
Den Bosch,1
Mauritania,1
louisana,1
Enland,1
Aoba,1
Alice Academy,1
Earth... I think,1
potugal,1
Birmingham UK,1
gedera,1
Universe 7,1
east boston,1
Laramie,1
Nevereverland,1
Alphonse Elric Land,1
Doodle land!~,1
Florida O.o,1
Buxton,1
Ruda Slaska,1
Gyermely(Hungary),1
KSA/Jeddah,1
copenhagen,1
my own world!!!,1
Hi-mi-tsu~,1
Sydney and Kedah!,1
Some Where,1
En donde sea junto a mi DS ^^,1
St-ce,1
Rio Grande do Sul/BRAZIL,1
Somewhere in New Jersey. 8D,1
decature TX,1
Cowboy Bebop At His Computer,1
buffalo,1
The computer,1
Dipolog City,1
Kingdom Of Bahrain,1
OH and NH,1
OtakuLand,1
none ya bes..,1
Mexico D.F.,1
in the USN so cant tell... they dont even tell me,1
NovaScotia,1
Belize City,1
Somewhere in my mind? I think I'm lost....,1
Inner Rim,1
Broken Heart Land,1
Midwest U.S.,1
Vacaville California,1
Last night,1
Stetten i. R.,1
Dracula Land,1
Itapipoca,1
Long bech/california,1
a city in Canada :),1
UnderWorld -,1
Belgium - Antwerp,1
"N36°10'50""~ E127°14'54""",1
bellaX2,1
going places,1
Kaiserslautern,1
Where Dreams come true,1
Welwyn Garden city,1
The Crystal,1
0.0 why do you wana know?,1
I'll never tell~,1
ankara/turkey,1
watching you sleep >.>,1
Tricy,1
with my thoughts in anime-land,1
Anor,1
South West,1
manilavalenzuela,1
Kiev. Ukraine,1
Behind you XD,1
Brooklyn N.Y.,1
For me To know And for You to Never know,1
Ajka,1
Mizuiro Prefecture (It's not real...),1
En algún lugar de la red,1
Yunniiee~,1
Malayisa,1
Being a pregnant cat examined by Emily Yeunge,1
USA EAST COAST,1
Villa Carlos Paz,1
United Kingdom of Haruhiism,1
.Qatar.,1
Palo Cagado Cuba,1
vårgårda,1
Shinsekai =P,1
heck,1
Underworld...,1
Buffalo N.Y.,1
Łaziska Górne,1
Endless realms of light,1
Middle of a Frozen Hell,1
waingapoe,1
Suffocating from the humidity.,1
lost in anime,1
Kalispell,1
한국 ;3,1
Cruising all over places~~~,1
Lavander Town,1
South Caolina,1
Flori-Duh,1
OVER THERE!,1
why should I tell u,1
on Earth duh,1
kagerou daze,1
Always by Sakura's Side ♥♥,1
that'd be Geo,1
In your bed... Rawrr ♥,1
sleeping,1
Classified intelligence,1
Kiev.Ukraine,1
Lennox House,1
Under my warm blanket :P,1
Mt. Akina,1
Eastern Kentucky (Get me the fuck out of here),1
♡♡>> Get Back again,1
Out of the business,1
braila,1
Poland/Strzelce Kraj,1
near a school,1
Caught in a Mosh Pit somewhere in Canada high.,1
713,1
Danmark/Sjælland,1
campbelltown sydney,1
cruz alta,1
saint louis,1
Your mom :p,1
Its Snowy N Wet,1
sutton,1
PUERTO RICO,1
pei,1
Poland - Łomża/Białystok,1
Indiana USA,1
under my reluctant douvet,1
Lone Star State,1
Hello Kitty World,1
Somewhere on the Coast,1
somewhere i can stand,1
Somewhere in OP Canada,1
Pomorze),1
It's not really relevant where I actually am,1
Warrington,1
Somewhere over tha` Rainbow,1
Decatur Texas,1
where shadows meet and time unfolds,1
Umatilla Fl.,1
Fraserburgh,1
Sydney!!!!,1
ontario/canada,1
OK state,1
Bay Area of California,1
US ^^,1
In your wet dreams.,1
near munich,1
Asylum Garden,1
derbyshire,1
Boca Raton FL,1
Terre Haute,1
All around,1
highland,1
confidential. lol*,1
Here..lol?,1
'Skelmersdale',1
Parana - Brazil,1
Giruvegan,1
Podlassia,1
RIGHT BEHIND YOU HAHAHAHAHA!!!!!!!!!!!!!!!! XD,1
Côte d'Ivoire,1
Mly,1
France (Laval / Le Mans),1
czyli wszędzie daleko,1
Tiszaújváros,1
Ebelsberg,1
Hopefully not at work.,1
Bahia Blanca,1
Your encrypted heart,1
a box in a house but yeah I would like to know too,1
Anywhere is fine,1
Green Plains of infinite eternity,1
The Sibyl System,1
Londonish,1
Buried in a good story,1
Boulavard Of Broken Dreams,1
Dewsbury,1
aburrida en frente de mi pc XD o viendo anime,1
Denmark -___-,1
japanese school of art,1
The Netherlands (Limburg),1
frozen wasteland,1
Lomza,1
lulziana,1
Behind all the screens in the world,1
Franca - SP,1
Cross Academy with Yuuki && Zero,1
Des Moines iowa,1
são paulo /capital,1
Asteroid B612,1
Mars^_^,1
Ramat Hasharon,1
Van Nuys,1
Grimsby -.-,1
Marysville/ Washington,1
Limbo...I think,1
Vratislava,1
maastricht,1
İstanbul / Şirinevler,1
In the front of my PC,1
A galaxy far away in an alien nest...,1
the states,1
Behind YOU!,1
Texas?,1
East Bay California,1
Petoskey,1
kaula lumpur,1
Leth'd 4 Bridge,1
Somewhere far-near :),1
Mikkeli,1
ドーハー,1
find me xD,1
Izmit,1
Jászszentlászló,1
Peach land,1
*Crystal World*,1
Tamaulipas-México,1
fiji,1
somewhere I wish I wanted to be =_=,1
somewhere over there,1
kortrijk belgium,1
Down a bit from the majoriy and fly west.,1
Hawaii (808!!!),1
Land of Desert and Carbon Dioxide,1
Ceredigion,1
hiding...,1
Rapid City,1
Russia~desu o_O,1
gomel,1
moscow-russia,1
llanelli,1
Here in the phils,1
Kenner Louisiana,1
where ever you think i am!!!,1
[...],1
Ankara / Kayseri / Sivas,1
Budapest/Vác,1
Kent :),1
United Arab emirates,1
BElize,1
in the room,1
iL,1
hemet California,1
Norway/Poland,1
South afrika-joberg,1
ポーランド、ウジ,1
Wales. ( U.K ),1
Hiding in your shadow,1
East Coast of the U.S.,1
A endless spiral in the universe.,1
France (notreally),1
Somewhere in a chair.,1
Japan ≧∀≦,1
BEHIND YO BACK,1
A cardboard box,1
Ask if you really want to know,1
Ask Your Mom,1
Stgo. Chile,1
Land of Swans,1
it's dark,1
The Yaoi Land ^__^,1
On the floor,1
Milford Haven,1
AnImE FaNtaSy (Australia ;P ),1
hklgjikljb;ljljlt/;ks,1
yeah .Romania.,1
Al-Khartoum,1
Between Neptune and Lalala world,1
in your closet.,1
uh i dont know,1
Airantou,1
miranda,1
1985,1
SFC,1
The world at this moment,1
Canada >:3,1
Dominican Rep.,1
Pruchnik,1
Indonesia ---> Singapore,1
Konohagakure (Hidden Leaf Village),1
BSD,1
Forbidden City,1
hanGover,1
საქართველო,1
somewhere out thereXD,1
Alfred OR : D,1
Děčín,1
Kohtla-Järve,1
k_,1
Account Killer,1
Sore wa himitsu desu ^_^,1
I Dont Know,1
ohta japan,1
Taiping,1
The passage,1
All along the watch tower.,1
shibuya,1
New Glasgow,1
Floridaa,1
behind you o¬o,1
vista california,1
In Soul' s piano...:],1
Land of Eternal Rain,1
Pomáz,1
Orlando FL via Iowa City IA,1
Namida no Sekai,1
Your basement.,1
bankok thailand,1
VAN/WASHINGTON,1
The Netherlands behind a pc Lo0l,1
All Over Virginia,1
the place between nowhere and inf,1
Somewhere around the capital of the Czech Rep.,1
Mechernich,1
Middelstum,1
boring old wyoming,1
eating sea-salt ice cream.,1
Illinois Grest lakes,1
rhode island,1
midatlantic usa,1
The Village Hidden in Thought,1
im as old as the trees jk ....,1
A.C.T.,1
Dover DE,1
Portsmouth Ohio,1
In your head...,1
newark,1
Yorkshire UK,1
ireland dublin,1
my dream and imagination,1
Estonia and Aland(Mariehamn),1
Currently residing in Luxembourg,1
kastrup,1
Keçiören,1
Under the rain,1
in true i'm maynila in philippines,1
Y u needa know?,1
Its Nice place u should visit XD (USA),1
steelin ur mangaz,1
Chrzanow,1
/dev/urandom,1
lunatic asylum,1
Where Hell is Frozen Over,1
My Computer@Home,1
Behind The Shadows Of The Warp,1
Wave-Town,1
Kuala Lumpur =3,1
QEUZO,1
Baden-Württenberg,1
Leaf Village,1
n00b Zealand,1
Lma,1
Next to you...,1
Courts of Chaos,1
fundao,1
anywhere i want to be...lifes like a butterfly of,1
Williams Street,1
Singapore~,1
A-Town,1
Crystal Palace,1
♪~CANADA~♫,1
at the cementary,1
locked in a rose~,1
Mentality,1
Marshmallowland,1
UK~ Chester,1
ιи υя dяεαмs~! ♡,1
Buckner MO.,1
LONG GONE...,1
Tallinn(Estonia),1
Seixal - Portugal,1
Sinn's World,1
Rishon,1
Nv,1
My Home =D,1
I'm like a hobo...only not..,1
Brasil - Rio grande (RS),1
Bergen op Zoom,1
Austria - Vienna,1
Somewhere cool,1
Night City CA,1
My own lil' dream world,1
Loli Land,1
Cali!,1
Republic of Lithuania,1
Under an Airplane,1
Billion City,1
Thousand Oaks,1
Tortall,1
South East Texas,1
central jersey,1
Planet Death,1
Yarram,1
umkomaas,1
Davao. Phil.,1
Snowy Palace,1
Where do ya think?,1
east java,1
Acarigua,1
WORLD OF KLAC,1
Tumblr 24/7,1
DOTHAN,1
So. California,1
440,1
good morning,1
Brussel - Belgium,1
Magyarország /Hungary/ - Budapest,1
Msc,1
Ohio Unitedstates,1
The City Of Sydney,1
does t matter,1
NORN IRON,1
West sussex,1
warszawa,1
dothan al,1
het wentgebouw,1
Shizuoka-ken,1
Alambama,1
sd.ca,1
None of Your damn Business,1
who knows,1
somewhere in Michigan,1
4.3121° W,1
Romania. Bucuresti/Tulcea,1
beer sheva,1
sLovenia,1
The couch,1
somewhere between existence and non exist,1
Panya,1
pune,1
Somewhere in Quebec :O,1
962,1
Your worst nightmares,1
Kiustendil/Sofia,1
chicago/IL,1
Winland!,1
Location !!!,1
Diego Martin,1
The brink of time,1
Glen Elendra,1
caloocan.philippines,1
On the Internet,1
inside love and hate,1
where Everest,1
New Mexico. n.n,1
396,1
Boras,1
key ell,1
Isla Nublar,1
The next dimension,1
funchal,1
phil.manila,1
N.V.,1
Only a breath away,1
Mahou Academy,1
Around The World..,1
Penrith N.S.W,1
Ontraio,1
WEST COAST HOKIANGA,1
Rio Grande do Norte. Brasil,1
sd,1
El Paso Texas,1
Boston-area,1
A box (It's dark in here),1
heaven...... yeah,1
ON THE HELL,1
logan city,1
Minneap,1
Street Of Uptown,1
.... dunno,1
Downey,1
England / Scotland,1
elikai:DD,1
THE KINGDOM OF THAILAND,1
Adam's House,1
Little cabin in the woods...,1
Working...Always working...,1
Columbus OH,1
Canada =],1
Neko World,1
south coast,1
Kitty Room,1
Galaxy of New Age,1
VFX,1
sumwher torn between the raging battles in my mind,1
In My Closet ~~,1
North West of England,1
Texas♥,1
a place with lots of mountains (^ '.' ^),1
The Porch,1
Lithuania - Klaipeda,1
Enter Houkou... Homecoming~,1
In you bed muhaha,1
UK -> dnt trust ya nough...,1
Too far into insanity...,1
Either New Jersey or Pennsylvania,1
Sierpc Polska,1
sooomwhere over the rainbow,1
romania hd,1
Esk.,1
Marsiling,1
Usami's Arm,1
Road is land,1
outthere,1
baguio,1
Canton Ohio,1
Michigan!,1
Lurking somewhere around the Fox Valley area of IL,1
Canada -_-,1
Out to Lunch,1
Montreal Canada,1
Campinas-SP Brazil,1
AbuDhabi,1
Library,1
Computer Lab,1
London ;),1
Candy Town,1
Rishon.,1
samar,1
north carolina ]'=,1
LitterBox,1
why do you care really.,1
venzuela,1
Any where...,1
Gdzieś tam,1
michiagn,1
A basement,1
south Poland,1
Kujo's House(Poor JoJo >XD),1
a106ca9a0fc7783ec040c25a5d5c931a,1
Hamrun,1
My Sick Mind,1
Rbk,1
Kalwaria Z.,1
Somewhere on the earth.,1
Deep in the heart of Texas,1
ontairo,1
Kametsu,1
Kliplev Denmark Åbenra,1
lanao del sur,1
Somewhere in Pennsylvania,1
ISrael,1
2360,1
im Norden,1
Kislőd,1
grecce,1
Japan I wish,1
A landmass somewhere on Earth,1
Lahore pakistan,1
New Jersey 07670,1
with fate.......in a closet....,1
Here? O.o,1
2207fleetwood.ct,1
somewhere in anime world,1
beside on you bed,1
Southern Utah,1
Fuck your shit,1
yα❦i Ɯσи∂ɛяℓαи∂,1
Here and Now,1
Inside Martin the cake,1
Whereever I''m told,1
Kętrzyn POLAND,1
Kicking Epic Ass,1
Behind You !,1
good old Germany ;),1
telford,1
Yanbu,1
Kościerzyna in Poland,1
your mother,1
Data Integration Thought Entity,1
Alchevsk-city,1
lalaland,1
Non o' ya business!,1
Hawkesbury,1
Blackburn,1
Norwasia,1
in some holeeee,1
Brandenburg,1
Pouce Coupe,1
Far away times,1
Missourie,1
At a very boring place,1
Evangelion,1
The middle of nowhere.,1
MiddleOfNoWhere,1
Sparta (Near St. Louis),1
Chicago Burbs,1
A Sunny Place,1
Somewhere in a Cloud,1
brampton onterio,1
duno,1
NYC (currently) / Dublin,1
Yaoi World,1
♥ Washington (state) ♥,1
Järvenpää,1
yer vagina,1
what do you want,1
Lithuania\Kaunas,1
labuan,1
Baliwag Bulacan/ Sta Rosa Laguna/ Shenzhen,1
The Perpetual State of Excitement...Ohio!,1
in your shoe next door to your pants,1
Temple of Sohei,1
A casket,1
In Your Deeper Dream,1
east coast VA,1
http://myanimelist.net/,1
Saint Catharin,1
On Alfred's shoulder,1
Procrastinating,1
The Abiss,1
....no comment...,1
Unterschleißheim,1
my pink world,1
warren,1
My House!,1
Inc.,1
tuinis,1
NJ aka Brick City,1
North London and Cornwall,1
Porec,1
saudai arabi,1
Lost Angles,1
s0mEωHêяè 0véя tHë яαïиß0ω♥,1
millington TN,1
North Miami Beach,1
Star 6,1
Somewhere over the rainbow.... (8),1
a small town in Italy,1
Pará.,1
in my room staring at the computer,1
gg (gay game),1
Tbilisi/Georgia,1
on the net,1
Cross Academy(Soul Society),1
Eternal Abyss,1
Pittsburgh. PA,1
India(beyond the horizon..waiting for,1
sariata utah,1
Me Home,1
malolos philippines,1
On MAL~,1
Somewhere between reality and Fantasy ^^,1
Mung no Sekai,1
夢ノ咲学院,1
ccaalliiffoorrnniiaa,1
Misosuri.,1
Tarn,1
Lithuanian/Žemaitija,1
In Psychedelic ☆ Dreams w/ Tsugaru~,1
cameron park,1
lol.,1
Paradise filled with Lolis. ^-^,1
Nîmes - France,1
Forgotten Realm,1
Ummm. Somewhere?,1
the sunrise land,1
Right here!!,1
giurgiu(romania,1
NOT Japan.,1
Behind you ._.,1
philippines ::,1
São Leopoldo-RS,1
최고의 장소 절대!,1
Braunschweig Lower Saxony,1
I live in the internet becuase I run this bitch,1
In my own little animated world...,1
California/Hong Kong,1
Beer City,1
pacific ocean,1
Peru South America,1
Moselle en Lorraine,1
Inside of your walls.,1
Illinnois,1
Kapaa,1
Somewhere without eggs.,1
744,1
San Fransisco,1
Jay FL.,1
Kings Bay,1
MN :3,1
miami florida duh,1
williamsport pennsylvania,1
乙女ロード,1
Geordieland!!,1
Somewhere only we know...,1
Anime/Manga world,1
Pandora's Box,1
Camden,1
in the fairy tales,1
Beyond the Gates of Eternal Damnation,1
Houston Area,1
oN tHe CoMpUtEr :]]],1
SE San Diego,1
.. STALKER! xD,1
Ashuwwdheihfirfhirf xxxx,1
South Cotabato,1
263,1
My House..,1
Estado Libre y Soberano de Baja California,1
The Place Where Wishes Come True,1
were ever i am. im searching for my juliet,1
Part-Time Neet,1
Al-jubail Industrial City,1
hoolywood,1
The Great Frozen North,1
Verdal,1
http://img153.imageshack.us/my.php?image=cuteg0bdf,1
HH1 SJDM Bul. Canada st. Blk. 63 Lot 18,1
Lower Norfair,1
YuriLand,1
Philadelphia/West Chester,1
Allemagne,1
Happy Scotland,1
Manchester/Stirling,1
Georgia =]],1
UAE ~Dubai~,1
Finlanf,1
France 323,1
negros occidental,1
Cracow ^^,1
Still searching,1
Cloud 9 :3,1
Supra New York,1
Sud de france,1
Philippines..,1
In my dying dream,1
Urbana-Champaign,1
Japan xD,1
Santa Catarina - BR,1
Baliiii!!!!!,1
Between a rock and a hard place,1
Default City lol,1
Rimini (Italy),1
Acid Tokyo,1
Madison Wisconsin,1
Vortex World,1
Earth - United Kingdom,1
Nowhere USA,1
Al Riyadh,1
Dracula's Garden,1
Bloody room.,1
blackburn\lancashire,1
Nordrhein - Westfalen,1
Sakura Taurus,1
Horsham(home) Liverpool (uni) UK,1
Look Behind You....,1
california colorado,1
RULES,1
Nowhere's ville,1
Duh,1
Illinois and Iowa,1
Missouri. America,1
Valderøya,1
in the deep dark pits of hell,1
St. elsewhere,1
lisbon (portugal),1
Osaka x3,1
Somewheeeere,1
NDH,1
Orosháza/Hungary,1
Morrisdale PA,1
DETROIT BITCHES,1
happogahara,1
The Shojo World,1
Jigoku (Hell),1
Philipsberg/wisconsin,1
In the deepest lake within a mirror,1
Auvergne,1
texas\la pryor,1
Kamino,1
Upon Thy Throne,1
in a neverending story,1
SA TX,1
Earth >.,1
Somewhere Ovet the Rainbow,1
The Spirit Realm,1
Somewhere between Heaven and Hell.,1
On Ilkla Moor Baht 'at,1
Tallinn-Estonia,1
Maseila,1
himitsu ~,1
Malaysian Borneo,1
Siusha's Tavern,1
Ontario (Canada),1
Ryube Forest,1
In your pantsu drawer,1
none of your beez wax,1
BAYONNE,1
lombardia,1
La Vieille Forêt,1
fafsafasf,1
Look Behind you,1
Southern California :[,1
Chih.,1
I am wher I'm not. hehe ^.^,1
Tupaciguara - Minas Gerais,1
Poland -> Sweden,1
TG,1
Virtual world,1
hurr,1
trying to finish d.gray-man (anime) in 1 week.,1
Winbuck B.C.,1
Between the Stars!!,1
//,1
live house,1
Ohio GO BENGALS! WHODEY!,1
not counting anymore,1
but it has nice padded walls...,1
The Time Vortex,1
Tenshi no Machi,1
Uckfield (Y),1
Tartu city,1
Tнє Wσяld Tнαт Nєvєя Wαร,1
In the Eternal Kingdom of Zeal,1
:] My Heaven,1
Lingrin,1
Saginaw Mi,1
Killa city,1
Somewhere in Earth,1
Houston/Waco Texas,1
Avelgem,1
wishing she could be with that person.,1
rawr.,1
Reutlingen,1
Omnipresent,1
Turkey Samsun,1
Somewhere in this world.,1
Wyszków,1
Auckland New zealand,1
Somewere,1
the constellation of Kasterborous,1
Neo,1
The City of a Hundred Towers,1
Massachusetts America,1
Maceió al,1
@ Kurozucho @,1
deep down in hell,1
Earth's surface,1
TM,1
Krusty Krabs,1
The lovely and tornadic state Texas,1
missaville,1
Sanski Most,1
Antony,1
Hall of the Ancients,1
925,1
Giżycko.,1
Montreal !,1
[[Imagination Land]],1
Land of baked goodies,1
Chi-towwwn!,1
Cotabato City,1
Jed ~,1
The band room--my second home,1
BIH,1
Wherever I want to be,1
Somserset,1
in the 520,1
LDN TWN.,1
Köping,1
Saitama Pre.,1
My house dammnit xD,1
Green Mountain,1
フィンランド,1
sembawang,1
Somewhere like candy land,1
an ivory tower,1
Nerv Headquarters,1
wayne ok,1
The Outside,1
lövgömman,1
Timbuktu,1
K-On Club,1
Front Of My PC,1
In the world of ANIME!,1
Inazuma SMTM MistyMeadows,1
Anaeheim California,1
dunno.. im lost.. lol,1
Baia Mare,1
UK :P,1
ru.54 | новосиб,1
Massachuset,1
Lost in wonderland,1
London & South East,1
Ogrrimar,1
¬¬,1
In the Clouds ^_____^,1
Fresh Meadows. New York,1
killin ur d00dz,1
In Nagato Yuki 's heart~,1
Netherlands (Holland),1
lost in thought,1
Germany ^^,1
Near Lincoln,1
EXCALIBURR,1
the perfect harem,1
Itapema,1
Aveiro - Portugal,1
Centerville,1
St Peterburg,1
Bi; Germany,1
Deep inside the depths of your soul...,1
Beograd/43Kraj,1
Tychy (Poland),1
my fridge,1
behind Sammy-poo right now,1
THOMAS'S BASEMENT,1
Everywhere....,1
Not New Jersey,1
Esbjerg Denmark,1
Riding a Steelix,1
Alto?,1
Hadeland,1
Hofterup~,1
w| GIR Eating Cupcakes x3,1
Keystone City,1
Disa-Disa's closet,1
Osijek Croatia,1
火炎焱燚∏–≥–∞–ª–∞–∑,1
Barnsley/Derby England,1
ドイツ),1
- Sky -,1
Paldiski/Tallinn,1
Flying in the clouds,1
Naraya,1
Civilization,1
Starachowice PL,1
on a roof top somewhere drinking a bottle of milk,1
In Ur Dreams,1
Denmark ♪,1
The little red dot.,1
Warszawa / Poland,1
Surfside Beach!,1
Teaxs,1
Rijeka Croatia,1
Somewhere in England,1
Under your bed. [NY],1
Sweden/Gothenburg,1
pennslana,1
Epping!,1
Itsumo No Tokoro ^^,1
orig. from Philippines,1
Jersey City,1
Kyustendil,1
London Black Order Headquarters,1
In a figment in my imagination...,1
Morrowind,1
georiga,1
baybay maningcol,1
moe moe kyun land,1
IN A WORLD WHERE TRUE MEN........ GET BUFF!!!,1
Svenstavik,1
Glasvegas,1
Marina Singapore-Dubai United Arab Emirates,1
Touzai-Sekai,1
Deafening silence Plus,1
Škofja Loka,1
West Palm Beach,1
Onboard USS Enterprise NCC-1701-E,1
Thilmere,1
Df,1
Bribie Island,1
the cosmos,1
STAG,1
On a cloud,1
Ilocos Norte Philippines,1
In my own crazy little world~,1
Middle in NoWhere,1
S.c. Ca,1
a place in the world,1
Dom. Rep.,1
Near AWA,1
candyed island!!,1
Perú.,1
Englad,1
St. louis,1
Miami Homestead,1
Republic of Bongland,1
on few anime databases,1
Alessandria-Piemonte/Italy,1
Tenesse,1
The SOS Brigade Club Room,1
Land of Ice and Snow,1
World of C,1
Dreams kingdom,1
Ab. Canada,1
That place over there...,1
The Divided States of Embarrassment,1
Ashimakase,1
west haven,1
Ogre - Lielvarde,1
Franken Grosswalbur,1
Travelling between Sylvarant and Teth' ella,1
under your bed 8D,1
Adelaide AUS,1
Middle a' nowhere,1
North of Poland,1
MALAYSIA K.L,1
on the third planet away from a star,1
Wherever there's anime. :D,1
Inidiana,1
~Looking at the sky,1
LaGuNa,1
Alternate Dimension,1
In my own loving world,1
Southern California; A Boston Uni; Seishu Gakuen,1
818,1
bwuahahahahaha!,1
In Cyberspace? o.o,1
Right where I am.,1
an igloo,1
Western North Carolina,1
Wonderland! :o,1
Sugoi,1
북한,1
Land of eternal darkness,1
Salalah,1
Happles!!,1
Brum Massive,1
jacksonville florida,1
N.Kakhovka,1
North Poland,1
Sweden göteborg,1
Deepest place of the living world,1
In front of my PC Screen. Tee hee!,1
padua,1
wolverhampton,1
So close...and yet so far!,1
Grand Rapids. Michigan,1
london [currently],1
☆ wonderland,1
Tropheum,1
Sharkia,1
EDEL GARDEN,1
Vevada,1
РАМЕНское^^,1
YOKOHAMA,1
Dis is my Island in de Sun!,1
Canada / Saskatchewan,1
Somewhere in the Haikyuu universe.,1
Canada ont,1
Mihajlovac City,1
Brookylen,1
Gunnedah,1
MONTREAL,1
Rep. Dom,1
memphis tennessee,1
lalaland :D,1
United States.,1
Orangedew FL,1
The hell,1
Hyrule Castle,1
Jarratt. Va,1
Magic Land/Florida,1
i know.,1
Pennsylvani,1
IN A F**KING TANK,1
Bristol UK,1
Turkey/Istanbul,1
antartica,1
Kuerna,1
Latvia Valmiera,1
Cymeria,1
Akihabara Tokyo,1
Where imagination ends...,1
Turkiye/istanbul,1
Andrijasevci,1
Garwolin,1
Romania_-_ Timisoara,1
like id really type it out loud.,1
The Land of Diary,1
i'm crying away to nothing,1
O-ca,1
lives in Norway,1
Kernen,1
Ribadumia,1
west springfield PA,1
In th' deepess dawkess...,1
Kamael Village,1
i find your lack of faith disturbing,1
Lost in my thoughts..,1
Netherlands - オランダ,1
geraardsbergen,1
Bydgoszcz/ Żnin,1
The spot in which i'm at.,1
A place where there are rocks...with chins :D3,1
where ever i could go if everyones ok with that,1
Sf Gheorghe,1
swe!!,1
Nangijala,1
Wherever I wanna Go...,1
Sveti Nikole. Macedonia,1
Melhus,1
Chełm/Kraków,1
Australia - PERTH,1
Northeast. That's all you need to know.,1
Bucktown,1
天上天下,1
Downtown São Paulo,1
Bloki,1
Air-Frith,1
Anzoategui,1
anime land,1
Poland / Lodz,1
Wasilkow,1
Nuke rain,1
Poland ^__^,1
Hong Kong.,1
Łapy,1
with ..... ^_^,1
Somewhere over the rainbow. Then turn right.,1
In your mother~,1
Germany / Berlin,1
My Happy Place,1
Lipalca,1
Norway :>,1
Some random place in the United States.,1
eh?!,1
Daejeon in South Korea,1
sleeping in a tree,1
kernersville,1
in a pineapple under the sea,1
SPARTAAAAAAAAAAA!!!!!,1
DOWNLOADSVILLE,1
Bhagdad,1
Uniii,1
Norseland,1
The real ass of the world...,1
earth (maybe not),1
you know. EARTH.,1
Gdansk Poland,1
Closer Than You Think,1
Namur,1
somewhere you can't find,1
East Coast!,1
Konoha! :D,1
Candy City,1
puerto vallarta,1
Belarus Minsk,1
NS. Canada (>_,1
Cracov/Kraków,1
Peer,1
the depths of my twisted mind,1
Cracow (Poland),1
Colordo Springs,1
ICPO Kanto,1
中国，北京,1
in the shell,1
Indonesia - Jakarta,1
frellin Ohio,1
Take a guess yo,1
Merseyside,1
C:\Games,1
Kraków (Poland),1
Rostov-on-Done,1
In your dreams.,1
Urban Hell,1
straight from hell,1
~California~,1
also your closet,1
USA / Thailand,1
Sending somebody to Jigoku. . .,1
It's a secret.,1
Borderline,1
Coffee Land,1
Staffordshire UK,1
Inside a bottle,1
Roaming,1
Salamanca,1
秘めたの胸おくに。。。,1
- North London,1
Altanta,1
Random Location,1
Dwelling Within this 3rd Dimension Hell,1
The Toilet,1
quezon city philippines,1
otaku headquarters,1
Australia?,1
Madison NY,1
Barranquilla/Colombia,1
your computer screen.,1
Ji-paraná,1
[Rest],1
Ummm..... I dont know....,1
East Hastings,1
Sherwood Park Alberta Canada,1
Haslum,1
Eating your Cerebrum!,1
9th Circle of Hell,1
nowere i always travel places duh!,1
Mystery Zone,1
Philippines (Mabuhay!),1
in the midst of Colorado,1
Hermosa Beach,1
Tamps,1
トゥルク,1
Various places around the country known as England,1
Everywhere!!!!,1
Not for you to know,1
Home - TX School - GA,1
In front of My Monitor,1
Texas ( at the moment),1
x+y,1
J-town,1
SaudiArabia,1
Poland/Tarnowskie Góry,1
the question is... does it matter.....,1
Hell Fakinaway,1
cluj napoca,1
middle earth >:),1
Pueblo,1
Redmond,1
Mount Vernon Ohio,1
Reading Twilight,1
Shinigami Accadamy!!!!,1
Access Denied,1
Beer-Sheva,1
Nap,1
grimsby,1
Right here.,1
lol guess it,1
Wavre,1
Glued to my tv. HELP!!!,1
Somewhere on earth,1
Malaysia-Kuala Lumpur,1
spain.,1
Bømlo,1
Kira Investigation HQ,1
Wano Kingdom,1
Armpit of America (Ohio),1
Singidunum,1
zhen de zhen hen ai ni,1
The Lifestream,1
The NL,1
Urmuddas,1
Lubliniec,1
Kyentucky,1
taking back what is mine,1
Gernika,1
神界,1
Idol hell with Shay (๑˘︶˘๑),1
trollhättan,1
Ohio (mostly),1
Wouldn't you like to know? :P,1
Bariloche,1
kanagawa prefecture,1
The Forest of Magic,1
Chonburi - Thailand,1
A Town Called Panic!,1
Belgrade/Serbia,1
Yokohama and Mannheim,1
North Bend OR,1
KSA ~ Jed,1
ざわ… ざわ…,1
Lo Prado,1
somewhere over the rainbown,1
Watching You!,1
The land of Aus,1
Gothenburg / Sweden,1
Southeast Daygo,1
In ur Mind,1
maxico,1
PR.Brasil,1
Lienz,1
zuid holland,1
Flowery Branch,1
The Cat's Box,1
Milton MA,1
ДС,1
In Saudi arabia,1
where no one knows my name.,1
..........,1
Goldenrod City,1
err...good question...,1
Recife - Pernambuco,1
IN A GLASS BOX OF EMOTION!!!-------england,1
Belgien,1
東,1
ostrow wielkopolski,1
Kistarcsa,1
on my ass in front of the computer,1
Inmyroom,1
in oblivion,1
HongKong,1
Mór,1
The Minerva,1
haha,1
Niihama,1
Fryslân,1
Hoorn,1
Ptuj,1
Spoonopolis,1
in ur thoughts,1
The Demon Realm,1
Land of Dragons,1
Tawi-Tawi Anchorage,1
I'm lost in anime.,1
On a bridge between the three continents.,1
The dodgy part of heaven,1
Gallatin tn,1
E.L. Mi,1
a couch somewhere,1
bozeman MT,1
Djogja,1
at heavens gates waiting for my love,1
Russia SPB,1
b.f.e. in central illiniois,1
Pick a place... ANY place,1
Ashford academy,1
Behind of You xD,1
Zuzu World,1
like im gonna put that info here!,1
Around Northumberland,1
Portugal ^-^,1
butuan,1
newhere,1
CyberSpace?,1
A place between Heaven and Hell called Life,1
Logan City,1
Search on the web all fucking badass things,1
Near Milwaukee Wisconsin,1
woudn't you like to know,1
Santiago-Chile,1
Miri,1
North Kakalaki,1
Kingdom of Carnava,1
Guess. Maybe I'm beneath your bed.,1
Minden Nord-Reihn-Westfalen,1
Trinidad/ Jamaica,1
Где-то там,1
曲径通幽处，禅房花木深,1
GeneraL sAnTOS cITY pHILiPPInES,1
BoonLay,1
in a pineapple tree...wait what?,1
Mi Casita / My Home =3,1
Somewhere In S.A,1
Bogota-Colombia,1
Australia.),1
Estranho Mundo,1
Lost Angeles,1
Near Rotterdam.,1
Package,1
Sarajevo // Donji Vakuf,1
df mexico,1
jl perum tri,1
Ypres/Belgium,1
Beeswax,1
Bologna - Italy,1
My Hate Untold,1
Night City,1
Somewhere... or anywhere? I don't know...,1
552,1
Grimsby =],1
ANime heaven,1
bukidnon,1
Near a Tigerdirect,1
Swedeb,1
Anime Nirvana,1
someplace cold,1
Dunkerque,1
Siemianowice Śl,1
Cookie Mountain,1
behind you D:,1
Otaku Nation,1
ColdHell,1
With my love ♥ Kawaiii,1
Shroomsville,1
Potatoland,1
Garden.Eden™,1
From Belgium with Love,1
Congo,1
Zamonien :D,1
REPUBLICA DOMINIC,1
Thailand nonthaburi,1
Come find me! >:D,1
surrey England,1
I live in my own world...,1
nnn,1
radviliškis/ lithuania,1
no lie,1
Quezon City - Philippines,1
EgYpT,1
loveing my L,1
Sumaru City,1
D:,1
Usa/Virginia,1
Saint Pierre et Miquelon,1
Shemogue,1
Lawton Oklahoma,1
###,1
South Alabama,1
^^ BR \o/,1
Inowrocław Poland,1
between here and there,1
puget sound salish territory,1
Head in the clouds,1
somewhere in Illinois,1
Boringggg VA,1
sweden.,1
United States - Michigan,1
Border of apathy and inspiration,1
Out of Space,1
オランダ (Oranda),1
Somewhere in the 12 dimensions of space.,1
Happy Valley Division,1
Egypt - Tanta,1
Gedonelune,1
A spherical realm,1
CEbu,1
Location: Location: Location:,1
C A N A D A,1
Kleinstaat Luckau,1
KSA Dharan,1
cold and no pinguins...,1
calarasi,1
spb/ru,1
Siewierz,1
JAPAN / OSAKA / SUNAGAKURE,1
On a giant Rainbow of uber happiness! ! !,1
Florida is enough for you all.,1
In Gins hands,1
Kharagpur,1
Zaanstad!!!,1
NV reno,1
Lala's House -> Rito's House,1
Melbourne Yo,1
Himitsu!!!!!!!,1
To the Left,1
México / 日本,1
Bremen (Germany),1
My Personal Cave,1
Dark Side of the rainbow,1
Fantasialand,1
Creeped Out From Watching Another...o.o,1
romania. `573,1
NAIROBI,1
polu nord,1
Winnipeg ~,1
wherever's the easiest to procrastinate at life,1
Europe London,1
cat brain land,1
bu,1
Place on Earth!,1
Temporarly in vancouver,1
The place where the grass grows.,1
Tj,1
southern california,1
houston TX,1
new plymouth nz,1
saltillo mexico,1
Having fun in the bed with saya & diva,1
Look outside your window...,1
somewhere on earth...maybe...,1
In a mushroom house,1
sanjose ca,1
Nyx Annihilation Team headquarters,1
Apollo Beach,1
Pajala,1
Muffin Land,1
cnnt tell,1
AnImE LaNd,1
canada ehh,1
A Place No One Can Reach...,1
Inside the mysterious painting,1
California :D,1
COlombia,1
New yourk city,1
texasssss,1
germany Neuss,1
Corpus christi,1
Under The Bed,1
Warsaw/Kielce,1
Orb,1
Coffs Harbour,1
the netherlands :),1
Minsk City,1
Salto - SP,1
K.K.,1
Somwhere in Holland,1
Sunny Manila,1
the Philippines,1
A random dark corner,1
California -_-,1
Noord holland,1
Canada Alberta Edmonotn,1
Somewhere only the clouds have seen.,1
mission viejo,1
no longer myself. useles,1
In bakadera's closet watching him undress!,1
Neverland :D,1
Ask if you want to know,1
Tardis;,1
Miémorrina,1
Piotrkow Tryb,1
Where ever my mind is.,1
Ba-Wü,1
where Legends are born,1
Portugal - Lisboa,1
a black abyss of no reprieve...,1
gliwitze,1
The clouds,1
Kishinev,1
adaan,1
Q.Roo,1
MK,1
W-ch ^.^,1
Atlantic city NJ,1
Brasil / RJ,1
Teh Internetz,1
"Senapr"")",1
I'm under your bed!!!!!!!!!!!!!!!,1
makati city,1
Englansd,1
DM,1
de du!! ( that you!!),1
On the internet.,1
uk/submerged in rain,1
Japan O.O,1
Thorsvej,1
kulmbach bayern,1
bucaramanga,1
near Turin,1
ArchTown,1
My little anime hut^.^,1
Tongeren,1
Centre Quebec,1
MLA,1
Under the big blue sky,1
Somewhere betwen here and there,1
Boerne (soon to be Austin) Texas,1
Big Sky Country,1
Navada,1
My Room(parents),1
Lapua,1
Szamotuły,1
in ur face. :P *shot*,1
deva,1
Marche ( Italy ),1
Red Sox Nation,1
the barren midwest.,1
IN HEAVEN!!!,1
Everywhere and nowhere all at once. ^^,1
Thousand Sunny-go,1
Where ever the Army takes me...,1
Bulgaria/DigitalWorld/root,1
uhm.. homee?,1
Netherlands - Deurne,1
Michigan ^-^,1
Day Time Africa,1
No where and every where,1
where anime can be made,1
HoUsToN Tx,1
Manila.php,1
Kardia,1
Anime land,1
polar bears 'n shit!,1
the 'verse,1
SP - BRA,1
Volta Redonda - RJ,1
Lysekil,1
probably,1
Aynor,1
Some where in London,1
Bonny Scotland,1
Alessa,1
Macondo,1
Van City B.C,1
K . S . A,1
computer (duh!),1
Norway(-_-),1
In the manga paradise.,1
Netherlands.. Behind my computer,1
Pireaus,1
Garden of Lillies,1
Angra dos Reis Brasil,1
Moscow (Russia),1
PHiLLiPiNES,1
nxt to boris's house,1
Scandinavistan,1
Melrose MA,1
....Hmmm,1
cation cation cation,1
PARADISE,1
Secret Private!,1
Hurricane Alley - Florida- USA,1
Midwestern United States,1
Center of the flatlands,1
Dalmasca,1
please watch gatchaman crowds,1
Whitehouse OH,1
Montreal. quebec,1
michagain,1
Pápa.Hungary,1
Ørsta city norway,1
the known universe,1
WrocLov,1
Karakura xD,1
Anime World. Where? Find out urself. XP,1
Bredene,1
Saint Lucia,1
Bahrain ~,1
Somewhere on this Planet :),1
愛知,1
Hungary / Budapest,1
istanbuL,1
West Polez,1
Knockin' at heaven's door,1
ArchangeL,1
skylimit,1
World of Warcraft,1
Behind the Moon,1
Seiretei,1
Klaaswaal,1
Idiot World! lmao,1
england :],1
Ikebukuro ;D,1
Crestview Florida,1
#add hell,1
umeå,1
Fort Chipewyan,1
in my bed room,1
Southwest Pennsylvania,1
Romania ~ Bucharest,1
Poitiers,1
Redcar,1
Belarus: Minsk,1
Midnight,1
MUUUUUUUURRRRRRRIETTTTTA,1
Arvada,1
Algarve - Portugal,1
In front of my monitor,1
djibouti ;],1
Entre Ríos - Argentina,1
Pennsilvannia,1
somewhere in the earth,1
Podkarpacie ;),1
the land of polearms,1
Saudi Arabia !,1
----->,1
P-śl,1
Your mom,1
i am in hell,1
Your mother.,1
for now Dallas teaxs,1
Słomniki,1
Upplands Väsby,1
marlborough Connecticut,1
why? wanna grab a beer?,1
flying on a chiicken from south africa to japan!!,1
kir4's city,1
asia.philippines,1
Burbanks,1
Sydney!!!,1
Eidolic Adventurer,1
Questing in the land of Mnar,1
Your Face.,1
PLANET: EARTH,1
Kamehouse,1
Haute-Normandie,1
Lost in my Fantasy!,1
sunny Southern Cal,1
in the hurry up & wait zone,1
94,1
Bassano del Grappa,1
UK / Finland,1
manila.philippines,1
Willoughby,1
Your Nightmares,1
Overseas,1
killing sephiroth,1
UNDER YOUR DESK RIGHT NOW.,1
Israel/Bat-Yam,1
puerto vallarta jalisco,1
Phenix,1
Wandering...,1
Floating Around,1
Nummela,1
Opera,1
England.uk,1
Black Order in Konoha,1
Slofuckia,1
→ Some Where Spacial ★,1
Belgium~♪♫,1
Midian,1
Campbellotown,1
Canoas - RS - Brazil,1
Somewhere in one of the worlds.,1
anywhere >:],1
North Carolina.,1
Sailing the Topographic Oceans,1
*land of the sweet but insane peoples*,1
Under a bed,1
New Oceana,1
240,1
Wy(b)ryki/Wrocław,1
US West,1
Where you keep your food,1
Twisted up in the back of a dresser drawer,1
Looking for work,1
Phillpines maybe someday in japan,1
Romania.],1
Nevermind,1
Mantrop,1
on snow patrol tour :),1
Joshua Tree CA,1
Dorsten,1
Littlehampton,1
Valskog,1
Pozzuoli (NA),1
Wytheville Va,1
ninja high,1
Royston,1
Kędzierzyn - Koźle,1
In a wonderful place!,1
Quebec Canada,1
The Soul Society,1
Champaign-Urbana,1
Little Venecia,1
Oh you know...that place..with the name,1
City of Ten Thousand Shrines。,1
Bazil,1
in the skys above,1
... oscar wilde-land?,1
The Hell that is known as Massachusetts,1
In a Dark Room,1
toronto/waterloo,1
chi,1
St Hubert,1
New England Area,1
Somewhere warm in Tomobiki.,1
Nyan ~,1
The Cold North,1
Rabona,1
Ibbenbüren,1
port mac represent,1
cotton candy land,1
Avon Lake Ohio,1
(62) France,1
Cachan,1
Wushconsin,1
Near Barcelona,1
Wateringen,1
Todaymii'hacka,1
Izhevsk (Russia),1
Baby Consumption Centre,1
Goleniów -> Poland ;],1
Chocolate land!,1
City of Naga,1
in a theater near you,1
that's a secret.. ^^,1
Valparaiso - Chile,1
Pekin.IN,1
Anonymous proxy,1
Thunder Bay ON,1
Southern USA,1
Right there,1
In Shani's Bed^.^*wink wink*XD,1
eatin ur cookies,1
Elkhart Indiana,1
The lonesome crowded midwest,1
Caprica,1
Skies of Temptation,1
scared,1
by mjs side,1
Meh Home,1
newbury n oxford,1
La La Land :D,1
Marocco,1
southeast texas,1
wasco,1
Camlikosk Palace,1
wired,1
nun ya business,1
in a tree,1
In the Anime World.,1
In The Internet Somewhere....,1
Niort,1
Rio Piedras,1
Little Saigon,1
Amsterdam/Shanghai,1
Oudkarspel,1
Khan Tengri,1
Land of Oz,1
Nitro-Wv,1
sitting around with my LT on mangafox.com,1
Its always sunny in florida~,1
pewpewpistan,1
Somewhere within the spiritual mile,1
Beavercreek Ohio,1
e676e228d0627f0efc3b4455ceace9ca,1
stealin' ur nuts,1
Rico,1
The Tron,1
the freezer section,1
Sacramento Califorina,1
atm Athens Greece,1
Nothing Town,1
Tipperary,1
kwuait,1
Jabłonna,1
Mosina,1
Germany - Trier,1
Serangoon,1
Zacatecas Mexico,1
Singapore ;),1
Beside you...,1
jakarta. indonesia,1
567 quirino high-way nova,1
lpc,1
Geffen Rune Midgard,1
Tex,1
Risskov,1
In a pineapple under the sea,1
Neo Japan,1
Slovakia Nitra,1
Mezel,1
Near Sydney,1
17b1286bd34e29822f4aa508b45ad176,1
Denver co-mexico city,1
bethlehem pa,1
Blackfoot / Idaho,1
midgar,1
born & raised!,1
Singapore + Philippines :D,1
AKA Skyworld,1
Michigan ~,1
ISR,1
My Woman Cave,1
In you,1
In a straight jacket hanging from the ceiling.,1
Madison South Dakota,1
The West Block,1
Yumin's bed,1
Siemianowice Polska,1
The city of rain,1
Romania *sigh*,1
In the box,1
Ostróda / Poland,1
@_OREEN_,1
SAO,1
Finland / Tampere,1
Planet Earth!,1
124,1
Monokuro Sekai,1
N.Y. City,1
Where you'd least expect.,1
A.P,1
977,1
philippines and saudi arabia,1
Ns ^^,1
where the wind blows,1
Kay Elle,1
North Somerset,1
Somewhere there is light!,1
35126db47b53bbe77d5d3c5bd4bb1681,1
Bucaramanga,1
behind you!,1
Ne.,1
VIÑA DEL MAR,1
pyongyang,1
Somewhere inbetween my compie and my chair,1
Israel ):,1
Just follow my footsteps .,1
guam.,1
A quiet place in deep thought...,1
MidAmerica,1
Why even ask? I won't give a truthful response.,1
Right Behind U,1
With Yomi,1
768,1
MANUREWA,1
Eastern Side of The US,1
Someplace... preferably Gensokyo,1
No One Knows Where A Ninja Goes,1
Um I Guess Earth,1
G othenburg sweden,1
Lørenskog. Norway,1
Shadowland :),1
LOL FUNNY,1
alone,1
Terra Nova,1
Benin in West Africa,1
Serbija,1
country-side,1
Hyperborea,1
calapan city,1
243 pala vista dr #25,1
Who wants to know?,1
England North-East,1
Finmark,1
Songtan Korea,1
In Bed Watching Anime...,1
RS. Brasil,1
Paris!,1
loliland,1
São Paulo - brazi,1
Ribatejo,1
ミズーリ,1
ア,1
flushing,1
dungog,1
Under the lightbulb,1
Durian,1
m_a_stoor@hotmail.com,1
Verde Mont,1
あめりか,1
duh,1
forest,1
Staten Island,1
Paragnosiapolis,1
Putney(GB),1
Koptevo,1
El Cajon,1
On the Clouds Left side of the Oasis. LOL!,1
Soul society / Łódź,1
sampa,1
naples,1
Sunny Go~,1
Between time and space,1
Poland/Białobrzegi/Warszawa,1
hongKOng,1
Germany[Berlin],1
Sweeden,1
六軒島,1
Philippines... >.<,1
NE Ohio,1
Vincennes (94),1
CHENNAI,1
Burlington ontario,1
under a boulder.,1
New York THE BIG APPLE!!!,1
None,1
Rorange Mountain,1
Near to... You. ^^,1
Charleston South Carolina,1
Sassari Italia,1
Grimstad,1
land of music,1
NOWHERE HAHAHA .. okay,1
EGYPT YAY,1
spania,1
Asker,1
Prahova,1
valderøy,1
By Clair's side,1
Geldermalsen,1
Faeforhsta,1
000 kilometres from Tokyo,1
Michalin,1
Taiping Heavenly Kingdom,1
in between the world of jpop and kpop,1
somewhere that has fantasy in it,1
Nowa Wieś Lęborska,1
Borlänge,1
DG,1
Perm City,1
Fuji Yama,1
Bathroom Stall,1
leyte,1
hawaii/oahu,1
dude,1
Patra -Greece,1
In front of you ~ ..!!,1
Imbaland,1
Land Of Confusion,1
Urf,1
kuwait but im lebanese,1
Massena NY,1
who care,1
The mystical world of Narnia's back garden,1
Capriolo (BS),1
Inside Elizabeth,1
Riga. Latvia,1
BrazilL,1
The 7th Layer of Hell,1
Eorzia,1
The Dorm Room,1
Olathe,1
Place,1
Lol-Land.,1
where the wild things are,1
Around.,1
Home for Imaginary Friends,1
somewhere in the bloody side of life,1
東京ディズニーランド,1
Yami no Sekai xD,1
in your heart memories...,1
in your dreamworld,1
Imperial Tomb,1
Elming,1
Myszków,1
福岡県,1
detroit michigan,1
姫路城、兵庫県、日本,1
Taiwan (From Caribbean though),1
Lethbridge Alberta,1
Minas,1
Westminster California,1
Deception Bay Qld aussie,1
MX City,1
los angelas CA,1
Middle east/Israel-The Tuncluer International T.T.,1
san mateo rizal,1
Fejér,1
Polska - Olsztyn,1
Raanana,1
somewhre down the road,1
Latvia / Talsi,1
Northern ireland,1
You wish!,1
its no ones business XD,1
geofront,1
West Hartford CT,1
South Bend Indiana,1
Pachuca hidalgo,1
mexico d.f,1
Big Island State,1
Your Mind,1
SoMeWheRe ArOuNd The EaRtH!! =),1
Białystok (PL),1
J-Town,1
The Gate,1
Everett WA,1
front of the computer,1
North-Central Florida,1
I'll get back to you on that.,1
「REDACTED」,1
Inside your Favorite Anime,1
575,1
Italy/Philippines,1
PLACES,1
Phoenix. AZ,1
Leonardtown,1
kuku land,1
Szczecin (Poland),1
Muntinlupa Manila,1
Virginia Beach VA,1
Pistoia,1
OfRreach;,1
Hessen/Germany,1
Loliland,1
JJ Universe,1
Vitebsk- BELARUS,1
always beside eu ~ ^o^,1
ウースター,1
Con - Con,1
Sacramento Ca.,1
The boonies,1
Seattle/Tacoma Area,1
in.d.,1
muncie indiana,1
~Lost in the Rain~,1
Roumanian,1
too classified,1
Belém - BRA,1
Ri,1
Mönsterås - Sweden,1
Guelph Ontario,1
Capital del Mundo,1
andøy,1
Eastern US,1
Tommy Land,1
Oblivion....O.=,1
somewhere down the road....,1
Turkey Denizli,1
Orle,1
Indania,1
SLovenia,1
Pushkino,1
hovering over Penguina,1
France Paris,1
beyond the hills and seas,1
Guam. D:,1
Gamindustri,1
Southwest Virginia,1
On the road to Viridian City,1
Fuck if I know,1
portugal_lisboa_portela,1
Romania.Iasi.,1
Florida aka Slowcala,1
phildelphia,1
everywhere i go if everyone's ok with that^^,1
romania/constanta,1
Piekray Śl.,1
Bet-Shemesh,1
[Shadow's World] ... or Catania XD,1
Sarxos,1
The physical plane(USA),1
somewhere between reality and fiction,1
HELL!,1
always in your mind,1
anywhere I want to be B****,1
lost in my mind,1
Madhouse,1
in a valley of roses,1
Manaus - Amazonas - Brazil,1
Whippany NJ,1
a place with ninjas!!!,1
sg,1
jonava Lithuania,1
016,1
Sabrie.,1
i'm not sure..),1
Taunton,1
Fairy Tail Guild ♥,1
The Land of Eternal Readiness,1
Canyon Lake texas,1
calexico california,1
Seedy underbelly...,1
Tournai,1
for the most part,1
mii town,1
Cinnabar,1
Gondomar,1
Birkenhead,1
Mssachusetts,1
SHUTdesFUCKUP,1
Linschoten,1
guayaquil,1
somewhere in FL,1
Kolozsvár,1
Japan-Yokohama,1
malacca,1
Below The Stratosphere,1
The Nexus of Creation,1
Organization XIII's Castle alone with Roxas.....:D,1
Who knows...?,1
YOUR FACE,1
utopia,1
los banos laguna,1
Oak Forest IL,1
Cold Country,1
lancaster,1
A van down by the river,1
Etherkeep,1
Čituk,1
Serdio,1
サウジアラビア~ Rio,1
Oslo/Berlevåg,1
Cologne ♥ Germany,1
Loegumkloster,1
T.W United Kingdom,1
darwin,1
champaign/urbana,1
Canadarrrr,1
Neither heaven nor hell.,1
SHIATTORU,1
ShitTownUSA,1
My bed...,1
地獄。,1
Lattakia syria,1
noneofyou'buisinessyo',1
Śrem,1
Nottingham - Bolków - Jelenia Góra,1
You would like to know!,1
Wherever Haruhi wants me to be...,1
My wonderful home.,1
In an unknown reality...,1
Far Away XD,1
Anywhere you want me to be.,1
Somewhere beyond sadness and happiness,1
Dark Zone,1
Mexico D:F,1
Poland/Lodz,1
London/Gdynia,1
MALMÖ!!!! :D,1
Miasto K.,1
JB,1
venezuela / guayana,1
the Abyss,1
Russia/SPB,1
@ home like always xD,1
Lecenter Minnesota,1
I live in your moms vagina,1
AHOY,1
Right behind you... Muhahahaha,1
The third music room.,1
B.C. N/a,1
54 68 65 20 4e 65 74 68 65 72 6c 61 6e 64 73,1
Somwhere in the Northern Hemisphere.,1
not telling :P,1
Shinra Inc.,1
Were are you?,1
кусь❣,1
Radar spot on country called Malaysia,1
gardena,1
ajman,1
Venlo,1
ES - Brasil,1
I Dare you D:,1
Kanon,1
unknown~,1
alice's wonderland,1
Planet Aqua,1
Somewhere out there....,1
fire nation,1
sitting in a corner alone *sobs*,1
Inyourmom,1
Hope's Peak Academy (ﾐ´ω`ﾐ),1
DEE BAII,1
USA AZ,1
Skania,1
keskisuomi,1
Neo-Venezia ♪,1
Canada. :],1
Palatka Florida,1
Hadrian's Wall,1
Polska - Warszawa,1
Antwerp city of diamonds!,1
Hole full of underdeveloped species a.k.a Romania,1
newport,1
Frankfurt / Germany,1
asfsdfbvavfsd,1
IN RYUZAKI'S HART !!!!!!!!,1
Here...,1
austin,1
At a computer,1
NM (For College),1
Wolne Miasto Gdańsk,1
"""Holy Land""(=israel)",1
Near Bonn (DE),1
shou's house,1
Abu dhabi ~~~الامارات,1
chilito,1
In An Undisclosed Area,1
In the darkest night,1
Nowe Miasto,1
Kamakura,1
thousand sunny,1
People's Republic of California,1
Mi house,1
Somewhere fun!,1
vegas(:,1
metz,1
slovak,1
the place where wishes come true~,1
jamaiac,1
Neverland (o(,1
in my sweet home,1
Despatch,1
Czech Repiblic,1
Marki,1
Forks Washington America,1
pLaces (little p big L),1
Penticton B.C. Canada,1
Tōkyō ;3,1
Kerava City - Finland,1
hue,1
capital heights MD,1
south cali,1
Hoensbroek,1
bkk,1
Djakarta,1
America's Fragrant Armpit,1
alta,1
SP - BR,1
C a l i,1
and I'll find you...,1
GRATE YARMOUTH / NORFUCK,1
1145141919810,1
lost under the mountain of books pealse send help,1
Qlz,1
Dade County 305,1
northants,1
Drffield,1
In a place where it rains alot. ^^,1
Ankara/TURKEY,1
square state in the U.S,1
Masterpiece,1
Nyappy World!!!!,1
661,1
GREECE,1
Poland (ポーランド),1
Leczyca,1
La Oscuridad esas son mis ciudades,1
somewhere far away ;p,1
Cracow ;),1
Whatever...,1
Nihon Country,1
Houswenson,1
Mira,1
Hentain Mori,1
Middle of Nowhere Outpost,1
Southern Oregon...Oregon (tee hee),1
inaba,1
Puragotry,1
in my room. :],1
the Soul Society,1
Kalimdor,1
Entre Ríos,1
Lecco - Italy,1
bourgas,1
Poland/Olsztyn,1
Unreality,1
Southern Gensokyo.,1
Monterrey Mexico,1
Target,1
Catamarca - Argentina,1
The Middle Kingdom,1
Wahsington,1
deep south Texas,1
right over there *waves*,1
zdhtrhrthrahhhhhh,1
Poland (Siemianowice Śląskie),1
Fighting with Sephiroth,1
Owings Mills,1
TAS ★ Faction,1
Windsor Ontario,1
Vught - Netherlands [ NOT AMSTERDAM ],1
Southern Maryland,1
サンフランシスコ,1
Somewhere Over the Rainbow~,1
bathroom,1
In my Ivory Tower...,1
The brink of insanity,1
Pangea,1
israel\karmiel,1
Finland~,1
etelä-häme,1
lawton,1
Englandness,1
Bulgaria - Kazanluk,1
California (Damn Liberals),1
Cape Breton,1
Russai,1
Hiding in a shoebox,1
OMG! Where am I!!!,1
The Bible Belt,1
turning others into zombies!!!!!!! l-D,1
New_YOrk,1
Multiple places across the world.,1
doki-doki,1
iz 2 1337 2 has locashun,1
canada/glace bay,1
ashkelon,1
UC Davis,1
Lurking in the shadows,1
The Lone Star State,1
Temple city,1
Libiąż,1
Bruges Belgium,1
Dolnoslaskie,1
Holic,1
Japan/Malaysia,1
Poland // Suwałki,1
DA BAY,1
JaKarta,1
Canada ;),1
*insert cliche fake location here*,1
S. Carolina,1
Will,1
whever u are not,1
Raciborz,1
WHERE O U WANT ME TO B?!,1
under a rock PX,1
in ur mouth,1
somwhere in swiss,1
Die goldenen Sande des Westens.,1
UK (currently),1
frankfurt germany,1
Dunlap. Tennessee,1
America/Fiji,1
Pocky World,1
poznan,1
far from you,1
Natania,1
Yellow-land,1
costarica,1
horribly horribly lost,1
Sr.Mitrovica,1
"kicking neenee""s ass",1
Allosimanius Syneca,1
In my Dreams,1
The Middle of Everywhere,1
Nauru,1
Rio De Janeiro - Brazil,1
capital federal,1
In Card Game Anime and Shounen Anime Hell,1
North Carrolina,1
N: 53.430 ° E:14.529 °E,1
"The east coast of ""Brittania""",1
Lost somewhere in time,1
Karakura Chō,1
Jacking on in the bathroom.,1
Nilopolis,1
Riyadh/Boston,1
Remscheid,1
Deep in the bowels of hell,1
GErmany,1
Gencsapati,1
Clow Kingdow,1
Rep.Dom.,1
Eastern region of the Little Red Dot,1
In a small coffee shop...,1
Zagazig,1
Albany GA,1
Manitoba.,1
Where am I exactly?!,1
Honey Brook PA,1
Ylöjärvi,1
Ayala,1
B3h1nd j00r 5cr33n,1
8eac3eeaad7c75ac9c0e8091b087d04e,1
in a fansty tokyo,1
Swanscombe,1
Stealing your grandma cookies.,1
Currently moving location so stand by ;],1
Michigan United States,1
your moms ass USA,1
Waksmund,1
Girona...etc,1
Disney World xD,1
How about asking.,1
oguri shun's bed,1
Dorotea,1
The Negative Zone,1
Northern Illinios,1
Gilbert. Arizona,1
New York...,1
Japan (tokyo),1
Right Here!,1
Durham NC,1
Silent Echos,1
Rj - Brasil,1
Maple City Mi,1
Sweden the land of nonbelievers - Gothenburg,1
None of your business! ^_^,1
North of the Equator,1
Somewere between anime and stepmania,1
Independence Oh,1
C.I,1
Shinsengumi HQ,1
My Room In The Dark. Wearing nothing. Cept Clothes,1
Soutampton,1
with my parents,1
hello there c:,1
CaLi,1
anza,1
poland / Dolnośląskie,1
Cookie-Domination,1
+65,1
Q.C.,1
The future,1
Bishkek,1
nabeul,1
at a party,1
mountains,1
Sittin' upon a Baneblade,1
La Paz - Bolivia,1
ker-lunk....malaysia,1
Cali !!!! Go Cali!!,1
Somewhere at the 10th,1
forever in ur blind spot,1
Broom closet,1
Prais,1
Heidelberg,1
Texarkana,1
rio de janeiro - Brasil,1
Jerez de la Frontera,1
Chaotic Lands,1
Canada...that's it...go away...NOW!,1
Monrovia,1
In a Maple Leaf Inn,1
USA :P,1
Leon GTO,1
trier,1
Brazil-Florianópolis (SC),1
Magic Land....?,1
In and Out the Universe,1
Fennmont,1
Nowhere in Africa,1
352,1
西宮,1
Brasov / Kronstadt,1
Stavanger. Norway,1
Jurong West,1
oradea,1
Still quite lost,1
lost...,1
BORNEO,1
724,1
tijuana baja claifornia,1
Arica,1
in front of compute,1
vietnamese,1
The Fiery Pits of DOOM!!,1
Ldot,1
A place called Paris,1
Far From Paradise,1
east london,1
jordan-madaba,1
New York/Chicago,1
beford,1
Mountieland,1
Nibelheim Outskirts,1
Ventara,1
Somewhere over the friggin' rainbow,1
Andernach,1
idk depends,1
NYC of course,1
somewhere :D,1
EU - Middle Europe,1
whitstable/tenterden,1
Birmingham. UK,1
Nodak,1
Califorinia,1
China or Texas (depending on the time of year),1
lejos...,1
on top of the world,1
Tierp,1
In Your Pants ;DD,1
On My ***,1
Russian Fediration - Tver,1
My own little bubble,1
on the phone,1
Legnica/Wrocław,1
Philippines....,1
Sölvesborg,1
South of Canada,1
SOS Brigade club room,1
Inside your refigerator,1
Laying at the foot of your bed,1
dk,1
Philladelphia 215,1
We're Goin' Back To The Future,1
Fuuto,1
420City,1
Thornaby,1
Spinning around,1
Gelgium,1
London~!,1
LUblin,1
Mnichvo Hradiště,1
Ankara Turkey,1
ILLL,1
Friuli,1
Van / Rize,1
God's S.T.A.R,1
Beylikdüzü,1
São Paulo / Salvador,1
Houston TX (for now),1
New Orlean,1
Raining State Of Seattle,1
gdzie diabeł mówi dobranoc; Poland,1
Poland - Mikolow,1
where ever the wind take me,1
Australia Bro,1
Ringsaker,1
Kuala Belait,1
Bay City,1
Aussie Aussie Aussie Oy Oy Oy,1
The Dark Realm,1
Cali-fuck-nia.,1
In the Shadows of the Future,1
East European Imperial Alliance,1
medina,1
k.l,1
the computer,1
Amsterdam-Amstelveen,1
Florida Orlando,1
infront of the computer,1
West Sacramento,1
that's classified:),1
USofA,1
ain beida,1
South,1
Not using this anymore,1
Forest of magic,1
9R8r7,1
närke,1
Växjö,1
dubai uae,1
bat uk,1
Poland Piekary Śląskie,1
León.,1
hostel 18,1
malacky,1
Darkania,1
Northwest Alabama,1
philippines!! i cant find it in the choices damn!!,1
Cardboard Box,1
Auburn University,1
sailing away in a pirate ship,1
NRW; Germany,1
Southeastern PA,1
Britannia Empire,1
Oslo. Norge,1
...BOO...,1
Псковская обл,1
North Borneo,1
BEING PISSED OFF BECUZ OF MY DUMB LIFE,1
3rd cloud on the left,1
Evaifueru.,1
Land of Asura,1
e,1
In your pocket - I’m a carry along nuisance,1
Tolono IL,1
Ok street,1
Levittown Puerto Rico,1
Trapped within my own mind,1
Baja california,1
Niederösterreich (lower austria),1
Port Charles- Wisconsin,1
Midgar Sector 6,1
p-town,1
Stuck in the NHK.,1
Heinessenpolis,1
Bungie HQ,1
Karabuk,1
米花町,1
In front of my computer :),1
Seiren Island,1
Złotoryja,1
chch new zealand,1
In NIRGLIDE!!!,1
NEW YAWK,1
Hidden Leaf Village :DD,1
in your bathtub :D,1
puertorico,1
monterrey nuevo leon,1
Brownsville TX,1
croydon,1
Las Piedras,1
In the out of control world...,1
zadupie xD,1
Nordic Countries,1
Bankok,1
Following You~,1
around,1
Pensacola,1
Today,1
Just North of that place... yeaaaa... you know...,1
~In your dreams~,1
somewhere on this hell hole we call earth,1
the world of anime,1
Bottom of The Death Valley,1
Wolomin,1
Mons,1
West of Boston,1
BiShIe WoRld,1
In front of my pc,1
Tay-has,1
M'sia,1
Landskrona,1
The Lobster Forests of Southern Maine,1
beer sheva israel,1
illanoys,1
Paradis,1
wandering between worlds,1
Ecuador - Napo - Tena,1
South Surra,1
8th sky,1
Зеленоград,1
София,1
Tepperin,1
Pennsyvannia,1
Saudia Arabia - Riyadh,1
Zetta's Netherworld,1
R.A.K,1
Idiot land,1
pachuk mexico,1
Among the stars,1
NeO-ToKYo,1
Watching Anime!,1
3miasto,1
Uberlândia - MG - Brasil,1
Seoul in Korea,1
LOL SINGAPORE LOL,1
United arab emirates dubai,1
+8:00 GST,1
Palanga!,1
lansdale pa,1
My Own Fantasy~ :D,1
strange town,1
With hero holding hand >///////////< ♥ ♥,1
OhiO,1
Tampines,1
Alt :D,1
Space Colony,1
Akihabara...I Wish,1
Somewhere in time...,1
Białystok | Poland,1
Trammylandd(:,1
Emeraud Coast,1
Alcabideche,1
9df79f5c8a0be87ebc0f8d1edef435e2,1
truvalu ulterrior,1
Nipomo,1
my happy place...,1
Winthrop,1
PANAMA,1
I do no drugs.,1
Weston-Super-Mare,1
Hell - You got a problem with that?,1
Manchester / Gdansk,1
Tokoyo,1
you clone those lemons,1
silkeborg denmark,1
Yiffanovo,1
Troisième planète après le soleil,1
Univer,1
Hidden Heaven..,1
Бухара,1
DC1,1
Neverland. (Poland.),1
♥ ~ Anime World ~ ♥,1
tarsonis,1
New York ^-^,1
beyond the horizon,1
BC.,1
V region,1
Fibber Island,1
Turku (and everywhere else in Findand),1
NJ.....i mean behind you XD,1
califorunia Missouri,1
Svallerup,1
Pakistan.,1
New York ftw,1
Anomos,1
Shangri-La,1
Generally in my mind.,1
far away.,1
Under your bed....,1
South Auckland,1
AQUVY / ruines ZEBOIM,1
Lolieh Land,1
Lodz Poland,1
In the Fire Village Eatin Ramen with Naruto =],1
Poland Capital City,1
The Netherlands!! ^^,1
In you'r closet,1
מיייאומיה,1
Village Hidden in the Shadows,1
Colle B.za,1
PHP,1
Abruzzo,1
Zawiercie/Katowice,1
Poland Wrocław,1
Rockland County,1
The Wonderland=] Peace=),1
On my PC,1
place to live and die by,1
springfield mo,1
Here watching anime,1
Bangkok -Thailand,1
most of me is in texas the rest is lost in the eth,1
England. Oh yes.,1
cuddalore,1
twin cities,1
http://gamingvideogames.blogspot.com/,1
X3,1
where am I exactly?,1
right under your nose,1
Chorzów Poland,1
Pułtusk,1
nowhere. gone,1
...in the shadows,1
Canadahttp://myanimelist.net/ed,1
on you bed,1
In the sky with many soft clouds and cute puppies,1
100 acre woods,1
In a Rock Concert Living the Moment Up,1
la-la-land,1
Somewhere fabulous.,1
Look behind you,1
melbourne!!! australia [:,1
Granada~,1
Nowogród Bobrzański/Poznań,1
I have no clue but i see a barrel with fire coming,1
a.k.a. God's realm,1
pittsburg,1
memphis tenneddee,1
Sitting in the cupboard.,1
Vagina dentata,1
vila velha ES,1
my sit,1
Heck,1
Kuching,1
Otome World~~,1
..sumwhere over d rainbow..,1
VN,1
Mieres - Asturias - Spain,1
massachusett,1
Poland-Płock,1
kfar-saba,1
That island place somewhere,1
over the moon and turn right at the brige XD,1
i don't feel like telling you!,1
The exurbs of Charlotte,1
Kentucky.,1
sardegna,1
~In my head~,1
A Spooky Forest,1
Ejpaña,1
New York :3,1
north caralina,1
The Hana in Wonderland,1
Dimension Dream Kingdom,1
CHINA ● in His Heaяt ~,1
pHILIPPINES,1
Wanting to go to England. ^^,1
Salvador-Brasil,1
Earth-616,1
ღ♥,1
stalker......oh its in cali,1
the Wired,1
A csillagokban...,1
with rei-chan,1
Valley of wind,1
UAE-SHJ,1
PIE,1
ilford,1
Galati:P,1
Krakow / Poland,1
Occam's Chainsaw,1
in a truck,1
in her dreams,1
volzhsky city,1
Monsteropolis,1
Malasia,1
RLP,1
Foligno (PG),1
It is a mystery,1
A Place Of No Return,1
Ibaraki,1
Texas :) not really that old. :P,1
IN MY OWN SPECIAL WORLD(MIND YA BUISNESS),1
On the Edge,1
por el centro,1
Hong_kong,1
With Ikuto,1
The shadows around which you live.,1
belvidere,1
Anime Boston with my friends of course!,1
Tuszyn,1
76°55′39.03″ W,1
Hogwart,1
205984,1
Skogen,1
Kozta Rrikah,1
Somewhere in the northern hemisphere,1
weissland,1
Schenectady NY,1
SMMMAAAASH,1
Pernik// Bulgaria,1
Why would you want to know stalker?,1
IL Harolds Chicken getting a pizza puff,1
Volzhsky city,1
in a shiting world,1
Dartford,1
Oldham,1
Chicgo Illinois,1
United Arab Emirats,1
Germany Nürnberg,1
N UR internets,1
I Wish!,1
Uttara,1
CaliFoNYA! Babe!!!!,1
sekai,1
murika,1
303,1
Kuiper belt,1
Northeast Region,1
Tychy Poland,1
In the memoryes,1
Moon Sphere,1
...雨...,1
Mcallen Texas,1
Marin,1
So. Cal,1
Land of the Long White Cloud,1
Bahind you.,1
Aracaju,1
mississauga,1
Over there..,1
IDK??????,1
floofy pancakes,1
Chile/Antofagasta,1
Ishbal !,1
Behind you! :3,1
Aguascalientes,1
with wolfram,1
I'm so East Side I End Up in Far West Coast,1
Glazurowe Wybrzeże,1
santa cruz de tenerife,1
Kefka's Tower,1
Somewhere where anime grows. ;_;,1
Ouro Preto - MG,1
Baltigo,1
SEARCH AND you will FIND ;),1
Guerrero. México,1
Julianadorp,1
Somewhere in Scotland,1
my computer:P,1
my room ^^,1
North of Nowhere,1
Jupiter -_-,1
northern california,1
....shinigami world,1
kingston/jamaica,1
Kassel/Hessen,1
Gakuen Basara,1
Basking in my fangirl fantasies!!!,1
nati,1
Kamurocho,1
Going to shift in the future lol,1
Arizon,1
a tank full of sea monkeys,1
Gto,1
none yours,1
STALKERS,1
dark kingdom hearts tokyo japan,1
The most comfortable cardboard box,1
The Bone Pallace Ballet House,1
RUSTAVI,1
On your roof....,1
Pizza Hut =D,1
Lille; France,1
Lot 49,1
sardinia,1
Svelvik,1
Ptolemeo,1
Moscow city,1
Austria;Graz,1
IN DA CLUB,1
My Desk,1
JapanTokyo,1
sitting in front of the computer XP,1
Zebes,1
3rd rock from the sun,1
United States!! Duh!! lol,1
Cordoba Capital,1
MYST,1
Yonkers Newyork,1
HIS-pain,1
A giant peach,1
Dorm room xD,1
Bekescsaba,1
The closet in your bedroom,1
Rheine,1
Hungary - Marcali,1
♥♫~ B.A.P LIVE ON EARTH ~♪☆,1
Manitoba. Thats as vague as I'll get.,1
C*۞אּعI ร †,1
Appleton,1
May City,1
Under your bed xD,1
crying,1
throwin apples to u with ryuk,1
Where ever your none,1
jhb,1
Poznań/Dębiec,1
Szklarska Poręba,1
Canada vancouver BC,1
302 Rassilon Era,1
The land that boredom forgot,1
Fuckingham Palace,1
ay,1
canberra,1
Baden Württemberg,1
In L heaven,1
riverside ca,1
Albion pa,1
In the corner stealing your manga,1
Brasil - SP,1
in hell,1
In The World of Anime And Manga.,1
In your mother's basement,1
Hell (North Texas),1
Calvados,1
next to my computer,1
Joliet IL,1
Warsaw (!),1
...not there yet,1
classified information,1
Northampton...,1
Riga Latvija,1
pvh - brasil,1
Pizza,1
where am i..? xD,1
West Midlands UK,1
Jeddah Saudi Arabia,1
ラーメン屋一楽,1
wandering a dream,1
Przeworsk,1
On ThE oThEr SiDe,1
KB,1
ADS,1
Lost Within My Own Subconsciousness,1
Tagum City,1
Eskişehir dostum.,1
Jyväskylä City!,1
La Serena- Chile,1
kaltim . Indonesia,1
El salvador,1
Alliance Ohio,1
Wrocław (Lower Silesia),1
frtr,1
I dunno.... XD,1
CJ-N,1
Macross 7,1
Paratethys,1
Out of Mind,1
Houston TX,1
uhh...The World?,1
Havana,1
Sligo/ Ireland,1
Well Wouldn't You Like to Know,1
In my room~,1
Amsterdam. Netherlands,1
bilbao,1
Zalahaláp,1
in my own planat~,1
Essex! YAY!,1
Široki Brijeg/BiH,1
here...there..and everywhere,1
Karanganyar,1
Northern Mexico,1
Bay area by san fransico,1
"-123° 04' 21.00""",1
but they did,1
Nebilem's Crag,1
Karmøy,1
Neverwhere,1
Austin Tx via New York City,1
Gargzday,1
Penny,1
anime planet,1
@ Home! Sweden,1
UAE- shj,1
Illininois,1
at the north pole with santa,1
appleville,1
Somewhere near the beach,1
Clermont-Ferrand (FR),1
Israel xD,1
above you,1
+10 GMT Yasakuni,1
eating out somewhere ^_~,1
Kalocsa,1
Taki kraj co się Polską zowie.,1
area 11,1
~town of confiels~,1
город весны,1
Riovanes Castle,1
Swirl of Mortality,1
wolvo,1
the USA,1
Stokke xD,1
Great Britain.,1
Poland/Malopolska/Tarnow,1
Bytom in Poland,1
tallin,1
Bristow VA,1
The Waterfall of Nine Heavens,1
Kajjaani,1
oakwood ohio,1
sunny nunny,1
Novorossiysk,1
Monea,1
vilnius Lietuva,1
Mediterranean Sea,1
Somewhere..... Where your not,1
Mid-West,1
Nny's Basement,1
Chandler Arizona,1
st johns newfoundland,1
Europe ✈ Australia,1
Hinata-land,1
now here tomorrow there (P.R.),1
Quebec361,1
Around your feet and inside your shoe...,1
Mallow co Cork Ireland,1
Planet Megatron,1
dayton,1
Fuyuki - Nihon,1
Tōō Gakuen Kōkō,1
Ta Da! Here I am!,1
Raindrop,1
Cross Academy ;D,1
U.S. east coast,1
In the abyss of thought,1
Lithuanian soul,1
Shreveport,1
NEW WORLD,1
Kocaeli - Darıca,1
Oberhausen,1
North Carolinazzz!,1
Your window,1
My Own Lil World!!!,1
FR,1
Terra incognita.,1
Quezon City or Bulacan,1
Inside of mother board.,1
Nederlandia!,1
Daniland,1
390,1
Mogi Guaçu,1
haute savoie - france,1
Mitte,1
MuhahaxD,1
Soviet Canuckistan,1
A place where dreams exist,1
Ascension of our Lord S.S.,1
Recife - Pernambuco - Brasil,1
7th lvl of hell,1
sabah,1
Somewhere Around Nothing,1
Queenslane,1
Goleszów,1
Montreal ^.^,1
dead sea,1
USA - In hiding.,1
None of ur biz,1
Winchester VA,1
Buenos Aires-Argentina,1
Cyberton,1
On a comfy cloud in the Sky,1
arguing with the voices,1
Gdansk/Malbork,1
Teh World,1
Płońsk,1
walking around in darkness...,1
Lipis??,1
with my love softballchick01,1
Milwaukee WI,1
My Computer.... think Id tell you more stalker? -.,1
Ecuador ^^,1
wheat Ridge,1
箱の中,1
Northrend,1
Rzeszów / Kraków,1
イスタンブル (Istanbul),1
The Long Earth,1
Tumba,1
world of anime,1
Sol : Earth : USA : Oregon : Portland : This Desk,1
Waukegan!!!!!! AkA wauk-town!!!!!!!,1
melrose mass,1
Tatabánya(Hungary),1
000 BC,1
=3,1
Between Worlds,1
eunaovofalaraondeeumoro' d;,1
la la land/aka my happy place,1
K . S . A .,1
traveling,1
incognito,1
IGACOS,1
somewhere far away,1
italia - bergamo,1
Japan But Really In The USA,1
Anime-World :D,1
Lost Between {Truth & Lies},1
Alleur,1
google it yourself XP,1
Düsseldorf Germanny,1
yaoi land,1
MK City,1
Holy See,1
Poland // Rzeszów,1
Slovakia....Bratislava,1
esposende,1
Carhaix,1
Montréal ヽ(°Д°)ﾉ,1
Rokiciny,1
minoseta,1
It's a secret! Shhhhhh,1
Mangareader.net :D,1
sweetanime town,1
The Garden Of Madness,1
Las Nubes,1
Mangaville,1
123 Kheel Lane,1
A place where dreams exist and viridescence lives,1
I forget,1
Tin Town,1
Dracula Land:D:Romania,1
Türkiye. Antalya,1
NA. Spain.,1
Waspik,1
Does it really matter?,1
Altomare,1
In the sky taking anime feed,1
On a mission somewhere,1
Luv Island,1
Somewhere in the Matrix,1
No place,1
dream land,1
Santa's homeland (and it ain't North Pole),1
maharashtra - mumbai,1
Elektrėnai,1
Back in the North,1
Wouldn't YOU like to know!,1
SECRET!,1
Tokyo of my Dreams^^,1
Lisbon / Madeira,1
called Hell!,1
✖marksTHEⓢpot,1
Santa Marta,1
ヽ(;´Д`)ノ,1
N. CO,1
La-La Land,1
Ontario #604,1
Burajiru,1
forest hill,1
hmm....,1
vvardenfell,1
Kaohsiung,1
Ever reaching infinity,1
samarinda,1
Saiunkoku,1
im ur dreams,1
(☞ﾟヮﾟ)☞ ☜(ﾟヮﾟ☜),1
Anime Kingdom,1
BAE's Bottomless Swamp,1
secret....... hehehehehe,1
Aus - sydney,1
The 16th Marble Moon of Venus,1
BC. Canada,1
Portugal x),1
Gaza,1
Viernheim (Germany),1
Germany/NRW,1
currently the UK,1
Prudnik,1
ObnInsK,1
Beautiful Island,1
Kadıköy,1
Dunakeszi,1
Belfast UK,1
Gd.,1
kerela / delhi,1
Pomorze,1
Philppines-Cebu City,1
Belogradh,1
Sailor Moon world Yay Anime!,1
Brazil / São Paulo - SP,1
Andor Genesis,1
homer,1
between heaven and hell,1
Mayonnaise no Kuni,1
Dullsville USA,1
Bishies land,1
WWA,1
Wodzisław śl.,1
GERMANY,1
Rochester,1
stupid fucker state park,1
South Korea!,1
PLANET EARTH!!,1
some where romantic,1
Sweet Lake City,1
sometimes in LaLa-Land,1
Paris/Lyon/Nexus,1
Jedlicze,1
221B Baker Street,1
PENANG,1
Rock City,1
Yorkshin,1
llay-llay,1
LA PAZ BCS,1
Tylawa,1
LAncaster,1
Eternal,1
SO CAL,1
Eastern Seaboard Baby! |D,1
home...,1
Poland/Pruszków,1
Korova Milk Bar,1
my box out on the street,1
Amazonas - Brazil,1
under your table,1
友枝,1
Born in Russian but live in London currently.,1
Buchurest,1
NM USA,1
A little red dot on the world map,1
I'm International,1
why not japan,1
Pápua City,1
Right behind u >:3,1
Earth last i checked,1
Częsyochowa,1
Darker Dimension~~~~,1
Oran,1
393944,1
where ever theres anime,1
my home!!!,1
hmpt,1
Cañada,1
Always behind you : ooo,1
na casinha da nonola,1
Hamilton | Polish Pridez,1
Republic,1
FLADAH.,1
♥♥♥♥♥♥♥,1
The World in my Head,1
Planet Miong,1
The Affiliated Provinces of America's Hat,1
Due South,1
london becton,1
big sandy TX,1
Greenhills,1
World of fantasies and magic,1
Its for me to know and for u to find out ^.~,1
Raa alifushi,1
the one with the hats.,1
califorinia,1
The Hutch,1
Thames Ditton,1
Qlate,1
Central America,1
like I'm going to tell you,1
SWEden/Gothenburg,1
Gdynia/Londyn,1
Deustchland,1
Vanvouver,1
Closed Minds May Not Enter!,1
costa rica,1
Meditating with toads,1
Atop my tower,1
everywhere ^^,1
11th dimension,1
somewhere out there...,1
not there.,1
hmm...i wonder,1
computer,1
Longueuil Quebec,1
Hugary,1
ncr,1
MEOW CITY!!,1
♥♥♥SecRet♥♥♥,1
Somewhere over the f'in rainbow,1
limerick,1
your mothers bed,1
Lithianiah,1
Deep within a dark cave.,1
Szczyrk/Katowice,1
With Sasuke.,1
Inner ring,1
Marikin City,1
Kamskie Polyany,1
in my places .... likes it here ^^,1
room 707,1
MACON (FR),1
Titiwangsa,1
you know what I mean ;),1
Onatario Canada,1
829,1
Banana Republic of Pr0land,1
sao paulo. sao paulo,1
the middle of nowhere -_-,1
UK and PL,1
Unidentifiable,1
Goiania-GO,1
GOLDEN KINTAMA!,1
Poland ^o^,1
A Place not Far,1
Latgale,1
Yokohama Base,1
あなたの夢の中で？,1
Sooomewhere~~ over the rainbow =_=q,1
resulla.,1
Some city in some state,1
Poland - Rab..,1
A Fine Country,1
anywhere...,1
South Africa Johannesburg,1
lolwut?,1
hurting inside,1
illinois chicago,1
Klai,1
Tahi Hungary,1
Zacatecas Mex.,1
aali-bahrain,1
omagh. northern ireland,1
metro manila philippines,1
Japan(Future),1
Houston Tx,1
North of MX,1
Varsovie Poland,1
STALKER! Just kidding...,1
Brasil (sadly),1
łódź,1
Houston.TX,1
The intertubes,1
DV,1
saltillo coahuila,1
Michigan ^.^,1
Running around naked with a whiffle ball bat.,1
Starachowice [Rzeczpospolita Polska],1
Duderstadt,1
Lithuania; Kaunas,1
Fontainebleau,1
Central United Kingdom,1
bitchtown usa,1
>.> ...Texas,1
milky way galixy,1
Blahblah.idaho,1
England v.v,1
anywhere and everywhere,1
Tumlin,1
Apokolips,1
Київ,1
Huddersfield road,1
Flensburg Deutschland,1
TURKEY!,1
Mexico :3,1
dark side of the moon,1
Tassie,1
Texass,1
Inside the thoughts of all!!!,1
of course :D,1
Knittelfeld,1
Bahia (Brasil),1
Virgina/Virginia Beach,1
o México,1
Bretagne (France),1
Dito-dito lang,1
Semi-rural SoCal,1
Fort Drum New York,1
Lithuania Palanga,1
NeW JeRuSaLeM,1
Madrid atm..,1
Inside your soul,1
B-B,1
PoLanD,1
Zefat,1
Russia - Moscow,1
steinkjer,1
Daikoku,1
MAGICAL LAND,1
uae_4_ever,1
浙江,1
In the deepest parts of a corner...,1
"""Wyckoff""",1
Ahahaha~,1
Forrest Of Dean United Kingdom,1
Gekko-Go state,1
Lives in the forest,1
milford Connecticut,1
Yourbusiness,1
Strachocina,1
Philippines and other Live America,1
North Pole Alaksa,1
Abuja Nigeria,1
Samar,1
not your problem,1
Poland/Łódź,1
Canada - Montreal,1
Cleveland Suburb,1
naruto site,1
Solitary,1
Earth II,1
Beyond your imagination. =],1
The Emerald Isle,1
Satan's A-Hole,1
hmmmmm.......,1
tijuana/baja california,1
The Dark Side Of The Moon,1
Charytany,1
Prague),1
Belgium~,1
in tha hell,1
dark w0rld...,1
Ker(Blague),1
黒曜♥,1
The Land of Pie.,1
My Place dood =],1
panorama,1
Under the Summer Heat~,1
Cyberspace XD,1
MOON station #37,1
MELBOURNE!!!!!!...... AUSTRALIA!!!,1
cLoVeR ToWer :o,1
Brasil - São Carlos,1
Someone's mind,1
In some high-elevation area...,1
Bunnyland,1
Detroit Metal City,1
Suomi/Finland,1
Strangeland,1
Isesaki - Gunma - Japan,1
Currently raiding your bank account,1
Former Saigon,1
Puyallup,1
zmc,1
forest.,1
Mystic Moon,1
Dungeons,1
Somewhere in Georgia.,1
www.accountkiller.com/removal-requested,1
Tripoli - Libya,1
NETHERLANDS!,1
Illusoria,1
where vampires and human live in harmony,1
Washington state in the Northwest corner,1
Marietta,1
Munze Konza,1
DENVER CO,1
Rome Georgia,1
Ukraine.Dnipro.Hueko Mundo,1
Where men caugh,1
Temsik Park,1
Arkansas :),1
myself and I xD,1
the graveyard,1
L'town MS,1
Somewhere but not here...,1
~~~~,1
C.T,1
CHINATOWN,1
Texas (ATX),1
Vic,1
the pain dimension,1
АРК,1
New York... Long Island,1
Metropolitan Detroit,1
SS,1
mb brandon,1
Greenville SC,1
Hardboiled wonderland,1
towson,1
YORK,1
in ur pants?,1
Denamark in a little town called Solrød Strand,1
Kempten,1
Somewhere in Asia \o/,1
HELSINKI,1
konohagakure,1
somewhere you dont need to know,1
On the edge of the imagination,1
Anglosphere,1
in the wired,1
Turkey/Japanese-Kanto :p,1
latrobe,1
Muscovy,1
Por ahí,1
Lithuania|Vilnius,1
The middle of nowhere...,1
Germany mmh tasty Sauerkraut,1
İST,1
always on the Dark Side,1
gtgt,1
Manila philippines,1
Sout Carolina,1
Behind you... *stalks*,1
Moscow prov.,1
Yami,1
hahaha,1
064,1
Nor Cali,1
Someone's Heart. ♥,1
Slovakia-Žilina,1
Oud-Beijerland,1
Brasília-DF,1
Sevenum,1
by the computer.,1
at my home,1
waiting for a challange,1
A crystal tower where snow falls endlessly,1
Oblivion castle,1
socal =),1
Edmonton. Alberta,1
newzealand/christchurch,1
Somewhere in the darkness!,1
Tapanatepec,1
my place,1
I'm locationally challenged.,1
mex capital,1
somewhere there's anime,1
Kendo club,1
Little Japan,1
NJ//NYC,1
blacken in the night sadden take thy soul,1
Dream of Despair,1
ニートランド,1
Carrolltion,1
tamagawa town,1
Northern VA,1
Suburbia,1
Sabah. MALAYSIA,1
in shingami realm but sometimes in human realm=^.^,1
Castlevania,1
chester ga,1
Irgendwo neben dir,1
l.a,1
The middle of goddamn nowhere,1
Trantor,1
Bosnia and Herzegovina/Mostar,1
your face... >D,1
dog paddling upstream,1
usually known it as Eden~,1
Kirkwood,1
@My.Room,1
lala land. be back in 5 ;],1
wynn rd las vegas,1
on a tropical country with my dog,1
Hell Lite,1
tracy california,1
Lidköping Sweden,1
California =D,1
SE Michigan,1
Turtle Bay,1
atl babbi,1
Secert.,1
broklyn NY,1
Some place just far enough away...,1
under some bricks,1
Ciudad de México,1
In Dasrkness,1
northwestern sprawl...Portland Metro,1
Chocolate Wonderland,1
pHilippines,1
Failland :\,1
North Caralina,1
rk,1
inside monster's stomach,1
Bielsko-Biała],1
Ayia Napa,1
Kecskemet,1
place where awssomeness is,1
in ica worl the pisco,1
Burton -on- Trent,1
FRANCE : Monaco / Nice (06),1
Venezia Italy,1
Fate's lovely futon,1
Global_Net,1
navan,1
PA...but before t,1
portuguese living in sweden~,1
No data,1
front of pc,1
Not telling you,1
Sevastopole,1
Huangdom of Ma-i 麻逸,1
Saggsn,1
on the highway baby,1
In the most frozen place of my little world,1
looking at the world from a new prospective,1
Capital Wasteland,1
AFB,1
K.S.A (Kingdom of Saudi Arabia),1
Var,1
Kosice,1
chandigarh india,1
naturally.,1
under your bed *evil laugh* mwahahaha!,1
Amano-Iwato,1
My HouSe lOl,1
where ever my hearts know,1
Camridge Ontario,1
various location~,1
Suomi / Finland,1
Nevada But I Am Not Gonna Tell You My Town Or City,1
TX & Mexico DF,1
not telling ;P,1
Sailing the Universe,1
Hotel Vltava,1
Rockanje,1
pHiLiPpiNEs,1
Augsburg and Uffing/Germany,1
Antwerp/ Thailand,1
Kadima,1
In Candy land...,1
Dade County,1
You Know,1
Homoraciu,1
Birmingham United Kingdom,1
Santa MAria RS,1
Earth 2012,1
Ha Noi Viet Nam,1
Berkeley,1
KR,1
Typical middle class white community.,1
Pot of GOLD,1
In my bedroom most of the time. ;D,1
The Hand State,1
new york/garden city,1
san severo,1
TST [PL],1
Grodzisk Wlkp.,1
Somewhere On Earth,1
jaddah,1
The Armpit of the Nation,1
A lot of places,1
this place in a house (:,1
Someplace Happy,1
Nottingham England,1
Lusitânia,1
On earth that was created by Big bang and not God!,1
Charleroi,1
Vongola Mafia Famiglia (Italy),1
Aber,1
Singapore (Animax),1
Between rifts of space and time,1
Tdot,1
st.joseph missouri,1
ZAchodniopomorskie,1
Heist-op-den-Berg,1
romania baia mare,1
Phenix city Alabama,1
somewhere in your mind!,1
I'm from the land of the ice and snow.,1
Beijing,1
Baja Cali Mexico,1
CA >.,1
Inazuma,1
duh x3,1
In front of my animefilled computer :),1
Chiloé,1
Valencia btw,1
shreveport,1
The North Pole.,1
Poland->Wałbrzych,1
i live in a cage!!!!,1
RIght Behind You,1
Blading,1
Pernanbuco,1
Im My Anime World,1
Inside of a crystal windchime,1
Look behind you..and down under =D,1
Halifax west yorkshire,1
The Infinite,1
orange park,1
sør-trøndelag,1
Bx; NY.,1
CANDY MT,1
Lost in my thoughts...,1
The Netherlands/Greece,1
Tree-OH-Figh,1
Nagaoka,1
Tec-us,1
Astraea!! O_o,1
http://home.myspace.com/index.cfm?fuseaction=user,1
burried.....in your back yard,1
Edenbridge - Aphelion,1
Northern Greece,1
Here and there.,1
Vesivehmaa,1
norwalk,1
gutersloh,1
Somewhere on Earth :),1
hangin',1
Bedford. Texas,1
The Illusionary World,1
SOM3WH3R3 U WANNA B3!,1
with a dark heart.,1
WONDERLAND .,1
Латвия,1
Grodzisk Wlkp,1
Zabrze Poland,1
not here.,1
Dusseldorf,1
При́пять,1
OR in my room,1
364c3056b41705939bd419de62515222,1
iunno,1
Would you really like to know...?,1
I don't know...where am I exactly???,1
The Deepist Darkist Pit,1
bacau,1
noo,1
CLat0rZ,1
Somewheeeeeeeere.,1
Long Island City,1
(´Д`),1
Who cares?,1
wherever Anime exists.,1
breeze army,1
Pinhais,1
itay o_o,1
In Katsura's arms!,1
Zelenograd (Moscow),1
Everywhere you've ever been...,1
Vechelde,1
Brasil ~ Portugal,1
On earth,1
winnipeg manitoba,1
DeSoto IL.,1
where the food is good,1
In the Middle of Germany,1
TX ///_O,1
Kramatorsk,1
Candy Fields,1
darkness... ;),1
Where ever the wind takes me *lol that sounds Epic,1
Centurion,1
Oklahoma (US),1
assholeville,1
Worcester.,1
Where the ancestors sleep...,1
just let me begone,1
south yeehaw,1
My secret lair of coolness,1
Shibuya-ku,1
out stalking,1
Somewhere in front of a computer on the planet Ear,1
Overtherainbow,1
From the Depths I Come,1
Zhukovskiy,1
in my own kingdom of fangirlness,1
Larvik/Kvelde,1
Edgware,1
Beyond The Wasteland,1
Georgia and Vermont (for school),1
Uralsk,1
East,1
Maris17,1
Buffalo New York,1
sitting on the clocktower eating seasalt ice cream,1
Strawberry Grove,1
N-Brabant,1
Sokolka,1
fortworrth texas,1
winston oregon,1
Animu Land,1
S i n g a p o r e,1
currently in Guangzhou,1
Somewhere in sweden.,1
near boston,1
Singapopre,1
Pandora's box,1
Teresina - PI,1
Ventspils),1
i don't know,1
o,1
You know where^^,1
Somewhere near there.,1
K,1
Canterz =],1
Mud Castle,1
Lednicke Rovne,1
slough,1
caracas venezuela,1
leave a message,1
nrw/germany,1
Tlemcen,1
in my dark room watching anime,1
Copenhagen Denmark,1
rabbit hole,1
At my computer.,1
Bkk,1
USA... that's all I'm saying,1
In EmoLand Listening to Alesana!,1
Shh!!!,1
I live in my own world XD,1
moon kingdom,1
Walla^2,1
Tbilissi,1
http://www.animenewsnetwork.com/encyclopedia/anime,1
In Your Mom's Backyard...,1
Stab Town,1
south east essex,1
Lajosmizse,1
Meg's Productions Entertaiment,1
Di mana saja ada anime,1
Russian Socialistic Empire,1
Whatever,1
la paz bcs,1
Sweden/Umeå,1
Songkhla,1
Planet Tralalaa,1
The coolest planet this side of Mars. You know.,1
ummm....just some rely cool place lol,1
Trujillo - Peru,1
Just Going Deeper In Hell,1
My hometown,1
Kyoto/Osaka/Moscow,1
Zwolle.,1
Somerset UK,1
Brighton - England,1
Czech Repuplic,1
ICN,1
strangling vampire princess,1
im not sure....ive been kidnapped.....someone....a,1
new banjar,1
Th,1
Never where I really want to be,1
in the middle of fuckin' nothing xD,1
Right here! :D,1
Brisbne,1
The Mushroom Kingdom,1
Poland/Wielkopolska,1
Here xD,1
PARTY,1
WROCLAW,1
Northern Europe.^^,1
SCARED,1
Gimyeong's bed,1
Crystallworld,1
Woodlans,1
Aivtal,1
somewhere in da americas!,1
guttersville,1
Del Rico,1
the french part of Canada,1
Mulhouse - Alsace - France,1
A Great White Gate,1
fantasia,1
Binghamton,1
Jelenia góra,1
searching for my heart.,1
Being fucked beside Tia,1
on the edge of insanity,1
Fallen Clouds Of Sanity,1
Smallest City in the USA,1
planet Earth,1
san manuel,1
time leaping,1
Avoiding Reality,1
In a beautiful island,1
.Air A Glub,1
СПб,1
Californai,1
there and everywhere,1
Pásztó,1
Hungary ♥,1
Chikyuu,1
Japan =},1
Toronto/Ontario,1
Marathon,1
Covington GA,1
Brasilian,1
5/jnAj6rbB1q+bciff/UHVZhqn3L4H63+VU6OW9X63rNt3gfyn,1
PLay online game with Kagami and friend,1
liconshiere,1
inside da shadows!!,1
Somewhere in the depths of mars,1
Michagan,1
Alone in my room,1
Hidden Waterfall,1
The Evergreen Village,1
The Evergreen Village: Vale,1
Brasil - MA,1
lowell massachusett,1
middle nowere tx,1
BA - Brazil,1
Perth WA Australia,1
Falkenberg,1
somwhere,1
Chicagoland~,1
Over.the.Rainbow,1
pittsburhg PA,1
sanford North Carolina,1
Some Where Out There,1
✖,1
São Borja,1
gensan philipines,1
IN MA PREHISTORIC CAVERN,1
Somewhere in US,1
Look behind you.. :D,1
The Rub' al Khali,1
Crewe,1
En mi casa,1
Time & Space,1
Canton,1
City of Sky,1
waiting for someone,1
Campinas - SP,1
In a house.,1
Somewhere ._.,1
Liberec,1
Phillipnes,1
sf,1
El Psy Congroo ... or not,1
U.S.A. SPRINGFIELD MASSACHUSETTS,1
america--wish it was japan,1
Karazhan or N feild,1
Żuków,1
Santiago-los jasmines,1
Essex/Greater London,1
with waifus,1
Kessel-Lo,1
Belluno,1
Do u really want to know it? u stalker!,1
In front of my computer~,1
Silesia (Poland),1
In the Earth,1
fighting the darkness,1
ThE...hOLy..lAnD...oF...S#Jn3,1
Lost?!!,1
Canadah,1
cebu city philppines,1
Dinosaur Empire,1
The Land of Macaroons,1
under your bed /wave,1
with the prince of darkness,1
Rma,1
Bavaria/Munich,1
Flénu,1
Winterthur,1
City Of The Unknown,1
***In your dreams***,1
Manchester!,1
Hellheim,1
Japan XD Miss Okinawa,1
sugar pop,1
Catonsville Maryland,1
that's a secret my friend,1
Bangor,1
2638 lico st tondo mla,1
São Luís - MA,1
Yuki's House of Awsomeness,1
In Your Box Stealing Your Mystica,1
Bosnia and Herzergovina,1
San Franisco California,1
floating on cloud nine...,1
JAPÃO,1
watching you watch me,1
In Discipline Cottage at Winding Circle,1
Cracow< Lesser Poland,1
male,1
Baguio City/Philippines,1
gimini village amethyst st. apokon tagum city,1
The dark abyss >.>,1
i can transport to any where w,1
Kamloops British Columbia in Canada,1
le 4chan reddit upboating site,1
springfield,1
Frillesås,1
Azov,1
Doncaster- Uk,1
Svizzera,1
...somewhere in Europe...,1
killa cali,1
at a pie shop,1
Bom Jesus / Rio de Janeiro ~ Brasil,1
lost on the path of life ^^,1
nittedal,1
Slovakia EU,1
The Alchemist World,1
Hellcife >),1
Eating Akiko's Special Jam,1
in Neverland ♥,1
bronx NY,1
Not saying,1
Dęblin,1
Witzenhausen,1
A Cave On The Moon,1
Ytal.,1
~*~ In the bed ~*~,1
Dark side of London,1
Italia - Pavia,1
Terabithia,1
USG ishimura,1
Świdwin,1
SNZ,1
loganville ga,1
Springfield bzw Moers Germany,1
Republic of Croatia,1
Otaku World,1
shota hell,1
planet eath,1
antalya,1
idk I'm lost,1
Soenda Kelapa,1
Killin' fuckin' bad guys.,1
Connecticut + New York,1
Tel'aran'rhiod,1
The 2D realm,1
Bingen,1
ITALY☆,1
Hungarian,1
Vilnius- Vilkaviškis,1
Abu Dhabi - UAE,1
Hasa / Sydney,1
Finland/Poland,1
istanbul istanbul,1
Where else? Anime land,1
over the rainbow down a rabbit hole and threw the,1
Magic land,1
New Zealand Auckland,1
Canadaa!,1
Caguas,1
Far,1
guarda portugal,1
Bronson Florida,1
Belchatow,1
In a MOBA game,1
ThaiLand,1
Singapore is small euu know>?,1
Δ Hidden Forbidden Holy Ground,1
Jengarabi Land,1
new hope pa.,1
NW England,1
International Space Station,1
where Kyouya Hibari lives.. :P,1
Somewhere Near...,1
i wish i knew,1
Vienna Austria,1
Somewhere!!!!!!!!!!!!,1
my buisness,1
Avignon (South of France),1
lima . peru,1
Maanchester England,1
At my house...,1
Dublin ~~,1
Amestrist ^_^,1
I walk through mindfields,1
Buffalo New york,1
Finland!,1
Turkey - Izmir,1
Rainy Los Angeles,1
hm... idk o crap! im lost! *~*,1
louisville Ky,1
Somewhere Inside Fuuzetsu,1
Paderborn-Sennelager,1
Pavlovo,1
Paldiski / Liverpool,1
Plettenberg,1
Rēzekne,1
sweden ._.,1
Somewhere. I'm not going to be specific. ~__~,1
Every Where!,1
Oatmeal,1
"""The Lawn""",1
1312 st san affgvadt,1
New zeland,1
watching,1
Florida ^.^,1
11S MS 9888 1055,1
Cosplay land boo ya!,1
MetroManila,1
land of 1000 lakes/ Poland,1
Poland / Kielce,1
Italy-Bergamo,1
alcione,1
south Korea,1
Doesn`t matter...,1
Pennsyilvainia,1
australia new south wales,1
Orochimaru's home,1
ILLinois,1
Space between dreams and reality,1
Bobbing between 1.5 and the fourth wall.,1
Like i should tell you.,1
Peterswald,1
Limal,1
virgo scl,1
Staring at the Computer Screen,1
The little H!,1
bursa,1
Somewhere in Massachusetts.,1
In the asylum,1
houston texas,1
ehh...home ^^ lol,1
Estonia.Narva,1
Madrid. Spain,1
Granbury. Texas,1
in front of you,1
A little town called Noneya.,1
The Tardis,1
там где надо),1
Perdido en el Tanabata de hace 3 años,1
Szlovakia,1
Kemi,1
philippined,1
MY OWN SHOP,1
Bernau (Germany),1
~New World~,1
Where reason comes to die,1
Dorm,1
Between Ape and Plato,1
Way Up High,1
Japan...really!,1
Porandooo!,1
経観塚,1
My house in Brazil,1
dnabury,1
San Antonio. Texas,1
DREAMLESS WORLD,1
Collegedale TN,1
Tunis,1
quaker valley,1
Seishi Sekai,1
Hershey,1
Indiana.,1
G&L,1
oldham,1
Starlight Breaker,1
Hong Kong/UK,1
DC- california,1
Cosmópolis - SP,1
BishieHaven,1
404: Network Not Found,1
Absolute Quarantine Zone,1
with the aliens,1
On Earth. Where else?,1
eVeRy whEre,1
Raczki,1
In My World,1
0.0.0.0/0,1
Ełk; Białystok,1
damascus-syria,1
Inside my own dreams,1
kuching,1
Miskóc^^,1
Heartbreak Ridge,1
...BEHIND YOU...,1
Jaguariuna - SP - Brasil,1
Katwijk,1
guiglar@blackstar ~ $,1
Mishima Zaibatsu,1
Boskoop,1
depths of the universe. . . watching hentai.,1
In front of a computer in Sweden,1
Poland Stargard Szczeciński,1
crashing cars,1
visayas,1
Umm..,1
san francisco bay area,1
~wonderland~,1
East Asia,1
Ormand beach FL,1
Somewhere awesome! Where else?,1
Mississauge Toronto,1
waiting 4 someone to save me from my DarkTower-not,1
Poland/ Mielec,1
Beyond the Clouds,1
Vicino a Trento,1
Not where You Are,1
Britannia - Japan.,1
British Virgin Islands,1
Dwelling in Virginia,1
The Emerald City,1
Any where in the sky,1
Towner Road,1
Progreso,1
Denmark / Copenhagen,1
St. Charles,1
Candyland >:],1
Co - Co.Sp-USA,1
Somewhere you don't want to be,1
Bursa TURKEY,1
United States/Canada,1
Gliwice-gakure XD,1
Tbilisi =S,1
Northern Antarctica,1
Amstelveen holland,1
MyAnimeList.net!,1
Ixtlan,1
Sunset Valley,1
Where ever I am at the time you are reading this,1
Unendlichzeichen,1
Randers,1
Darwen England,1
Wouldn't you like to know....,1
Pedofile senses tingeling,1
Maybe in the Future.,1
infront of the computer/laptop,1
o_o In your closet,1
Somewhere with a Camera...,1
Orlando and Lexington,1
Tampa Bay,1
ŁÓDŹ,1
Austria; Graz,1
Kryz,1
belgium EU earth solar system milky way universe,1
Langley,1
Denmark. Copenhagen,1
Frozen East of Finland,1
Somwhere in the sky,1
in front of computer ..,1
Apt. 707,1
LOST!,1
New York / Pennsylvania,1
Otepää,1
somewhere in Jersey,1
Haarlem Netherlands,1
On The Computer,1
Midwest USA,1
in konaha reppin dat k-k-k-town,1
Metro New York,1
Prag,1
Oxford (ish),1
West Yorkshire (y),1
The Beehive State,1
Deutschland NRW,1
in heaven,1
Berugi~ (￣▽￣)ノ,1
Omphalos,1
tacloban leyte,1
A place.,1
Finland :I the far far land xDDD,1
Nerdville,1
Where furry meets fuzzy,1
California f,1
nova stocita,1
The Solar System,1
Home-Zura,1
North of Orlando,1
Ostrowiec Św.,1
Koenig,1
B-W,1
Rogoźnik,1
Kharkoov,1
KhonKaen,1
wo Hanf so groß wie Bäume wird,1
Huh?,1
The anal cavity of your mum,1
In a world that never was and never will be.,1
lx,1
in someone's suitcase,1
Secret n_~,1
Somewhere up above,1
My CPU....lol,1
心のない町の中,1
Apple valley.California,1
Columbus Texas,1
kanagawa p,1
Anime World =D,1
RJ - ES,1
online,1
en un barco rumbo al pais de rorcoc(?),1
Campinas SP Brazil,1
anywhere thats fun,1
Georgia(US),1
U nited Kingdom,1
Chemnitz,1
C.G. Missouri,1
場所無い【ばしょ ない】,1
Campaylândia - 日本,1
Somewhere in Canada :P,1
Chesterfield VA,1
somewhere in florida,1
CRO,1
Scottland,1
gone with the wind,1
Zdvinsk,1
"Poland ^^""",1
Komárno,1
Hildesheim,1
Warmia (Poland),1
Queen Creek Arizona,1
silesia,1
Belize,1
Poland/ Szczecin,1
Texes,1
Czaplinek,1
I thinck in the real world...but tomorroq it could,1
Los Angeles ... ^^,1
Lost In Oblivion,1
here!!!!!!!!!!!!!!!!!!!!!!,1
Bishieland,1
Thessaloniki/Greece,1
Escaping from Tokyo Jupiter.,1
Francisco morato - sp,1
Smeattle,1
Animal Crossing : Moonlit,1
Where ever perverts dwell,1
Kdn/Vln,1
Somewhere in the galaxy~,1
calgary canada,1
South yorks,1
Your local graveyard,1
Bowl :),1
"N: 53°23'19"" E: 14°28'40""",1
No Where You Wanna Be,1
Fightin' in 'nam,1
Stockholm (sweden),1
Limay Bataan,1
Bem longe de onde gostaria de estar...,1
Paderborn,1
The other side of the looking glass,1
Your mama's House!,1
Estland,1
Kissuiso,1
Cagliari - Sardinia-Italy,1
wootton bassett,1
Inside the Clannad Universe,1
hungary/budapest,1
Warzone between radiant and dire,1
The Netherlands :D,1
Hmm...,1
Davao Philippines,1
California - lancaster,1
W O N D E R L A N D,1
Mb,1
Guelph/ Canada,1
Edo. Zulia.,1
Austria ^__________^,1
Studenka,1
Russia ♫,1
Idris,1
soul socitey,1
im Land der Dichter und Denker,1
suffolk,1
In my anime WORLD....,1
United kindom,1
north of Spain,1
WRock!,1
Los Alamos,1
Lothlòrien,1
Wolsztyn Polska,1
In your mind waiting to be unleashed.....,1
Rooland,1
Montreal.Qc,1
Tosno,1
Redneck Hell,1
Siegburg,1
Cocoon,1
WaffleLand,1
If I told you I would Have to Kill you,1
Budapest □ Hungary,1
нι~мι~тѕυ,1
Igloo - Norway,1
AUX,1
Somewhere in England...,1
The Netherland,1
/home/ddelec24/bedroom,1
none ya,1
Zduńska Wola,1
England... UK,1
seashore...,1
London =],1
Canada EH!,1
Kristianstad/Niemodlin,1
Sopot (Poland),1
Chile -w-,1
Somewhere far beyond,1
Sorocaba - SP,1
Camelot,1
VS,1
Probably the best place in the world,1
Poland : Łódź,1
malabon philipines,1
C^C,1
somewhere nobody cares,1
sonora,1
Pretoria SA,1
Hikikomori house :3,1
Way back home,1
sofia/bulgaria,1
Veresegyház,1
No Man's Land,1
the place that always Live up in the night,1
Phantasmagoria - Gensoukyou,1
Waffleland,1
In my Dream World.,1
georgetownindiana,1
Moreni,1
The Obsidian Tavern,1
Da rite pleyz,1
Goa,1
Fairfield 2165,1
Jakarta but i'm Malaysian,1
West point detial,1
Suffern,1
Indiana - United States,1
Monte Olimpo,1
O.o..,1
New ulm minnasota,1
Alberta (Canada),1
Świerże Górne,1
BOCA Raton,1
somewhere...hopefully,1
birmingham england,1
n.y.,1
The End of the World,1
DC Metro,1
Third planet from sun (Poland),1
Cresent city,1
Blagnac,1
Foresthill CA,1
Land of nowhere,1
SHIA LEBONG,1
hanging out with Craig Mabbit.....,1
fuck,1
‎♂,1
Los Lagos,1
In my house X3,1
In bed,1
somewhere north...,1
Kraj Kwitnacej wisni(owy) xD,1
seale alabama,1
GTA Ontario Canada,1
Room 707,1
Austria/Vienna,1
al ain,1
South-East Asia :D,1
.......𝝰-worldline,1
Imaviking,1
Wetzlar,1
bed ^_^,1
Esperantujo,1
a plase that no body whant to be king worlc,1
baguio city philippines,1
LOS ANGELES [213],1
Amerika!,1
If I told you I'd have to kill you.,1
Canada where the moose are! ♥,1
mexico DF,1
Neo Jersey,1
Mushroom Kingdom,1
Rowville,1
~*sitting on a swing in the rain*~Peaceful,1
in his mind with me.,1
Mesa A.Z.,1
in the Darkness of Hearts,1
Fight Club Basement,1
Marine Corps Base Hawaii,1
WHerever.,1
Poland / Krasnystaw,1
Running Around somewhere,1
Belgium/The Netherlands/Malta,1
F*cking Germany^^,1
down the Rabbit Hole,1
Somewhere over the rainbow...Romania,1
Provadia,1
PHI,1
State of Dillusion,1
Emmen,1
Muffin dumpster,1
Ryougi Shiki,1
in font of a computer,1
Non of your concern.,1
Tsuki \o/,1
D-Ville,1
Miyamura Izumi's room Ψ( ｀▽´)Ψ,1
Belgium (origine) - living in Luxembourg,1
Aveiro or Mira,1
Midwest ^-^,1
Orléans / Chateauroux,1
Hell = n =,1
Geogia,1
The Mountains,1
Cyber Space,1
SoCalifornia,1
Right Here,1
Perfect World,1
((holding up a cd)),1
Sailing The 7 Seas!!,1
Idiana,1
the state of mind,1
Arkansas. if you wish to know more you will die ne,1
cherry state,1
pensylvania,1
Canada/Québec,1
Bad Lauterberg im Harz,1
wales cardiff,1
Moskow Region,1
Eastern time zone,1
stealin' yer menz.,1
Try to guess,1
Barquisimeto,1
Sofia/ Bulgaria,1
Little city from a dream,1
Forlì,1
Europe=>Poland=>Ruda Śląska,1
In my room (゜.゜) why?,1
Somewhere in Hell,1
ist,1
Six feet below the ground.,1
I forget from time to time,1
Between Diemensions,1
Floating in a Void,1
________,1
Pineapple Island,1
up in the skies of heavens,1
noob.,1
W.A,1
Maine -> Los Angeles,1
@Saturn@ ~pyon,1
Akiha's Mansion,1
Krory's exploded Castle! =D,1
Jedrzejow,1
hitting someone with a roc,1
Highschool of the Dead,1
L2,1
hi hi land XD,1
Sandy Eggo [wafflez] xD,1
:: In A Cuppie Cake Somewhere Over The Rainbow ::,1
Ohioh,1
surigao city,1
Yo' pants .,1
Where the Grass Grows Greener,1
eagleland,1
Around Paris....,1
On my way back to my pack!,1
probably..not sure~~,1
Wrocław :3,1
Konoha Village,1
again,1
hollywood florida,1
NorWay!,1
boston mass,1
Insiraga Superiore,1
Cádiz,1
Diogenes's Playground,1
Anaheim Cali,1
Mi casa.,1
Chile =3,1
In a pocket,1
i dont like anal rape so i wont say ROFL?,1
Mostly @ Work,1
Mêlée Island,1
Kyoto.. XD,1
Romani\,1
Kingdom of Sweden,1
In a Hot Spring with My Goddess,1
Europe Lithuania,1
Hungary - Hajduszoboszlo,1
Waipahuuuuuu! (hawaii),1
Somewhere in the internet,1
Domicilium Obscuri,1
Beyond your Fantasy,1
at anime and manga world,1
Middle Of NoWhere,1
St. Petersbourg,1
Brunei.,1
404 - Not Found,1
where i shouldnt be,1
In a bookstore far far away,1
Geilo in Norway,1
hmmm...idk..xD,1
southaven/mississippi,1
In Depression,1
Admirity,1
Saint-petersburg,1
The wonderful magical land of my imagination,1
B.C. Vancouver,1
Portugal ^^,1
Charlesbourg,1
brownsville,1
Ciudad de la Habana,1
Nippon'Kyoto,1
saniago,1
My complicated dark head,1
Lithuania - Vilnius (Lietuva),1
Hortolandia. Brasil,1
in the Darkness in Haerts,1
*AnimeLand* ^-^,1
In your closet :],1
Ciudad Merliot Antiguo Cuzcatlan,1
Івано-Франківськ,1
Krakoff,1
Vinnitca,1
~*~Holding saya in my arms as i lay in bed~*~,1
West Bloomfield New York,1
Virovitica,1
the Duke Devlin Lovenasium,1
NHK Headquarters,1
Detrás de la pantalla,1
USA >D,1
Nd,1
On the Farside,1
With Sumeragi goddess,1
~~In the heaven~~,1
but not that close to Gaaraswifedani,1
keuruu,1
d9513186790926148baa2db50b580faa,1
Capital City,1
Vyborg,1
Alfred's armpit,1
most likely in a dark room,1
Montauban (82),1
nd,1
Wireless I reckon,1
um... not saying...,1
Tarnów/ Poland,1
Chamber of Sages,1
Canakkale,1
Palestine - jerusalem,1
In My Own Private World,1
6 october cairo,1
Bouillac,1
looe cornwall england,1
ღ,1
Quezon City Manila,1
tra venezia e catania,1
Desert island,1
New Jersery,1
Somewhere over the rainbow....,1
The Land of Sorrow and Pain.,1
Lisbon/Leiria/Porto,1
hmmm can you repeat the question,1
Al Madina,1
Lonodn,1
Concepción Chile,1
221b Baker Street,1
Lithuania - Denmark,1
With Allen Watching D.Gray Man=],1
you,1
on holiday in cambodia.,1
In a hole,1
BAY AREA,1
Neo Venenia,1
Yomaa +_+,1
Test Town,1
maricopa,1
東京部小平市,1
Göppingen,1
Åkarp,1
O^O,1
Europe -Latvia - Riga,1
The U.K.,1
Australia (for the moment),1
Californya. >__>,1
Boleesławiec,1
The City of Golden Friendship,1
Asunción-Paraguay,1
In a cardboard box,1
Minnasodia,1
~*~ Holding saya in my arms~*~,1
huddinge,1
Corse/Ajaccio,1
Akiba,1
im a hikikomori...so home LOL,1
Poland;Krakow,1
Южный,1
gibraltar,1
Russia^^,1
~misses Diva~,1
the hood,1
Hetalia,1
...........,1
DFW/Houston TX,1
Everywhere yet Nowhere,1
Messy mess of a messy room,1
land of Eng.,1
under the table XD,1
mayon catilla sorsogon,1
Campinas - SP - BRAZIL,1
Region Parisienne,1
mena arkasas,1
In your belleh 8D,1
Walking Towards Death's Door,1
Always by Shana's side,1
under her bed.,1
墺太利,1
On my way to Egypt,1
pensacola fl,1
Here.=),1
Blank,1
Bradwell,1
where ever,1
Vienna.,1
Poland - Kraków. Spain - Monzon,1
BxL,1
Wrocłąw,1
I don't know where i live,1
anime manga world,1
The Art Jam Club,1
In your hearts...,1
Up my as*...,1
~Im with the Hitachiin Twins~Leave a message after,1
Mystic Messenger app,1
Washington DC Metro Area,1
Airdrie,1
both everywhere and nowhere,1
Germany/Berlin,1
meh.,1
Lista,1
boston.mass,1
burning,1
***In Your Dreams***,1
Canada Toronto,1
Somewhere Far Beyond,1
Under her bed or in her closet. >.>;,1
Ashland Oregon,1
Qro,1
Too far away,1
604,1
CWA,1
Fort Benning/ GA,1
My Own Personal Distopia,1
Lake elsinore California,1
The Big Apple,1
Trapped in an Anime,1
Sector Imperial,1
itt...vagy ott...épp ahol,1
Desu~~!!,1
hbdhbd,1
Brasil - MT - Cuiaba,1
You.,1
Lyngdal,1
animeland,1
chi-town illy,1
the blackest of pools,1
aust,1
someday - Japan,1
in antartica,1
Alcoy - Cartagena,1
A place where Otaku are rare =(,1
This one place,1
Sweden Varmland,1
huh?,1
trenton nj,1
Here and there Poland Wa-wa,1
Spore,1
Amsteldam,1
Agios Nikolaos,1
Trzcianka,1
Where you least expect me!,1
Melbourne. Victoria,1
Radical Skies,1
Rhein/Ruhr,1
....the mooon hehe XD,1
Somewhere :],1
Central NY State,1
Floreeda,1
i think i'm lost T_T,1
Kielce/Toruń,1
Deinze,1
You are here.,1
Diera sveta vedla BA :) ....Ebehard,1
LEAF VILLAGE,1
2-C,1
in my house lol,1
Siberian crossing Canada,1
~Wonderland bby♥,1
Long Beach California,1
Wherever you would find Gods...,1
Sampaulo,1
on wall.,1
pirate ship,1
Rainbow Palace Of Happiness Anime Lovers(:,1
gaity ),1
Pasig City Philippines,1
Anguila,1
ЮО,1
Zefilia Red Orb Mare of Chaos,1
really Mass.,1
In the sea of fire.. er I meant NJ.,1
trippy city usa,1
Village Of The Pink Leaf,1
Down on the river by the sugar plant.,1
Paisa City,1
Banska Bystrica,1
No-wai,1
St.thomas ontario,1
HollyLodz,1
Trollåsen,1
Romania frate,1
Sertã,1
Gloucester Mass,1
Splendid Dreams,1
Chile - Villa Alemana,1
улзум 247 в тентуре,1
Puławy/Nova Alexandria,1
serbija/nis,1
MAL of course,1
Málaga city,1
juaritoz city,1
Uh.. My House? oO...,1
Grahamstown - South africa,1
By the Black sea shore,1
Yamalo-Neneckiy Avtonomniy okrug,1
Brasil Brazil,1
Haruhi Suzumiya's Imagination,1
SLC Utah,1
sylva North Carolina,1
6th mobile divition,1
Solbergelva,1
almere.....something,1
Northwestern USA,1
Ciudad de Panama,1
uva,1
Limestone City,1
i will not tell????mahahaha,1
Hungary-chan:),1
Vårdinge,1
leicestershire,1
Borsa-Maramures,1
Hof,1
Digos city,1
aus.,1
MX :DD,1
MosCow,1
Epicity,1
on,1
Derby UK,1
where the bad guys ought to be found,1
莫斯科,1
Aschaffenburg,1
In hijikatas land of mayonnaise >=],1
salt lake city,1
Lampung,1
Jember,1
Paris Van Java,1
somewhere else,1
Komsomolsk-na-Amure,1
In my basement,1
Eva 00 Entry Plug,1
Św-ce,1
kuala lumpur malaysia,1
sorocaba .-.,1
Kayenta,1
mehhhh,1
Cherven brqg,1
Hmmmm who knows,1
ملتقى الانمي ون يناديكم,1
CANADAA,1
Dombóvár,1
Ohio/Savannah(SCAD),1
Cartman's bed (I wish) xD,1
浅草花やしき (I wish!!),1
Uknown,1
An Undisclosed Location in Pennsylvania,1
Oregan,1
DERP,1
Slovakia (EUROPE),1
Nowhere Island,1
Poland / Sierpc,1
bahia,1
Russia. St. Petersburg,1
Deny access... try again later,1
UK Wales,1
candelaria,1
Vanuatu,1
Alone,1
NEW YAWKKKK,1
y u look in here any ways,1
Liberty,1
Don't turn around ...,1
Romania :|,1
Iceladn,1
vendee,1
Anime is AWESOME california,1
Polska :) / Sosnowiec !!!!,1
pasir ris,1
GREAT YARMOUTH,1
Under the same sky as you.,1
Collefiorito,1
the nederlands,1
東京都,1
CALFORNIA,1
Chile~,1
3991,1
The Land of Ice and Snow,1
Oregon!,1
la la land!,1
In My Happy Place,1
Sun City California,1
some where in the south,1
noneya,1
Geórgia,1
in the alley right by your house!,1
UnderWorld,1
close enough,1
West side,1
In Alice Academy,1
Latvia . Riga,1
+44,1
Sst don't tell any1,1
Hackney,1
nun ya bizzness,1
Dothan Alabama,1
Swaziland,1
under the roof,1
new delhi,1
La Jolla,1
Port Moody,1
地球,1
soacha,1
/home/,1
Karakura town,1
이상한 나라,1
Wattana,1
!!!!NIJKERKERVEEN!!!!,1
Rawa Mazowiecka. Poland,1
California // Philippines,1
Cologne/Germany,1
At the computer.,1
Чайковский,1
Electro World~,1
austraLIA,1
Anime paradise~,1
In My Imagination,1
but USA,1
Bay Area by San Francisco,1
Yucatan.,1
Tórshavn,1
Bjelovar,1
SLOVAKIA,1
Land of Droplets & Ice,1
Bistrita,1
Geo Front,1
Ft. Lauderdale FL,1
In your mind.... ^_^,1
Way over there...,1
Białystok/ Warszawa,1
Б-438,1
LBN,1
Germany... just wanna leave,1
Chieti,1
Cieszyn (Poland),1
Zambrów,1
Dreamland with rainbows and lot of plushes :),1
Poznan/Edinburgh,1
At my Computer XD,1
lamar,1
kaisiadorys lithuania,1
Bag :),1
Lublin in Poland,1
Davis. CA,1
Looking in the window,1
Saitama-ken,1
Hehehe.. Look behind yoou >8DD,1
Santiago / Chile,1
Animalia,1
NU,1
Agartha,1
Stalking my fav people xD,1
McHerny Ill,1
University Of Hull,1
Somewhere in America.,1
Somewhere in Arizona,1
Indio California,1
Bratislava - Dubravka,1
Devon United Kingdom,1
Ptereborough,1
Fujian,1
.au,1
Krk NH,1
SpookyLand,1
lost in the unkown,1
Virgin Islands,1
Why does it matter? We all live under the same sky,1
Ciudad Real,1
pSyhiv-village,1
Crazy town,1
Ontairo,1
dito ohhhh..,1
The Land of Rainbows (-w-) v,1
WoNdeRLaND,1
Land of fire,1
Under the Bed,1
Rälla,1
Silesia xD,1
helping brother stab some poor fool...,1
wife city,1
Clamart,1
somewhere in Poland^^,1
Beckum,1
Ham lake Mn,1
Between Grimmjow & Dante~,1
Somewhere around here...,1
+Lucid Dreams+,1
????? ???? ????,1
Florianópolis....,1
albania,1
Namimori?..,1
Eh..?,1
mexicali;baja california,1
京都市、京都、日本,1
rainbow mist,1
calOocan city,1
meath,1
somewhere in america :P,1
Another World (НН),1
Mom's basement.,1
At Earth,1
Råde,1
Karabük,1
South Afirca,1
In The Lofty Heavens,1
in your nightmares,1
Ask again.,1
fort deposit al,1
right in front of u,1
flower fields,1
Jkitty,1
In front of my computer sadly enough,1
At Home!,1
gdynia / poland,1
in your heart,1
e.,1
anderson,1
...idk..xD,1
146,1
Voss,1
west midlands,1
Emoville,1
griffith indiana,1
~Somewhere On Earth~,1
Gdynia -oksywie xd,1
Stare Bielice,1
barnsley england,1
WARSAW,1
My Bum.,1
tex.,1
Liverpool via Glasgow 0.o,1
Gorna Orqhovitsa,1
PHL.,1
In Saturn!!,1
Massachuttets,1
ALAIN,1
Murinhanha city,1
davie flordia,1
no business of yours,1
Welgaia,1
ZE WORLD,1
+sEcWeT+,1
maale maldives,1
I live in U.A.E but I'm from Iraq,1
but my heart is in Texas,1
The beautiful U.S. of A.,1
Some isolated room,1
Philasia,1
None of yo biz,1
The Hell Dimension,1
Turkiye~,1
Eta Carinae,1
idunno,1
RuhrPoTT,1
in my pillow fort,1
cecb8a3c3722ec60448ace0b0010c1f7,1
England...aka my home,1
−23° 45′ 34.22″,1
Somewhere to your left.,1
The Florida Everglades,1
in a mansion(cuz im rich n we roll dat way),1
Suzuka,1
tarlac,1
Somewhere sleeping...,1
damascus maryland,1
Zum Egerländer Schmankerl,1
resinbool,1
Right behind you. Probably.,1
Japan/ USA (for now),1
Kakariko villiage,1
inside Gundam Exia :p,1
São José dos Campos-SP. Brasil,1
College Station,1
Bad Touching You,1
the DARKNESS,1
in the word some were,1
NOT TELLIN!!!!!!!!!!!!!!!!!!!!!,1
Rio Grande - RS (Brazil),1
Kumachi (Germany),1
not telling XP,1
Pikkupiiankatu,1
Where light is fadding...,1
Żoliborz,1
asia singapore,1
neg. occ.philippines,1
H-town an' proud,1
winterpeg,1
Australiaaaa~ ♥,1
広島 (JP),1
inside you,1
New Jersey!!,1
;],1
coleado,1
White City,1
Balashiha,1
Land of tangerine trees and marmalade skies,1
Lister,1
melboure austrailia,1
Boston Massachusetts,1
Mx,1
of course.,1
~~Wonderland~~,1
Porta Westfalica,1
The typesetting world of fansubbing,1
mankato mn,1
Schüttorf,1
Voronezh-city,1
Picking Up A Lucky Penny ♥,1
MUhahahahahahahahhahahahahahaha,1
Larvik,1
The world.,1
Its a secret!!!,1
#anime-supreme@irc.rizon.net,1
balh blah blah,1
Falnoir,1
Sunny SoCal,1
Narita,1
the 405,1
Somewhere not here,1
not the Tuatha de Danann,1
Some place where I hate,1
/jpland/,1
ニューヨーク,1
Where ever the road takes me.,1
Wellington!,1
MIKOŁÓW,1
North of Brisbane,1
Gowarczów,1
Guam D:,1
Pluzine,1
somewhere in my world,1
Chihuahua mexico,1
Minford.Ohio,1
Belgium; Harelbeke,1
Rosvik,1
Nokia,1
Wrocław / Piotrków Tryb.,1
Pillow fort ^_^,1
The Trees,1
At the Sea!!!,1
漢字,1
End of Somewhere,1
West Central Illinois,1
Ponad,1
Minmus,1
Flying high in the sky with Lenalee,1
Las Pinas,1
Jaslisco,1
camarillo california,1
State College,1
In Hell........,1
SC / Brazil,1
Riachos,1
Vast and Infinite,1
Vault 13,1
Yurope,1
Radenci,1
Who Cares?,1
endland,1
Paris 20,1
Story Mode,1
Brazil / Rio Grande Do Sul,1
Essonne,1
In My Castle,1
France - Paris (75),1
Trujillo-Perú,1
The end of my rope,1
warwickshire,1
Who know.,1
Szekszard,1
kendal,1
Wonderland...,1
Suiça 8D,1
Unknown not to be known even by fellow belgians,1
Germany Σ(￣△￣;),1
216295,1
Anywhere but here...,1
Davao Phillippines,1
realm,1
PARIS,1
IUS,1
Monster Island,1
Saudi Arabia/ Syrian,1
Oosaka,1
Our Nation's Capital,1
Galva,1
-81.376113,1
la-la land,1
Caseros.,1
MY Klang,1
East Poland,1
Vault 101,1
Bucharest =u=,1
nagoya japan,1
somewhere at home,1
'Murica!,1
use u imagination,1
A Past Forgotten,1
Osceola Mills PA,1
BeePee,1
Courbevoie,1
IM NOT SAYING WHERE I LIVE!,1
largo,1
Vol,1
In my mind world.,1
Laski,1
Olinda - Pernambuco,1
CCCP,1
St. Louis Mizzouri,1
CeMEnTeRY,1
Oberbayern,1
KUL,1
I hope is in her dream.,1
Vähäkyrö,1
Nederland | overijsel |,1
South lake Tahoe california,1
in the heart of Europe,1
Bezanijska Kosa,1
prawie Kraków,1
ASTURIAS!!,1
Japon =w=,1
Wuppertal (Germany),1
TuRkeY..,1
Kędzierzyn - Koźle xDD,1
"Krasnoyarsk^_^""",1
POLAND Zamość,1
philepphines,1
Florida/Alabama,1
In my fiancee's closet ._.,1
cork. ireland,1
Your home...watching your anime! =O,1
Bherna,1
boo!,1
Caribean,1
Pixburgh,1
Canada! :D,1
810,1
Харьков (Kharkov),1
pilipinas ata..,1
Hell on Earth!,1
Visnja Gora-Slovenia,1
The netherlands ;),1
Orunia Górna,1
somewhere out there:P,1
Ryiadh - ksa,1
Disneyland! :D,1
ITS,1
Botkins OH,1
Who gives a flying fuck,1
Lleida,1
Japan. Pysche.,1
Planing the invasion of Europe from Romania,1
Canafa,1
rio de janeiro/rio de janeiro,1
Braniewo,1
Grand Line~,1
plainfeild,1
A Little Cave Somewhere,1
F-dub,1
Carleton Place,1
Watching You From Massachusetts,1
banff scotland,1
667,1
Anime World x.x,1
Here for now.,1
Wisdom Resurrection,1
Russia\ Moscow,1
moncton new brunswick canada,1
Łódź (Poland),1
Seville/Spain,1
marshy onion city,1
Poland in Europe :3,1
Poland/Torun,1
Coast,1
Cronos,1
Orbital Space Station E7,1
Tabasco,1
Lost in the World of Anime,1
ryoichiro land,1
king's Lynn,1
Slovensko (Europe),1
LOL HERE ;D,1
los Angeles,1
crossroad between hell and heaven,1
Środa Wielkopolska,1
Sweden/Dalarna,1
WhErever neko panda goes,1
Moscow #8298,1
A boring place,1
North Vancouver B.C,1
La La Land Welcome,1
in your closet o.O,1
UTAAAAAAAAAAAAAAAH,1
living room,1
Some place beautiful,1
In the serene darkness,1
^o^Niemcy ^o^,1
Wloclawek Poland,1
michigan romulus,1
does it f***ing matter?,1
Byala Slatina,1
In HYDE's room,1
Sorovaba,1
Budapest / Hungary,1
here!!,1
Depths of Space,1
Portugal - Coimbra,1
york p.a.,1
charlette,1
TEXAS HOUSTON,1
Pörtschach am Wörthersee,1
Looking For What Ive Been Missing My Whole Life...,1
Porandojin Hikikomori Kyokai,1
France :D,1
Who Knows?,1
二宮和也の心,1
Japan (south),1
denmark :3,1
--Karakura--,1
BLUE SPRINGS,1
Horizon,1
Ikea,1
ST.Pete FL,1
Washington d.c.,1
Rosemead,1
Cow Country,1
melbron,1
The Land Of Air Gears&Chromes,1
under your pants,1
新居浜市、愛媛県、日本,1
Union Illinois,1
It has came true in your face Solomon!!!!!!!,1
Sunny London,1
Bulacan. Philippines,1
Washington-Washingte,1
Лондон,1
VA DDX,1
Plains/pennsylvania,1
Redcliffe,1
i dont exist,1
hillsdale Michigan,1
Heart in Japan,1
Unknow,1
ANKARA-Elvankent,1
at least I was there 5 sec ago,1
Medowvale drive Toronto,1
InDoNeSia,1
uddevalla,1
Köln(Cologne),1
Your mother's house.,1
American Empire,1
near mangalandia,1
Planet Poporocca,1
Californication,1
Poland -> Silesia -> Gliwice,1
Różowy Most = Głogów xD,1
Silver heaven,1
Grand Line heading to the New World,1
belton,1
should you knw?,1
NUEVA ECIJA,1
Hong Kong Self Administrative Region,1
kekistan,1
Azeroth~,1
somewhere u dnt need 2 kno,1
im in cookie land,1
but NOT the Moon,1
*achoo*,1
Living rent-free in the minds of the multi-cult.,1
PENGUIN ISLAND,1
No way,1
garut,1
Hentaitopia,1
Nizak,1
d59aa2bade1e39658bf85c1b5fd7b42c,1
My Castle In Shambala,1
your bathroom >:3,1
You dont really need to know Sorry,1
your cloest,1
M'sia.,1
Kerry,1
GoLLing in Austria,1
Open your eyes,1
SOMEWHERE ALONE IN THE DARKNESS!!,1
Went out searching for where thoughts can be seen,1
Schortens (Heidmühle),1
donde tú quisieras estar ò.o,1
akita,1
In a baggy...>>;,1
Poland/Iceland,1
Philippines~,1
Vampire Land,1
Binghamton New York,1
ENGL,1
السعودية / تبوك,1
USA (real: Germany),1
Lmao..,1
Poorandojin,1
France (51),1
las vegas/nevada,1
Scared...,1
Człuchów,1
Sitting under a burning tree in hell,1
Nova Friburgo RJ,1
somewhere?,1
Kioto xD,1
Přelouč Czech Republic,1
otras veces maldonado,1
uhu me need food now T^T,1
Somewhere up north in Sweden,1
Sabrie Ancient City,1
Hawaii (:,1
candy land,1
Brasília - Brasil,1
~U.S.A~ Mass~,1
richmond canada,1
Who knows D:,1
NLR,1
Przyjaźnia,1
Under.ur.bed,1
...somewhere...,1
Romania- Sibiu,1
far far away in a distant country called: Nirwana,1
Budapest ^^,1
BX,1
in a world that has ended,1
Meeting room of the MILF,1
far far way,1
I form Osaka!,1
Outer Space w/ Studio Trigger,1
Tokiyo,1
This.Is.Fake,1
VeNuS,1
Tekirdag/Turkey,1
Kurosu Academy,1
brasov romania,1
Berkshire (UK),1
under the bed... next to that scary looking spider,1
Lugsk,1
West Australia Mandurah,1
Kimberley,1
Now? dunno..right behind ya>:),1
24/cali,1
Canebeds Arizona,1
/home/ricemonster,1
my home?,1
Quebec [Canada],1
Ａｔａｒｉ,1
Usa.,1
SVerige Lillpite :P,1
my Sanctuary,1
charleston west virginia,1
Sol/Earth/Europe/Germany/HD Space,1
burbank,1
Gods round table,1
In the moon,1
FLA.USA,1
quantum of solace,1
Murcia (Spain),1
Northern England,1
Swinton,1
Sopot/Lubawa,1
Pangaea,1
Some city,1
VI,1
Citadel.,1
Inner Sanctum,1
take a wild guess,1
in wish cave hugging jirachi,1
The Infinite Plothole,1
middlesbrough,1
Europe/Poland/Opalenica,1
lima peru,1
somewhere over the rainbow in north carolina,1
Huittinen,1
My Private Hell,1
Saudi Aribia,1
screwing a three-headed c,1
:P hatter's not gunna tell you. find me if ya want,1
Fighting the Demons inside Me,1
EUSSR,1
Svilajnac,1
West USA,1
Samsø / Samsoe,1
belo horizonte,1
some where in the dark,1
Wrocław =>Jagodno,1
Den Burg,1
Töreboda,1
Saudi Arabia: Qatif,1
Omak,1
Egland,1
Polska~!,1
Somewhere near the border,1
usa ok,1
Gdańsk ;D,1
Serpong,1
Düsseldorf ♥,1
Wuppertal,1
Over the Rainbow...♥,1
some where in asia,1
Pomorze:),1
In the arms of Ookochi Sakuya,1
Dorch,1
Milton,1
Gayborhood,1
ZZZ,1
An desert island,1
LaLa land Cali,1
Saint Paul,1
in thorans purse eating away at her hidden lollipo,1
The place you're in when you're not in Kansas,1
Tln/Trt,1
suburban connecticut,1
florida!,1
Mas cerca de USA,1
with my Light,1
Sacile,1
Inside your monitor...,1
Rabbit Hole,1
Cherkasy,1
SE England,1
Rejowiec Fabryczny,1
ktm,1
***in my own world***,1
EastCoast,1
my bed crying out in pain,1
Shh~,1
el cajon,1
somewhere in tokyo...yeh rock!!,1
Southeast TN,1
With Grace E>,1
LA LA LA! :D,1
Kokiri Forest,1
Solothurn,1
kings lynn,1
shah alam,1
Brasil ~~,1
The Age of Evening Calm,1
Menlo Park,1
Wwk,1
none of your beeswax XD,1
Sweden xP,1
In the Queen's dark castle ofc!,1
STW/PL,1
Filgaia... ? ^^ ;,1
Internet Land,1
Dolnyśląsk,1
The West,1
Lvov,1
Inside your mind...,1
o_O,1
Between Heaven and Earth,1
Hofuf - Saudi Arabia,1
Norway - Berlevåg,1
Deutschland :),1
Takayama,1
Blumenau-SC,1
Under the Stars,1
somewhere near the happiest place on earth,1
AUSTRALIA MATE,1
Bobigny,1
frankfurt am main,1
Great yarmouth,1
Aistaig,1
pittsberg PA,1
エロの国,1
My little weird world,1
MalaYsiA,1
Victorias City,1
Chantilly,1
South central US,1
Davvistown,1
Alasca,1
Joe and Robert!,1
underneath your desk,1
Suisse (Switzerland),1
somewhere that only includes anime and manga..: 3,1
Not Near You,1
Under the same sky x3,1
Port Hueneme,1
the time zone doesn't have Canada >_>,1
Nowhere near you.,1
Brasil Uberlândia - MG,1
Japan / Osaka,1
Korea Republic of,1
Wouldnt u like to no,1
Not in YOUR house,1
Londres de vacaciones con Edward,1
Drangleic,1
Any Place that doesn't hate dogs of the military,1
Canada),1
WERE GAMES & ANIME ARE !,1
East Tennessee Area,1
St. Louis Missouri,1
ATLanta,1
My Bed,1
On Work,1
tokyo.japan,1
NOT Nicosia!,1
Bacolod,1
Sg,1
Shitwick,1
city of books,1
Ancient Dragon City,1
New Yrok,1
In a funny dream world ....... in other words butt,1
ur moms pants,1
Wusconsin,1
Japan - Osaka,1
Russia/Krasnoyarsk,1
kyahhh,1
Jurczyce Kraków,1
Under the Sky.,1
IL (You were expecting a clever pun?),1
Saint Angraecum Academy,1
Behind the Rainbow xD,1
Sp. Brasil,1
Japan (In my own little world ^^),1
Apex NC.,1
Da Nights,1
bored,1
Obduro,1
lima/america,1
Заполярье,1
Mielec//Czestochowa,1
jaipur,1
somewheres your not,1
943,1
Japan (currently),1
NDG Normandie,1
Newfoundland Canada,1
Under Sebby's bed ;o,1
Alfredland,1
;)),1
wilmington delaware,1
israel haifa,1
missing my army/ cowboy,1
Clermont/Florida,1
Lagrange Point 4,1
Feeling lonely,1
Long island NY,1
Liptown,1
Up high.......,1
Innsmouth,1
Южно-Сахалинск,1
clow world,1
L's Bathroom,1
Under You're Bed! RAWR!!!,1
Jakartagakure,1
Nevada-tan,1
Dango Paradise,1
@Spira,1
With my lover Lelouch!!!,1
Ninjas don't tell their locations,1
~~~cOmPutEr~~~^^,1
726,1
crooked world,1
Salvador - BA - Brazil,1
west virgina,1
In The darkness,1
tanauan,1
Between Ur Legz,1
err.... wait.... WAIT A MINUTE!?! Where AM I???? A,1
Fun places...,1
Tennessee :(,1
In sasuke heart,1
Polska :),1
Kecskemét,1
Insanity,1
bronx. New York,1
St.Florian,1
charfield (bristol),1
SHINee World,1
Rotorua,1
Emo Wolrd,1
Merida,1
Russia Valday,1
Europe/Poland/Poznań,1
Hinamizawa. Nippah~!,1
746,1
Estonia :D,1
Morioh (haw haw haw),1
Behind my pc bitch!,1
deceased* X.X,1
Poland .Torun,1
Souther California,1
south shields,1
in my room...,1
under a tree (california,1
NORWAY!!,1
Porthsmouth,1
genshin hell,1
giurgiu,1
Rättvik,1
Under ur Bed,1
k. belait,1
Cagayan de Oro City,1
bacolod city--city of smiles ^_^,1
Canadaaaa,1
but...,1
Walldürn,1
La-la Land~,1
World that full of Anime.....,1
color,1
Betwix,1
Elgin Illinois,1
why do you ask?,1
Buryatiya,1
port arthur,1
Seoul Society,1
City on Volga,1
Sweden - Nkpg 237,1
pelanet mars,1
Chuhuahua,1
Random Box on the Street,1
Walsall,1
somewhere ur not,1
Linkeboda,1
In my room xDDDDD,1
Fortress of Regrets,1
Norway~,1
Gladdy,1
hastings mishigan,1
Kouvola Finland,1
under the bin,1
ウェールズ,1
anywhere u want me to be,1
my apartment :),1
Disciplinary Committee,1
NASHVILLE TENNESSEE,1
Floating on Cloud Nine,1
香港 ✌✌,1
Goiânia/GO,1
behind you. Don't turn around,1
Arequipa - Peru,1
USA... Filipino!,1
P1S70LV4N14,1
at your fingertips.,1
lulu buunys world ^^,1
sorry its a secert ^.^,1
Luhansk,1
*Sleeping In Class* zzzzzzzzz,1
Fires Ov Hell,1
some where in the usa,1
San Jose. Costa Rica,1
.. in a box?..,1
Russia St.-Petersburg,1
manila philipines,1
Rainbow Land,1
Organisation 13,1
LT.,1
Tornto.ontario,1
Desert Wonderland,1
The Rat Kingdom,1
Falling,1
St Paul MN,1
Somewhere in mexico,1
stalking someone,1
Poland • Warsaw,1
Chilling in the Midnight Channel,1
Mar Del Plata,1
UK :D,1
La città della cioccolata,1
Wroclow,1
YellowKnife,1
Tervola,1
fools.,1
Jastrzębie/Poland,1
Chişinău,1
b-b,1
Behind a cloud...,1
Washington everett,1
Batu Caves,1
Patos de Minas,1
Wygwizdów pod Lublinem - POLAND,1
in the purple/white garden,1
Brisbane Queensland,1
Garfield Heights Ohio,1
taiwan,1
Khazakstan,1
Malaysia),1
Paranque City,1
Look behind you.,1
Sea of Simulation,1
Medina OH,1
Anywhere Where I Want,1
Kiel (Germany),1
Joukamachi,1
Deepest part of Hell,1
Daydreaming~,1
somewhere in nowhere,1
kentucky and texas,1
Columbus GA,1
Berlengas,1
Somewhere in Philadelphia,1
Lithuania Kaunas,1
the middle off nowhere,1
Hell disguised as paradise,1
Oroville/California,1
Bulgaria/ Sofia/ Kazanluk,1
Tokara Forest,1
valenzuela city philippines,1
Lithuania ^^v,1
Watching The Stars Shine In The Sky,1
Memeland,1
Russia MSK,1
Otherland,1
washington dc,1
Cincinatti,1
Israel?,1
INdia,1
Senkurong,1
Somewhere hidden,1
Lake Elsinore,1
Thanet,1
Over Here,1
Vienna/Austria,1
Ravenna - Italy,1
Koziegłowy,1
:-P,1
where the two oceans meet,1
Bandoenk,1
Nederlands/ Holland,1
Somewhere near Boston,1
america/dawson,1
ockelbo,1
Australia Victoria Melbourne Richmond,1
Island of Cookies,1
In a land I've only heard about...,1
Trzebinia Małopolskie,1
somewhere in California,1
NonYa,1
die kant op,1
ID USA,1
PLUTO,1
barnes and noble :],1
somewhere daydreaming...,1
Bramton,1
Ravenna,1
under ur bed,1
997,1
Uberwald,1
運命の至る場所,1
Hungary - Budapest,1
Booochum ich komm aus diiiihier,1
Yvelines [France],1
singing in the rain,1
Rostov-na-Donu,1
487,1
Lost in the night sky,1
Odense.Danmark,1
アメリカの山の中,1
Lacus Doloris,1
An undisclosed location,1
Indiana Pa,1
Apartment 221b,1
Shiny Netherlands,1
California (y)',1
Computer Desk (Ha ha! See? I didn't put my city!),1
Netherland-Holland,1
chieti,1
Storkow,1
Jakarta Cuy...,1
Miricity.,1
cabo Rojo Puerto rico,1
Shangri-la,1
Bahia *-*,1
in a cardboard box...,1
A futon closet (Italy),1
wonderland = halfway between Earth and Limbo,1
Gdańsk. Poland,1
UK! :D,1
Brzezna,1
new york city.,1
Łaziska Średnie,1
Netherlands. Whoo-Hoo.,1
php,1
who knows :p,1
Sa Puso Mo :),1
snowysnowy Russia,1
Konoha? 8D,1
Ann Arbor MI,1
in my home,1
Mostly in front of my pc o.O,1
Vale de Cambra,1
Don't know. I need a map.,1
really!),1
Fanelia,1
Alabama-College,1
My Happy Place @__@,1
Hibari's closet,1
UK#0550,1
walking blind in the line between Genius and madne,1
Plumas Verdes,1
Fire nation konaha (U.S. arizona),1
SIMI VALLEY,1
Green Hill Zone,1
Lagoa,1
Ottumwa Iowa,1
BRISTOL,1
near Kansas City,1
where am i? hmmmm... who r u?,1
North West London,1
fuckinq yur man !,1
H.A.L.O.,1
In The Rain...,1
istanbul / turkey,1
(secret: The year of birth is a lie.),1
penang malaysia,1
Beside you in Darkness....,1
Sitting beneath a shady tree,1
-=EnGlAnD=-,1
in ur mind,1
If I'm not back in five minutes I'm dead..,1
Kanto with Renamon,1
In imaginary land,1
Locust Grove,1
May The Lightning Goddess shine brighter!,1
Romanian,1
Montreal/Laval,1
Kurchatov,1
Somewhere in the WORLD,1
Kielce in Poland,1
always listening to music/23hrs,1
okinawa jp.,1
Cognito,1
シンガポール,1
In search of the Unseen Horizon,1
Virginia Beach/Va,1
8 is fate,1
En entre el cielo y el infierno esperando a la mue,1
Myslovitz,1
Kemonomimi paradise,1
In the cupboard of the Flying Unicorn Circus,1
Tokmak,1
Taubaté,1
Norrland,1
The dark recesses of my mind..,1
Slumberland,1
DANGER ZONE,1
Momotsuki,1
torchwood,1
on Earth?,1
the dark corner!,1
Nantes (France),1
galveston,1
On Earth?,1
Woy Woy Woy,1
carson,1
i'm at lelouch's room...... eating pizza,1
Planet Earth?,1
in the middle of fantasy and reality,1
In the world R:X,1
The Caribbean,1
None of your business XD,1
Yo Momma's basement!,1
My Room; Being A Hermit. :],1
bw-germany,1
Chi & Mil Town,1
In your closet waiting for you to fall asleep,1
Birzai,1
İstanbuL,1
Wherever Life Takes Me,1
Padokia Republic,1
My World Wherever that is,1
GMT -5,1
Nurmijärvi,1
Northern US,1
nördliches beermany,1
On my bed watching anime,1
greed island,1
Hungari,1
Where Am I?,1
Parana.,1
Outer Space :3,1
lithuania lazdijai,1
Great Tomb of Nazarick,1
Moscow-desu,1
under you'r bed,1
PA and GA,1
Ludwigshafen Germany,1
Nearing the Borders of Destiny,1
Krakow - Poland,1
The Red Dot,1
neveda (a.k.a. HELL),1
USA for summer!,1
Tigard,1
batangas city philippines,1
Armidale NSW Australia,1
CRC,1
Zamość/Lublin,1
NEET planet,1
Hemer,1
Jászberény,1
japan^^,1
Always Moving,1
Third Rome,1
Never-Never Land,1
in front of the comp,1
in a world of evil bunny wars,1
Velvet Moon,1
MNL.,1
Riverside CA,1
Richmond Hill. Ontario,1
I wish,1
Training with the Espada,1
my room...,1
Sevilla ·· In the middle of nowhere··,1
Armidale,1
England. o.o,1
Pending,1
Lisse,1
my lair,1
Kakushigoto~,1
An endless world...,1
Gotham City :P,1
in lala land fillled with bishies,1
Gothenburg.,1
Tphcm,1
Spainnn,1
Pandemonium,1
My Converse,1
Biecz Poland,1
Castellon,1
moncton nb canada,1
Palencia,1
Durarara!!,1
Victoria Island,1
Fallin in the void I call my life,1
Champion City,1
The WORLD,1
Bolu,1
Hi no Kuni,1
south africa/johannesburg,1
Zambia -ever heard of it ?,1
379,1
geelong,1
Dominican Repoblic,1
Chaco,1
Manassas,1
Lalala Land,1
L'aquila,1
Kevin Lynn's house,1
Soon to be New York,1
Tiawan,1
Depok City,1
whereva i want 2 b!!!,1
singapore (how big can it be?),1
the last place you would look,1
alabamistan,1
Glyfada,1
Winter Wonderland,1
yo mama's house,1
eudezet,1
Klp.,1
Nehora,1
Cosby Tenessee,1
Somewhere in Finland,1
SardeNya! X3,1
HAHAHAHAHA LAND,1
where eva,1
Recife - PE,1
Moo =p,1
Hahas tat is if you ask mee personaly...**Bleh Xp*,1
San diego,1
Nevada (currently),1
10 years in the future,1
Yamato,1
Ga Bitch,1
straight jacket ..^^;,1
Count D's Pet Shop,1
zg,1
Azroc,1
Where's the cold?,1
tangub city,1
Climbing up a very tall tree,1
san pablo city,1
NA,1
South of Somewhere,1
Colorado Springs CO,1
pnw,1
E1M8,1
ridin my horse in the jumping arena... barrel raci,1
Lillian Academy,1
Daydreaming w/ Saga,1
All hail GLORIUS NIPPON,1
Wouldn't you like to know ;D,1
~☆Sitting on the moon☾~,1
viña del mar,1
in darkness with the head,1
Your house.,1
Axis .,1
São José - São Paulo,1
Watsonville California,1
göteborg,1
Otaku Heaven,1
Gdańsk-Kowale,1
39034,1
Gorleston Norfolk,1
Kraków/Stalowa Wola,1
神様のいない場所,1
God' Country,1
Fuuka,1
Little Rock,1
doitzland,1
legnica,1
H-burg,1
Gdynia | Poland,1
Jämtland,1
Australia. Yeah I'm an Ozzie,1
south jakarta,1
on a cliff staring at the moon,1
Oleszyce,1
King Kai's planet,1
33°51′35.9″S 151°12′40″E,1
Tucson. AZ,1
939,1
hueco mundo,1
Wit's end.,1
Place where the wind blows,1
Ex: Anaheim'California,1
Somewere in space,1
That town,1
Par là... ou pas loin.,1
Britian,1
Lol,1
Sokokashiko,1
Near Atlantis,1
Vancouver/British Columbia,1
Williamstown. MA,1
Utah. . . Unfortunately,1
minn.,1
MAPLE SYRUP!!!!! ^_^,1
Cephiro,1
łódź / poland,1
A place far beyond humanity.,1
Southend on Sea,1
In Front of My Computer,1
Some Where ... over The RainboW .. !,1
Cany-Barville,1
nothern ireland,1
City of Guri,1
Łęki Dukielskie,1
san luis potosi,1
Estado Bolivar,1
at the land of pimp,1
random,1
in the road of life,1
Sourrounded by idiots,1
san pedro laguna,1
Under the piercing blue sky,1
Portugal/Luxembourg,1
In a corner staying out of everyones way,1
fort carson,1
melbourne aus,1
CaliFoRniA,1
great state of Texas,1
Suwiraainatsu,1
MangaXLand,1
tunisia,1
In the netherworld of the Netherlands,1
Beside a liquor store...awesome=)xD,1
Snowpoint City,1
Ohio :],1
Turkey Istanbul,1
The Hamptons,1
Behind you !,1
Zary,1
Music4ever,1
Bumming it up in Yuno,1
in lab,1
Do u care?,1
Somewhere nice,1
Heaven Scent,1
pakistan / karachi,1
thinking my own thoughts.,1
Somewhere ove the rainbow,1
miramichi,1
Bristol/UK,1
Above the Sky Under the Earth,1
Metafalss or Sol Ciel =P,1
Batu pahat,1
In the woods in Canada,1
California duuuuuuuuuuude,1
Forest of Memories,1
Lt,1
Russia - Saint P.,1
Söderfors,1
AZN,1
Various -Sweden-,1
under the same blue sky,1
Żychlin/Płock,1
Glogow.,1
[ H O S T C L U B & B U N N Y S T O R E . ] W,1
Paris - Tokyo - New-York,1
at my wits end,1
yellow brick road street lane ;3,1
Around the Corner,1
Spokane Wa,1
Kamchatka,1
Bahay ni Simoun,1
Here?,1
cape cod,1
beside you,1
Новокузнецк,1
somewhere in.......,1
Hässleholm,1
minneapolis,1
オクラホマ,1
Far away from home,1
Euphoria,1
Casco,1
Bavaria (Germany),1
Lublin ^^ルブリン県,1
somewhere in the sky=P,1
With You :D [?],1
Greenhouse,1
Vault #13,1
Toorbul,1
Szarvas,1
Canada Montreal,1
Ponice,1
K.s.A,1
im going back to sleep,1
buratiya,1
cebu Philippines,1
moita,1
off the map,1
Lithuania Klaipėda,1
ワラキア,1
Alternate reality,1
Suva,1
The netherland,1
Southern Leyte,1
Chiba prefecture,1
New York City~,1
Back to Montreal,1
Somewhere near my Itachi....,1
The US,1
Twinkle Town,1
ur mind,1
Who the fuck cares someone kill me already,1
Poruto,1
Japan ❤,1
Japan :D,1
c.a. san diego,1
Bulgaria Blagoevgrad,1
Among the Trees.,1
the multiverse,1
My mind.,1
nashik,1
In ur heart,1
Holy Land,1
Pangasinan Philippines,1
Dendermonde,1
Forest of No Return,1
Holy Empire of Hontounia,1
brea,1
Arroyo Grande,1
01110101,1
Flirida,1
stavanger,1
STHLM,1
my world,1
Buriatiya,1
Racibórz :3,1
phenix city alabama,1
Reflecting in your computer screen,1
Kościerzyna,1
Nordrhine Westfalia,1
Olsztyn / Poland,1
L's Pants~ ^^;,1
a magic forest with unicorns,1
In California~,1
not outside,1
philippines:),1
Space!,1
Somwhere where there's ALCOHOL!!!,1
blorp~uguu,1
England is my city,1
Martin county Florida,1
in my dreams kingdom ~~,1
nowhere u should be,1
Radzymin,1
Fortaleza - CE; Brazil,1
Linken Park,1
In a house. no really,1
Idk check under your moms bed,1
Path to the gate of truth,1
Xanth,1
TangSel,1
au Québec,1
My Box,1
Guardia,1
Jawor/Wrocław,1
fort pierce,1
Krasnoyrsk,1
In a dark room,1
akihabara,1
Being Godly,1
caracas vzla,1
That place in that one anime or video game,1
Polska ^^ Dzierżoniów(dolnośląskie),1
cork city,1
Auckland - New Zealand,1
やわらかな場所,1
Holland ~,1
Eating your soul! :B,1
:DDDD,1
Fisherman Island,1
In Front a Computer,1
Domincan Republic,1
France :(,1
Lietuva [Lithuania xD],1
ohillipines,1
aye?,1
ha like I would tell,1
trash city,1
I don't even know anymore.,1
Mi cuarto ...xD,1
Western Hemisphere,1
Mrągowo /Poland,1
the stars,1
ly,1
somwhere in the dark,1
Virginiaa :D,1
Special Place For Special Human :P,1
Russia. Novosibirsk,1
eu,1
Ussuriysk,1
On southern soil,1
Miglenai,1
grobbendonk antwerpen,1
The Big Round Thing We All Live On,1
North East,1
RFA,1
Hardy Arkansas,1
FInland,1
Nitra,1
under your bed ♥,1
Луганск,1
SUCKartvelo [a.k.a Georgia],1
Below you,1
beside Ryuu :),1
right behind ya,1
southern new jersey,1
Velbert/ Düsseldorf/ Essen,1
Tidaholm,1
at Zoro's place... XD,1
Owl City,1
In my mind...it's quiet...,1
setting in a chair on the comp,1
Montevideo (Uruguay),1
aparri,1
phillipine,1
Over thar.,1
Sasuke's Ipod,1
Damme,1
anime/manga world O_O,1
Lost somewhere.,1
marseille,1
Between Hell and Heaven,1
La Push,1
right behind you :P,1
Szczucin,1
uk ! woooo ! in nottingham wooo again !,1
In My House ...,1
Plainfield,1
in another dream...,1
Kallipolis,1
Idaho Falls,1
The Sea,1
Warsaw / Poland,1
rio de janeiro - brasil,1
Jakarta indonesia,1
Aberdeenshire Scotland,1
Nabarra,1
Sechelt,1
KRUGAN,1
castle in the sky,1
GDL-MX,1
In my bed curld up in a ball,1
Figueira da foz,1
Nibelhiem :P,1
SOUTH KOREA,1
Best Be the Wiser,1
Scott Pilgrim's neighbor,1
The Edge,1
Guimarães,1
Next to Ikuto and Loki,1
Behind meh computer screen~! (Canada) :D,1
Bergeijk,1
and rage,1
ASSam,1
são paulo capital.,1
MEXICO D F,1
~HIMITSU DESU~ ♥,1
rockport texas,1
ann arbor,1
TOP SECRET,1
amman/jordan,1
God knows where,1
Aarau,1
Ummm...WHERE AM I?!!?!?!,1
Karachi/Pakistan,1
NORTH AMERICA,1
HIATUS,1
Klucze - Poland,1
KILLMYSELF :D,1
Somewhere to the left,1
nowheres,1
The state where all the oranges live.,1
Earth (most of the time),1
Bristol United Kingdom,1
scotland.,1
(UK) England,1
none of your business XD,1
CalNeva Fort Irwin/Fort Carson,1
as/Kdh,1
Okrahoma,1
mushroomland.!,1
'urth,1
sta cruz laguna philippines,1
up yours,1
where am I?,1
Under Sasuke's bed.,1
Outside your house,1
Brasil / RS,1
Selecain,1
hideing from dizzy (/).(\),1
JAMAICA,1
in the memories of my own reflections,1
málaga,1
Port-au-prince,1
Manaus AM,1
Lots and lots of boxes,1
Newmarket ON,1
>>>Spirit World,1
Wiocha wiecznej ulewy,1
Ust-Kut,1
Szczecin Zach.-Pom.,1
text me add me,1
CGN,1
Unknown Kadath,1
With Train ~ ♥,1
America!,1
clifton ohio,1
in your ass,1
Soul Soceity,1
UK!,1
Milano\,1
Wolvertem,1
Guildford,1
Megapolis,1
Philippines.,1
Sherwood Forest,1
Kajaani,1
Japan... Tokyo Drive !!,1
somewhere around here,1
In A Box,1
Animanga no Sekai Village,1
kalimantan timur,1
In my own reality,1
New Yawk :D,1
Inside my mind,1
In my own little dream land,1
300 days of sun;California,1
Godthab,1
mostly at work,1
Šiaurės Lietuva,1
Playing Pranx,1
Nizhnii Novgorod,1
malaysia petaling jaya home,1
right behind u!,1
Decaying Orbit,1
Spiritual Garden,1
animelandia,1
Northern Delaware,1
somewhere far far away...,1
Los Angeles / Tokyo,1
Tokyo 23,1
On my computer!,1
Philly PA,1
Kentucy,1
86,1
Bulgaria /sofia,1
Manila :),1
Hinamizawa...,1
Rainbow Past~,1
Rzeszów/Wrocław,1
hell ٩(×̯×)۶,1
A place no one knows about,1
Somewhere... In the...Void...,1
Changi,1
over hEre,1
in your closet....,1
in your closet XD,1
Illinoi,1
Polska/Poland,1
Bouvet Island,1
C village,1
atackkd by the ninjas,1
Stuck in MY world,1
polar bear country,1
Sędziszów Małopolski,1
Earth....i think.,1
Norway n_n,1
chartres / FRANCE,1
Cap. Fed.,1
sitting in the cold,1
Sørlandet,1
worsow,1
Rottuhdam,1
Williamston,1
kalimdor,1
go away,1
pittsburgh PA,1
Germany: Keltern & Frankfurt/Main,1
On top of the roof ^_^,1
U know :3,1
home.,1
C://Europe/Poland/Bielsko-Biała,1
my room atm,1
tam gdzie diabeł mówi dobranoc,1
Sierpc/Poznań,1
Underground X,1
Norway - Fauske,1
Zhulebino,1
........?,1
"""You are here.""",1
somewhere in the philippines,1
Portugal!!,1
Malville france 44260,1
Usamin-sei,1
ギリシア/Greece,1
イケメンとやおい世界,1
curepipe,1
UK/Greece,1
Poland (Wrocław),1
Estoniaaaa c:,1
Cracow [Poland]; Stockholm [Sweden],1
Baby!,1
Cafe Stile and an Unknown Dockyard,1
nampa idaho,1
Chactemal,1
is anime I'm there.,1
Chesapeake,1
Amur Region,1
Interzone,1
Winslow,1
bollnäs,1
outside your window,1
MD - USA,1
Milton Georgia,1
Dublin - Ireland,1
virginia beach,1
Norfolk UK,1
KW,1
In my house.,1
SOS Brigade !!,1
Napoli&Roma,1
k-mark city,1
i live on planet earth no duh!!!,1
nope.avi,1
Bonneuil - France,1
Tokyo. XDD,1
GPS doesn't work here.,1
en mi casa :D,1
your nightmare,1
a small city from Romania,1
i walk alone thru the vally of the shadow of death,1
Ktm,1
IN you pants...,1
planet b234 klinxy,1
Poland / Edinburgh,1
Norhtern Sweden,1
19th Century,1
Colwyn Bay,1
HONG KONG,1
Bintaro,1
cAvitE,1
Cinci,1
Moira,1
777,1
North Pacific Ocean,1
Busaras,1
Poland - Chujwiegdzie,1
ㅇ0ㅇ♥,1
Somewhere! mabe over the rainbow,1
Öyly,1
England - Rainland,1
In Sane,1
Bayonne,1
PHILS.,1
Russia -- Saint Petersburg,1
jk;bnk;,1
Untide Kingdom,1
Canada manitoba winnipeg,1
Your COMPUTER!,1
palm harbor,1
Guanatos,1
Mosbach,1
mty nl,1
...:::from a world u`d never imagine:::...,1
DAT BASS,1
Lost in My Own Little World,1
Comté de Nice,1
yogya,1
inside the darkness,1
ZD,1
soul socity(malaysia),1
62.25597° N,1
Lost in My Wonderland~,1
i'm here aint i? =3,1
4959,1
Bogotá D.C,1
Abu-dhabi,1
Seng Kang,1
Somewhere where lights can't reach!,1
Oui.,1
Holonia,1
Temple of Jedi,1
leave me alone!!!! T_T,1
houghton regis,1
just looking around^^♥,1
South Norway,1
hight point,1
somewhere in earth,1
Lurking in your imagination.,1
My own little world...,1
nothingness,1
INDONESIA!,1
Zamosc,1
anywhere.....,1
At My House,1
rainy place,1
Langley B.C Canada,1
Espírito Santo - Brazil,1
Surigao City,1
Brazil ^^,1
Wishing it was Japan,1
Wv,1
bottom hole,1
Mittelfranken,1
Toronto - Canada,1
Radom (Poland),1
iasi,1
Hungary / Szekszárd,1
leaving MAL,1
Sumatra Utara,1
Lidköping,1
505219f43398d45da8f674d3349aead6,1
Ochrasy =3,1
France - Mandeure,1
Alief Texas,1
Doraemon Land,1
Paranguá - Paraná / Brasil,1
Anime Magic Galaxy,1
Piotrków Trybunalski,1
The illusionary world.,1
Arruda dos Vinhos / Lisboa,1
anywhere in europe,1
philiPpines,1
Daath,1
Virgnina,1
Szajk,1
London United Kingdom,1
Off in Nature~,1
VL/SVB,1
Lebanon Ohio,1
Milano (Italy),1
Sitting in my bed,1
around dead people,1
Deep Depths Of Darkness,1
ZG - ZD,1
None of your concern,1
In my Gundam pushing random buttons,1
under ur bed :D,1
Behind you *0*,1
in America!,1
サンホゼ、カリフォルニア,1
Alex City :),1
Kozi Gród,1
Pueblo Mágicoo!!,1
IN Highpoint,1
ANAHEIM,1
the clouds,1
In my lovers arms ^^,1
Šiauliai Lithuania,1
066,1
In a different dimension,1
Saint-Petersburg. Russia,1
Tuscany,1
Norway ;),1
Matera,1
In Edo with Gintoki,1
Tea Saloon. ♥,1
613,1
Porsgrunn (Norway),1
Botswana,1
anYwhErE oN eArTh,1
Southern Poland,1
Poland - Gdynia,1
twilight town,1
irving texas,1
Chiba in Japan,1
The Equilibrium,1
there is an exit sign to the left.,1
This cellar won't hold me forever,1
Becoming Justi-Man.,1
EaTiN Ur CooKieS >.>,1
Sagres,1
All places,1
Subconsciously Everywhere,1
boring place,1
Ohio not gunna tell you! ^^,1
kyoto japan,1
Behind a Goban,1
here & there,1
seretei,1
bailando la mikaela,1
In A Place of Pain,1
From Sao Paulo Brazil to Dublin IE,1
In Angbar's Death Kingdom.,1
Nijnii Novgorod,1
Tracy.California,1
No where.,1
D-pils,1
Valencia (Spain),1
dont know,1
Pembrokeshire,1
currently Wisconsin,1
Ataxia,1
~France~ Bonjour,1
israel . tel aviv,1
atlantis (somewhere in the great lakes),1
so tired,1
Heaven of Love,1
Chicago?,1
Royal Palm,1
nueva ecijia,1
ASEAN Union,1
Makati,1
misamis oriental™,1
yeah nice try,1
Up north,1
Hentai Heaven,1
outside playing baseball,1
Zurrieq,1
yuriland,1
Petershagen,1
IT. in Lawn near my slice of bread :3,1
Treasure Valley,1
LYON,1
Fuckoff,1
guadalajara,1
Ct,1
Wszystkie Stadiony Świata :),1
dark zone wroclaw,1
Balnibarbi,1
Tu i tam...:},1
Grahamstown,1
The Kingdom of Norway,1
pineapple under the sea,1
twitter probably,1
STOCKHOLM,1
Manila.. T_T used to live in dubai...,1
Homel,1
Hameln,1
Oer-Erkenschwick,1
An Ideal location,1
Deep Run,1
Niblehym,1
"56° 5'46"" 47°16'22""",1
In Anthony's Arms♥,1
Bean,1
In the dark with the music on,1
bridgeport,1
flcl,1
In your backyard,1
Amsterdam - Antwerp,1
fo-tizzle strait outtta da box,1
Up North :),1
Lurking in the uniform weave of the net,1
Latoszyn,1
Kutno/Toruń,1
*hidden*,1
The Place I made my Promises,1
in ur heart being a flirt,1
eating chocolate in front of my laptop,1
CLNC,1
Little place called Ireeeland.,1
German :D,1
Beika District,1
oldbury west midlands uk,1
Wisconsin!,1
A pale blue dot,1
Translvanian Cave. Beware of loud music.,1
inside fandom,1
Phony,1
Sweden/Helsingborg,1
MISSOURI,1
Germany McPomm,1
Alfred,1
Somewhere wonderful,1
On Top Workin`My Way Down ~!,1
Metz (France),1
Lampang,1
Por ahí...,1
aaaaaaaaaaaaaaallla,1
"Dammam -__-""",1
Loire-Atlantique,1
Bulgaria / Sofia,1
Right next to you..=P,1
Brasil/Pernambuco,1
brampton ontario,1
Azusa California,1
Arizona~,1
middle of hell,1
Alphen aan den Rijn,1
jazeneuil city,1
Someplace no one can ever reach me,1
America!_!,1
US MD,1
ESSEX,1
♥I HATE MY LIFE♥,1
hi~mi~tsu XD,1
New Jersey / Philadelphia,1
America/Indiana/Ladoga,1
somwhere sucking peoples blood...haha,1
Paris -Tokyo - New-York,1
Magyarland,1
al-madinah,1
Yk,1
~ in my illusions... ~,1
shooting deadly mad sheep to sleep,1
Maritimes,1
http://www.gametrailers.com/users/YandereToad/game,1
Greenville North Carolina (The Tarheel state),1
Freezing Hell,1
Temerloh,1
indo?? bandung?? =D,1
Behind your Firewall,1
Vitocruz (taft),1
North Caroilna,1
Germany and US,1
in my Shini Twilight,1
Germany SA,1
more or less,1
Baltimore.,1
Vvirginia,1
shibuya.japan,1
Islas Baleares,1
Fukushima,1
colchester,1
with ty,1
Skopje- Istanbul,1
in front of my pc,1
Chittagong,1
Brazil-SP,1
North Hollywood,1
istanbul-melbourne-istanbul,1
melbourne - istanbul,1
Made in Mx,1
stuck in a gap somewhere in colorado,1
austria。,1
Satu-Mare,1
Curacao (Netherlands Antilles),1
sOuTh pArK,1
夢と現実の狭間,1
Kawasaki Kanagawa Japan,1
メキシコ,1
...er...,1
Taking Pix,1
Germany Rastatt,1
Kaluga Metal City,1
under your bed in Transylvania,1
Poland/Krakow,1
England/Kent,1
but I live in the land of,1
🌙✨,1
Pandora xO,1
119624,1
Inside your shirt,1
Zielona góra,1
my home...duh...,1
phippines,1
South India,1
in high definition,1
Topoľčany,1
Wwa xD,1
Dobele,1
Near your house,1
puddle of blood,1
Saint-Petersburg.,1
Σ Decadent Engaging Daydream,1
the Grand Line,1
Hartford CT,1
Tagbilaran City Bohol,1
Super HAppy Fun Time land,1
cuddling with neko ^^,1
pink room,1
Oujda,1
Shelkovo,1
Csongrád,1
Holland~,1
In a dark hole living life,1
Valmiera,1
Tami lNadu(India),1
Szolnok megye,1
Cocytus,1
Donde este,1
Central Time Zone,1
French Polynesia / France,1
UNITED KINGDOM,1
Where the Wild Things are!,1
Japan currently),1
Gone,1
Militaires Sans Frontières,1
limeira - SP - Brazil,1
tagbilaran,1
jaen philippines,1
dreamiing~~,1
asia/manila,1
lithgow with hot_stuff and yukigirl boonieboo kati,1
Hana In Wonderland,1
Hana In Woderland,1
la la land:),1
sã luis,1
The Sky? 8D,1
Tokyo Japan ^_^,1
in a grave,1
KSA ^_^ Jeddah,1
Por hay...,1
albion michigan,1
hm. nowhere.,1
where the strees have no name ?,1
Northeast Coast of the US,1
95648,1
Truck-san's basement,1
my homeland Austria,1
middlesbrough england,1
Cagayan de Oro city,1
Dark City,1
PV,1
Woj. Pomorskie,1
Sitting under a tree sad,1
Lithiuania-Kedainiai,1
Donegal,1
Fordon ^^,1
...........deepezt pitz of HadEz,1
Nord Amerika,1
(^-^*)/ｺﾝﾁｬ!,1
I'm not giving my address to my machine,1
with....... who cares,1
Radom/Wrocław,1
freak town,1
konahgakur,1
There *points*,1
tokoyo,1
Zuhause,1
Out of my mind. Will be back in thirty minutes,1
land never fails,1
PDC WI,1
Oulu.,1
TSSB (This is a riddle),1
Somewhere in my mind...,1
リスボン、ポルトガル,1
Soon to be the Washington DC area,1
Novosib,1
The Cruikshank family basement dont save me lol,1
Buryatia,1
cambria IL,1
Wherever i am at the moment,1
210,1
*sneaking up behind you*,1
eastern U.S. time zone,1
Who Knows where I am,1
Ur Pikaz,1
Helping global warming.,1
cuddlying my one true love,1
frome,1
Outa Space,1
In the Dark Zone,1
Phillilppines,1
The Internet :D,1
El Slavador,1
Kenosha WI,1
The Other Side of the Mirror,1
Umbrella Special Forces,1
In the heart of Tokyo.,1
a dark-lit place...,1
Karasumori,1
Somewhere in Russia,1
At my boyfriends house!!!!!,1
in my bed *_* were u wanna be *_*,1
Wherever Rei is...,1
China-Shanghai,1
On eArTh!! xD LooL,1
Tripoli el Mina,1
Palawan,1
Panda Land,1
Føroyar,1
Southern California (ew),1
Imeno no Awai,1
Decemberunderground,1
Hungary; Budapest,1
京都市,1
With your mum,1
スオムス,1
UnKnown,1
Punjab,1
in my fantasy world in the iran,1
cloud nine,1
Gjilan / Kosova,1
SLOVENIA,1
the Winter Cup,1
綾,1
In my Nightmares,1
in the Universe,1
my harem (www),1
Connecicut,1
somewhere in england,1
Route 42,1
True North,1
Czech republic :>,1
Fucking Hell,1
UK/Lithuania,1
Ken†ucky,1
Oven,1
SPK HQ,1
A cobwebby corner of England,1
~•~Hugging my soft teddy bear~•~,1
MY room!!!,1
BAH,1
Wonderland.!~,1
South Sandwich Islands,1
Russia +_+,1
lousiana,1
The Netherlands. ^_^,1
village of life,1
MaLaYsIA,1
here..,1
In love,1
Perigueux,1
perm,1
A place in ohio!,1
813,1
Krakow xp,1
Dk,1
at my room!,1
in da der,1
Londinium,1
The Lab...... IN SPACE!!!!!!!,1
CAlifornia,1
kissimmee,1
A donde me guia el instinto xD,1
with Sebastian xD,1
Bleh,1
dudley uk,1
Makai Castle,1
Puertorico,1
preferably by a heater,1
Munster,1
värmland,1
canada.ontario,1
US.,1
Maldives / Singapore,1
Ara Corp,1
France Nancy,1
Fornost,1
Under Grand Hotel,1
cebu philippines,1
CoLoMbIa,1
MmmmmMmmmmM,1
the hidden leaf village,1
No submundo de Ades,1
Just outside your reach.,1
My Own Computer,1
žilina,1
Koekange,1
Itomori,1
472,1
.:(Looking at myself in the mirror):.,1
rathic,1
Sweden/ Stockholm,1
Somewhere else on the earth,1
Lost Island,1
Snow Castle,1
Over there! *Points and runs away* ;P,1
gallatin tennessee,1
...How did you know Anaheim? D:,1
My fucking corner! Dont ask.I'm a very bad girl.,1
Pittsburgh!,1
maybe,1
I'm in my own world ♫♪,1
ar,1
Syd Australia,1
zambo.city,1
TSAB,1
Alfred F. Jones.,1
Ciechanow,1
Gush-Dan,1
... my skin,1
Rep Dom,1
In Hiding,1
Mt. Vernon,1
Germany(atm),1
DK DC,1
Mars!,1
Tallinn Estonia,1
Złotnik City,1
Robonimal City,1
Sea of Tranquility,1
Pennsylanva,1
アヴァロン・ブルー,1
Fortified position near my computer,1
West Coast in the Sunshine!!!,1
Wisonsin,1
surco city,1
Kolsva,1
completly in a place i shouldnt be,1
Chicago Area,1
S-pb,1
Cornella de llobregat,1
Bucuresti/Romania,1
siberia :3,1
Clakaine,1
My corner of the world,1
870,1
Kraków/Myślenice,1
kat_bloodrose,1
LOLZ Internet Cafe,1
in front of my PC,1
Denmark :},1
Cottbus Brandenburg,1
right behind you..,1
The planet called EARTH,1
Källsjö,1
Belgrade),1
The Execution Grounds,1
São Paulo - SP - Brasil,1
In your basement,1
✧Ultima Thule✧,1
(washington),1
Rapeytown,1
ingliside texas,1
OH 44306,1
Desk,1
The LBC,1
greenville,1
Ratoath,1
wandering,1
Okinawa(JP),1
🎀 finland 🎀,1
H-I-M-I-T-S-U ^^,1
295,1
Daydreams,1
City Of Angels,1
Paradise (For Real!),1
yup,1
Ninja Land,1
Ichigo Kurosaki,1
México D.F.,1
ｷﾀ━━━━(ﾟ∀ﾟ)━━━ !!!!!,1
In a little blue box,1
森林レイブンズ,1
Gemany desu,1
the tightrope between human & superhuman,1
brasov Romania,1
In Oh-chan's Wardrobe,1
...somewhere in Poland,1
Nizhnevartovck,1
Schelle,1
in your animes,1
Dans mes rêves,1
breezegale,1
NRW - Oberberg,1
BEHIND YA!,1
Shinmakoku,1
SR,1
0100010101100001011100100111010001101000,1
Brasil - RS,1
u s a,1
Neustadt,1
Your waifu's dreams.,1
uk (sheffield),1
SARAWAK,1
Don Galo,1
Kentucky!,1
asdasdasdasdasdasd,1
jerteh,1
#5406,1
heree.=),1
Hälsingland,1
???????????????????,1
between hearts,1
Cailfornia,1
Uddevalla,1
Out of know where,1
Athae,1
Coyhaique,1
Bulacan'Philliphines,1
Warschau,1
Edmonton. Alberta.,1
Chilling to Music and Melting in Heat,1
Barcelos-Braga,1
Polania,1
FL 33179,1
In Hinamizawa ..♥,1
oklhoma,1
WFB,1
�–––•(-• Everywhere •-)•–––?,1
japan desu,1
Seeding torrents at 2 MB/sec for my anime comrades,1
ia,1
Sun city,1
Grand Bahamas,1
Lurking in your house,1
Minas Gerais (BRASIL),1
Toa Baja,1
Ennis,1
Somewhere where there is anime,1
cork city.ireland,1
Jelenie Góra,1
All God's Village,1
New Now,1
Istebna,1
Rusian Federation,1
Дніпро (Dnipro),1
It changes,1
Lima Perú,1
Caldrien,1
RS - Brazil,1
16005 vanowen st,1
Mid-west,1
Gencorp Mezzanine,1
Funny Ville,1
MS -q,1
UAE - dubai,1
Portsmouth UK,1
Dying in Florida. >.>;,1
Trench,1
The Pokemon World,1
Wonderful land of Oz,1
I dare you to find me.,1
Houston;; Texas,1
Aussie! Aussie! Aussie! Oi! Oi! Oi!,1
Spac,1
Luxemboug,1
Elko Nevada,1
Los Angeles County,1
☆,1
Angel Island,1
pennsylvaina,1
Bsngladesh,1
Przemyśl/Wrocław. Poland,1
World's End (literally),1
shinji ikari defense squad,1
in the most colorful state^-^,1
My very own,1
Sands of Time,1
Behind the Screen...,1
Mielec/Wrocław,1
in front of your eyes.,1
AS far as possible from Earth......,1
Anchorage Alaska,1
A Cool Place in NY,1
3rd rock from sun hellios sym,1
dizzy land,1
Planet Deviluke,1
Nowhere anymore,1
Shangrila!,1
in a world all my own,1
1Q84,1
Baguio City Philippines,1
Ringwood,1
minas gerais,1
Genius Party,1
abu dhabi United Arab Emirates,1
Pakistan Multan,1
Chinaddddddddddddddddddddddddddddddddddd,1
Gore-gon,1
some where crying,1
Saint-Hyacinthe,1
Somewhere your not~,1
Oran-Algaria,1
Södermanland,1
Lisboa.Portugal,1
WTFland,1
BsAs,1
~Organ,1
in ikuto's arms,1
25fdfbff7f43d227cb97919fbbc4aeb5,1
Tolna County,1
Great britain,1
somewhere Georgia,1
From The Land Down Under,1
Pomoroskie - Gdańsk,1
Kronos Heaven,1
A place not exactly unlike a city.,1
obando,1
Hamburg;Germany,1
border city!,1
alive i guess,1
Jurai,1
behind the rainbOw. right beside u.,1
OVERLAND PARK KANSAS,1
I wish I was in Osaka ;-;,1
Austraillia,1
#ReadyForHillary,1
Woodbridge,1
Illinos,1
Lawrence MA,1
Philippines -wish i was born in Japan-,1
Me Evil Lair.,1
U S A,1
Tenom Sabah,1
Perdu Ville,1
Krosno/Kraków,1
Bakaland,1
Wherever there's a ceiling with bumps to count...,1
634,1
Would'nt you like to know.,1
battle ground WA,1
Philippines! in front of our Computer,1
Calii,1
Neth.,1
In your sock,1
Phantom Planet,1
Austria-Wien,1
Switzerlaand:),1
Zaporizhuzhya,1
valenica.philippines,1
underdide of the label that is,1
lol...,1
MY CHAIR,1
tartu,1
St.-Peterburg,1
g,1
Hoyerswerda,1
in a galaxy far far away,1
dts,1
Moscow. Russia,1
Nord-Pas-de-Calais,1
Nearish Brum sorta,1
Hollabrunn,1
philippines!,1
Australia/Sydney,1
Trying to kill Yuki Cross & Zero Kiryuu!!!,1
Stil in Louisiana with no escape,1
padsong fortress,1
some stupid place,1
Krimea,1
Living in the anime world.,1
Kauniainen,1
bihar,1
Not in this reality,1
Ростов на Дон,1
Ive been denied all the best ultra sex,1
Darjo,1
Teh U.S.A.,1
In the greatest place in the world. DISNEYLAND WIT,1
Space between time,1
SPRINGFEILD,1
Cagliari - Italia,1
HAwAii,1
cama,1
Bp.,1
Flirting with sexy guys!,1
Latvia/Tukums,1
great britain wales,1
In my Own Little World,1
hiding in your closet,1
Marilia - SP Brasil,1
Otaku Earth,1
holiday,1
BraZil,1
woot!,1
BEHIND YOU...... WITH A KNIFE!,1
Paralel Universe №25,1
za lasami...,1
North of the Netherlands.,1
www.badebyen.no,1
Toiland (land of toilets),1
[38372],1
A world of randomness.,1
United Sates of America/Massachusetts,1
where ever im partyin 4 sho!,1
Sapian,1
the sunshine state.,1
Nilbog,1
SHRA Lindesberg,1
Aichi-ken Japan,1
Czechowice-Dziedzice,1
Russia Voronezh,1
NZ-land~!,1
Messinias,1
IF U HATE ANIME ANIME HATE U DUH DUH DUH,1
Queens Village,1
Urquiza,1
Why you wanna Know PERV!!!!!,1
massechuesetrs,1
In Twilight World of Nothingness...,1
Somewhere you don't need to know :p,1
Pure Insanity,1
Deutschland (Germany),1
schweden,1
California ^^,1
Military,1
Glückstadt,1
Петропавловск-Камчатский,1
somewhere in Tennessee i think,1
san pedro,1
562633,1
NoVA,1
Fantasmagoria,1
Wicha-Wicha-Wichita ;>,1
Unityed States,1
A gutter near you,1
bacayan,1
over the rainbow....;),1
...kentucky..-shudder-,1
Traveling between Tokyo and Berlin,1
Searching for Something,1
lakecharles,1
lol wut?,1
Allentown Pennsylvania,1
Uh... *looks around*,1
MY PC,1
Some dump in Portugal,1
a proper ninja never tells,1
new yawk,1
Gothenburg/Sweden,1
BRITANNIA,1
California aka limbo,1
Saudi KSA,1
who knows for sure,1
ESPARTAAAAA,1
Solo City - Java ISLAND,1
UK~,1
Somewhere around the globe.,1
Plungė,1
HA!,1
Petrópolis - Rio de Janeiro,1
Under your bed ... o.O,1
Gandia,1
~AniPop♥ポップ~,1
Wouldn't you like to know? o_0,1
Deutschland(Germany),1
Slavonian Ship,1
Gaytown,1
Jerseyy.,1
mönchengladbach,1
Hell Colorado,1
Tokyo!!,1
In Pokemon world xD,1
Hell You Won't To Join ME,1
a future of tears and steel,1
palermo,1
Near LA and stuff~ California,1
United Kindgom,1
カリフォルニア,1
Mexico(;,1
Pentagona system,1
Hornsby NSW,1
Dark Soldier,1
Didam,1
bogu iza nogu,1
Somewhere around Asia,1
Sweetlollipop's Land,1
Staunton VA.,1
Ukrain. Donezk,1
in a sk8te park,1
Harmony,1
LA BAYBY,1
KNW,1
eating APPLES Nom nom nom also watching anime. duh,1
Lesko,1
its a secret~,1
searching,1
the U.S.,1
Milan/Rome,1
des moine Iowa,1
Khanate of Azov,1
Poland/Wadowice,1
With Kat a.k.a hunnybunny-chan,1
KnOw WeAr,1
Pennsylvania - USA,1
up is d,1
Котлас,1
Poland - Olsztyn/Bartoszyce,1
My own little reality inside my head 8D,1
hiding,1
north of Poland,1
Nova Zagora / Varna,1
Floirda,1
at your houes come out side,1
Doncaster England,1
St Andrews,1
wiscosin,1
Vermillion,1
Unreachable...,1
Corumbá - MS,1
In the Middle,1
GUESS,1
power to the women by that i mean i need food!,1
right behind you!!!,1
land of chocolate suger plums,1
Lipetck,1
Davis California,1
Near Chicago,1
Kocaeli/Turkey,1
Somewhere in Switzerland,1
Fgura,1
In the waiting room for miracles,1
ＣＯＲＡＬ ＳＥＡ,1
Russia Pskov,1
New Joi-sey,1
QC ( Canada ),1
Spain/Marbella,1
Portsmout Virginia,1
Portugal. Nuff is nuff,1
Novus Sector,1
but Russia before :3,1
sticking my tounge out at you behind your back XD,1
voronezh Russia,1
CC's World,1
Елхово,1
Ptolomias,1
The great convention in the sky,1
Boulder,1
Los Alamitos,1
In your Heart,1
Kitchen,1
(Usually) New York (Right now) Osaka,1
the last level,1
Texas...,1
somewhere!,1
In your pants,1
france / var,1
MY HOME DOOD!,1
日本東京,1
"isn't it?""",1
Austra-lea,1
Boon Lay,1
The middle of everywhere,1
Euskadi,1
In Ma BeD =O Belgium,1
Uppland,1
kuaaaaaaaaaatan!!!!!!,1
An island in the Atlantic Ocean,1
Batangas Philippines,1
in the light,1
Wally-mart,1
maidstone,1
hattiesburg ms,1
✖┌∩┐(◣_◢)┌∩┐✖,1
Rhode-Island,1
bangalore karnataka,1
Neukirchen-Vluyn,1
Falkirk,1
undefined,1
Another side,1
出雲,1
Kryta,1
In anime world~,1
AHEM: grand line,1
Anime Vice,1
Somewhere where no one can find me,1
A Biπ ☺,1
cambridge,1
North Holland,1
大阪、日本,1
Szczyrk Poland,1
England London,1
~Anime Wonderland~,1
Riding a cow.,1
On Haruko's Vespa...on the way to GARhalla,1
Antarctic,1
where robots are taking over,1
Penis land,1
PHILIPPINES AKO!!!!!,1
russia.moskow,1
Phildaelphia,1
Island Closest to Hell,1
Weeeehhh,1
Dhahran,1
Tirunelveli,1
Landisberch Nova,1
Your Shoe.,1
♥ ~,1
HappyKitty Land,1
5 doray ct.,1
I’ll never tell!!!!!!!!!!!,1
за компом,1
america virgina,1
Almanya,1
Poland.! ;3,1
Ce,1
yarmouth,1
Spain-Switzerland-Bulgaria,1
washingtion,1
Olimpia-SP,1
my parent's basement,1
Forums. I'm a Forum Lurker.,1
Geislingen,1
San Fran,1
Slocomb Alabama,1
britsh columbia,1
but I'm currently out of town.,1
Boerne Texas,1
Center,1
Shanghai China,1
Jejemon Land,1
tijuana BC,1
Land O Basketball,1
Calllliiii,1
The MoOn,1
"In ""Adopt Me"" Box",1
With Cie-Kunl && Sebastian-Sama,1
Luzon,1
Szuhakáll?,1
winmalee,1
The Sky,1
Wałbrzych/Stramproy,1
I am in...,1
The place to be.,1
A place called earth..... i think oO???,1
Raseiniai,1
Finally Happy,1
Katowice/Polska,1
Southeast Kentucky,1
SRBY,1
Long beach,1
Canada/Quebec/Montreal,1
Stranded Island,1
NJ!!,1
Edo. mexico ixtapaluca,1
Buffalo Minnesota,1
within the depth of your soul,1
Forgotten City Of Angels,1
America (If you hate the American flag I'll pay yo,1
With the maffles fanclub!,1
Rezekne,1
My room :D,1
in a place where dreams come true,1
Molde,1
AUT,1
in my own world....,1
HINAMIZAWA! JK,1
Giresun,1
Aomoti Prefecture,1
In a nice...warm...dirt mound.,1
In a world of my own,1
Rakuski,1
Milky Way ~,1
Poland/Polska/Mrągowo,1
Flushing New York,1
in anime land and no you can't come jkjk,1
La Palma,1
Magreb,1
birmz :],1
somewhere in Malaysia.,1
Czech Republic (Europe),1
I exsist inside of you,1
Magical land of rainbow and unicorns,1
boston; mass,1
Sugarland :3,1
Al-ahsa,1
TSC Tour,1
Earth unfortunately,1
Russia Petrozavodsk,1
Linz,1
Moselle France,1
Tokyo...where else..:D,1
us new york buffalo,1
Creative Free Zone,1
The Citadel,1
My Head XD,1
Canadaaaaa,1
Uk Boston =P,1
somewhere deep in the southern swamps,1
Biatorbágy,1
ABU DHABI,1
Perugia,1
prato,1
Germany Bavaria,1
Sweden :[,1
everwhere,1
eating >:U,1
Somewhere in nowhere,1
spreading love,1
kénitra,1
"""""BEHIND YOU"""" *stab*",1
東久留米、東京,1
big spring texas,1
The Anime and Manga Fantasy World!,1
My Happy Place~,1
québec canada,1
North Sealand,1
Al frente de mi pc.,1
Hy Brasil,1
Ill,1
ummmmmmmmmmm,1
Santa Catarina Brazil,1
Deadford,1
Victoria.,1
Pozezdrze,1
none of yo beeswax STALKERSSS MUHAHAHA,1
A swivel chair,1
Nowy Dwór Mazowiecki,1
I'm at a buddies house :3,1
in dojo training kendo,1
~~~Far Far AWAY~~~,1
MESA AZ,1
Baden-Württember,1
deserted lowlands,1
Area 11 O_o,1
indianapolis indiana,1
UBC,1
In Your Face,1
Germany or UK,1
Etona,1
Nairobi. Kenya,1
Really really really little place in Holland.,1
sinzwille,1
Európai Unió,1
Wonderland!~,1
Nex Mexico,1
hanging with my Imaginary friends.,1
White,1
phillipnes,1
Marseille / France,1
m'sia,1
BHR,1
galasgow scotland,1
Famalicao,1
Moscow - London,1
sometimes,1
Somewhere fabulous,1
Bridgewater MA,1
The Universe of A,1
Australian Capital Territory,1
1a0e15ce5641424d09e215653a288350,1
on the couch,1
sudai arabia,1
My head :P,1
Reading PA,1
Bystra/BB,1
China >> Indonesia >> Jakarta >>,1
Sleeping on the roof,1
Denver. Colorado,1
a'pen,1
making memories.,1
EPWR,1
W-ch,1
Chaldea,1
wherevaa,1
Cagayan De Oro,1
夢の中で,1
SUNNiE_ViLLE[:*,1
Derris-Kharlen,1
On my way to the world domination,1
Jundiaí - São Paulo,1
Anor Londo,1
newton north carolina,1
5a896143271b12fe1279026970ddd87a,1
Cafe Alpha,1
...HELL...,1
brasl,1
30 cm ponad chodnikami,1
..no where,1
Italy :D,1
Ft. Meyer Florida,1
Gdańsk Oliwa,1
600,1
Romdo,1
Armavir. Krasnodarskiy Kray,1
Invisible Mode,1
inside the cheese,1
Norwalk Conecticut,1
376996,1
Belarus. Minsk.,1
London now Liverpool,1
In front of your computer.,1
Kenosha Wisconsin,1
DC Metro Area,1
MN.,1
anywhere but here,1
Taguig city,1
Citadel,1
by some corn,1
♥ ~ under the tree ~ ♥,1
Iskitim,1
Fighting Off Pain,1
great bo,1
Saldus,1
Far away from you. :D,1
Killing Neko_Neji,1
here :],1
Ukhta,1
Feeling alright ^_^,1
Spb in any fields,1
Behind you o.O,1
Boobs,1
Illinois.,1
Deep Within the Shadows,1
A Bao Quo,1
Cracovie,1
United Kingdom / London,1
Byron Bay,1
Wi-Fi Zone,1
California ok,1
Neue Sanssouci,1
Noord Brabant,1
Medellin,1
Sanremo,1
nightmares,1
In the Soul Society of course!!!! Squad 11,1
In nothingness,1
Oostende Belguim,1
AzureAzureAzureAzure,1
Viridian Forest,1
Happy with my Ichi,1
Kefalonia island,1
Burkina Faso,1
North Brabant,1
houston/baltimore,1
Groß-Reich Rehburg-Loccum,1
In..the realm of darkness,1
Baltimore.Maryland.USA,1
DERRICK GRAHAM,1
Somewere not over the rainbow,1
west palm beach florida,1
InMyTroll_habitat,1
Here O_O,1
In the Stash where the Cookies lie.,1
Veliko Tynrovo,1
cebU sHitTy,1
Southern Kentucky,1
espoo,1
Namimori XDDD,1
Lombardi,1
AE,1
Isle of Besaid,1
Pokemon World,1
Polishing my rifle.,1
Somewere your not!,1
oxnard,1
My House.,1
Platteville,1
-CENSORED- Florida,1
Düsseldorf (Germany),1
ontop a rainbow,1
iwakuni japan,1
SOMEWHERE OVER THE RAINBOW,1
♥Waiting♥,1
Latvia / Liepaja,1
KlinCity,1
北海道(日本),1
Undercity,1
spring Tx,1
Saiunkoku's Palace,1
Split,1
Town with the Dutch Cottage,1
Hereabouts,1
990,1
Pionki,1
Pultusk,1
Warszawa. Polska,1
Beja,1
Kanaki,1
The OC & Diamond Bar,1
In your arms hold me close Kay?,1
wasington,1
The place where there is no darkness,1
Kitchener-Waterloo CANADA,1
Sydney australia,1
galway,1
Dhahran - Doha Dist.,1
Nieuwrkerk a/d ijssel,1
Poland okolice Gdyni,1
Cloud nine,1
Newton Falls OH,1
Germeny,1
Zagreb ; Croatia,1
Porto Alegre-RS/Brasil,1
Viña del mar,1
MO.,1
somewhere safe,1
DnDz =3,1
東南アジア,1
pepsifestivalen,1
Portugal - Lisboa 825,1
bizneuz,1
Akihabara District,1
Riga.Latvia.,1
in a place with me,1
Somewhere among the lines.,1
Israel / United States,1
~~~Dreamyland~~~,1
WEST VAN - THE 6o4 -,1
Here and There ^____^,1
Aqua Planet,1
that would be a secret,1
bergamo,1
🇺🇸,1
Stoke-on-Trent,1
Athes,1
Porando,1
Bulgaria/Bourgas,1
in my base,1
Bellevue Wa,1
CIKEAS GUNUNG PUTRI BOGOR,1
In Anime Fantasia.....,1
Région Parisienne,1
south carolina :3,1
where the moonlight overthrew you,1
With Tony,1
Libya \ Albida,1
Florida; USA,1
user,1
L'inferno più profondo,1
Plovdov,1
dyn sa tabi2..,1
RF Moscow,1
ANIME FANTASY WORLD,1
HomeSweetHome,1
eeh *shrugs* who knows?,1
Eslöv,1
Union city New jersey,1
going to mars next mi,1
Chylonia,1
44,1
The Center of The Universe,1
piedmont,1
possessed by destru,1
Englanad,1
stabing pein in the face,1
http://mo-fansub.fr/,1
NOT TELLING =PP,1
// ♥♥,1
Erie Pennsylvania,1
Germany / Mülheim an der Ruhr,1
Pooland,1
Solar Syste,1
Quin's Shanghai Circus,1
Sugary Carnival,1
"Roanapur in Thailand ""Hotel Moscow""",1
Inyouchuu Caves,1
Betsu no Sekai,1
M.I.A.,1
Lithgow,1
ALDMAM,1
Inside your heart,1
La Laguna,1
In A Tree; England,1
Middle of NoWhere...,1
nelson B.C Cananda,1
730,1
Ha'il,1
Grand Line / Thousand Sunny,1
Telsiai,1
somewhere in this world,1
Wola,1
France - IDF,1
Georgia!,1
TBA,1
Lusby Maryland,1
Finland.,1
Japan ;D,1
in sasuke's arms,1
llalallalalalalaahahhaha land,1
my anime filled room,1
corpus chhristi tx,1
Las pinas city,1
Rovereto (TN) - Italy,1
Spain & America,1
Molo Iloilo City Phil.,1
Montería,1
I don't know where,1
Wherever shoujo happens xD,1
y does it matter..,1
Taurage,1
Urahara Shōten,1
Raciborz/Wroclaw,1
Quebradillas Puerto Rico,1
Grg,1
Russia)),1
Kraków/Przemyśl,1
Neumünster,1
Tushita,1
伯,1
KUALA LUMPUR,1
Under A Rock...,1
pHiLippiNes,1
Lasithi,1
arizona usa,1
Turkiye.,1
bakerfield,1
London!,1
plublo west,1
Krosno.Poland,1
Nom Island,1
Pestering Sheep!! :D,1
SOS Brigade,1
The Nederlands - Den Haag,1
Germany / Hessen,1
st.lucia,1
isn't?,1
Uae,1
aizawl,1
CA Chico,1
West Australia,1
OKlahoma,1
Mandeville Louisiana 70471,1
sweg,1
North of Canada,1
/m/,1
Nieporętowo,1
Tworóg,1
Serov,1
Arkansas (4m Sacramento California),1
Muh bed,1
Alexandria VA,1
Latvia-Liepaja-UK,1
Neo Tokyo 3 (Italy),1
North by the North Pole,1
D.C. Suburbs,1
baja california mexico,1
my bedroom,1
somewhere with INUYASHA♥,1
Potsdam,1
Proland,1
Tallin,1
21XX,1
BG-Sofia,1
lowell massachusetts,1
morelia,1
kokoro no mama ni,1
halloween town,1
saudia arabia,1
huh? where I...?,1
Szeged Hungary,1
Cooltown,1
Mangaf Town,1
yungay,1
datass,1
Willingboro,1
Sao Paulo- SP,1
greedland,1
Shibuya in the UG,1
Thüringia,1
Somewhere in SouthEast Asia,1
World of my own,1
Here & There,1
Malaysaia,1
The Hallows,1
Bendigo Australia,1
MA USA,1
Guatemala!!! :D,1
G-t0wN,1
Sucking Your blood! Tasty!,1
England plx,1
Marysville Washington,1
"4° 50' 53.25""",1
Somewhere in South Blue,1
Honolulu (Kaimuki) Hawaii,1
Space Coast,1
Cardalia,1
N.T Australia,1
500,1
オタク島,1
apple valley california,1
Sinaloa.,1
Citrus Heights,1
Leicester / Kraków,1
like you need to know!,1
The sky,1
AUSTRALIAAAA,1
HN VN,1
Polar T,1
Sao Paulo.,1
Mississauga Ontario,1
In your wildest dreams =],1
England Surrey,1
Tbillisi,1
Stelen,1
beer-shava,1
tx.,1
plaridel bulacan,1
medium sized room,1
Orsa,1
Knoxville Tennessee,1
in da deep blue sea!!!,1
Ololol no,1
Chilito :),1
Alexandrov,1
Knoxville,1
Point A,1
orland florida,1
bronx/jamaica,1
Minnepolis,1
Underworld/Croatia,1
Auburn AL,1
Sunny Colorado,1
Bedlam,1
Murica,1
Per&uacute;,1
in my living room,1
B.C. Mexico,1
Sea Island,1
california pasadena,1
I'm hiding in your closet; waiting for you to go t,1
South yorkshire,1
Eating Stars on the Moon,1
The sticks,1
The Mind of Haruhi Suzumiya!,1
noordwijkerhout,1
THAT Poland,1
letterkenny,1
adana,1
Somewhere between Amestris and Konoha,1
Tropics,1
Dubai - UAE,1
Some state you've heard of,1
somewhere;,1
Adeliade,1
Akira kun...,1
fort mill south carolina,1
Where ever the wind may take me.,1
russia T_T,1
californa,1
ummm...cardboard box sumwhere??? jokes.x x x,1
earth.,1
Ermesinde,1
your daddys bedroom ;),1
In my VictorianFoolhouse,1
Back East,1
germantown,1
Torrance Ca,1
Poland/Poznań,1
Mah slow computor : D,1
Mo.,1
Moreto,1
(My Bed),1
Jamaica New York,1
スエーデン　Sweden,1
kanagawa,1
Reino dos Anjos,1
2 Mile Park,1
London... sometimes... jakarta,1
Alexandrow,1
cookieland,1
...............dan-^^-,1
50RUS / 39RUS,1
North East Ohio,1
Bukit Mertajam Pulau Pinang,1
some where quiet,1
Rio de janeiro-Brasil,1
Death City.,1
stalker...........................,1
in da space,1
Havelland,1
YOKOMAMA JAPAN,1
Hide location NERV in Vladivostok,1
bielsko-biała,1
In My Closet,1
In your left. No no ! The other one...>:),1
some place that's quite,1
With DBSK ♥ (￣ー￣)☆☆,1
moonside,1
Place.,1
Gothic Cathedral at the top of the hill,1
Aromas/Gilroy Cali,1
Lado do cu do Cristo Rei,1
Ya out of your mind!!!!,1
Sector 5 Slum,1
My Room ( Kuwait ),1
bohol,1
Windsor,1
Land of Milk and Honey,1
ʜ ᴇ ᴀ ʀ ᴛ ℓ ᴀ ɴ ᴅ,1
chichester england,1
France (62),1
Russia ϟ,1
Neo Tokyon,1
Fairytopia,1
Brasília - DF/ Brazil,1
Seishun Gakuen,1
Techno Land Washington,1
Hell (Arizona),1
illadelphia,1
Ungewißheits-Allee,1
Msia,1
on your roof :P,1
Nesodden,1
speck of dust on a speck of dust in the universe,1
The deep south,1
In my room ^_____^,1
Kikinda,1
Trash,1
Västra götaland,1
stratosphere,1
Russia Omsk,1
Brzeziny,1
Kokosowe Pole,1
coloardo,1
Чернівці,1
Sydney n.s.w,1
http://en.wikipedia.org/wiki/Houston,1
everywhere but nowhere,1
Funky Town,1
i kinda dont really know,1
Left of Center,1
Enter the hero!,1
AT HOME ^_^,1
West of Chicago,1
607,1
Poland Kielce,1
KK,1
852154,1
A Pirate Ship,1
Oregon (AKA the greatest city in America,1
G'Day Mate! (Guess =P),1
Sankt-Peterdburg,1
Sydney. Australia,1
Mini Soda,1
Kotagede,1
eternal animecon in the sk;y,1
Milsbeek,1
Best,1
lithonia,1
nrw,1
vg hurt,1
North of a big bridge,1
Howl's moving castle,1
Putten,1
Tbilisi Georgia,1
West Coast - America,1
ping pong central,1
私の部屋で,1
land of souls,1
Into a world where the air I breathe is mine...,1
Białystok Poland,1
Ghostrick Mansion,1
none of your concern,1
Throne of Average People,1
LinZ,1
Geulle,1
Aurich,1
In your nose :D,1
Saudi Arabia .. Zulfi,1
Silent Hill ^_^,1
sect 14 petaling jaya SELangor,1
SHOOTING STAR CITY,1
There... 'o' XD,1
(´ー`)y-~~,1
Moscow.Russia,1
brampton,1
My bookshelf...why?,1
the dungeon,1
São José - SC - Brasil,1
New Jersey/ New York,1
∥ France,1
(>//-^)>,1
Classified information,1
all over the place,1
belgique,1
Olkusz/Kraków,1
In the land of the gods,1
Australia (Y),1
COIMBRA/AVEIRO,1
Høje Taastrup - Denmark,1
Kaposvár,1
non,1
ribeirao preto sp!,1
los angeles america,1
Istanbul (Not Constantinople),1
san fancisco,1
In a 4½ tatami room,1
KANAGAWA,1
q,1
East LA CA,1
Qaragandy,1
St. Pölten,1
in my room :P,1
Suarlée,1
Account Inactive.,1
Indoneisa,1
Maasmechelen,1
somewhere in heaven,1
in my memories,1
NEW JERSEYLAND,1
A place in the sky,1
endsville,1
The Rewinding City,1
in somewhere,1
E. London,1
Austria/Neunkirchen,1
Out the Space,1
in my room.,1
In a spiral,1
on earth,1
Ldo,1
unsure ^^;,1
Gehenna with Amaimon,1
teldrassil,1
Ceilândia/Brazil,1
Akina,1
High River,1
Ingthorpe,1
insignificant,1
Don't need to know ^.^;,1
~~~ヾ(＾∇＾)♪,1
Siemiatycze,1
the pit of C9,1
joliet,1
fantasy world,1
Poland (Gostynin),1
Lugar Nenhum,1
invading your house =D,1
Tauragė,1
Planet Wisp,1
perverted stalker!!! O^O,1
city of devils,1
fuckin' it up.,1
Anykščiai,1
largest moon of Saturn.,1
MV,1
Västmanland,1
pamapngga,1
Ikebukuro (2次元の),1
Where it will happen,1
Antactcica,1
Europa.,1
Somewhere in your head,1
Aydin,1
over there!,1
with boonieboo 247,1
Eh! R U Stalker r Sumthing,1
Massachuestts,1
støvring,1
「天国と地獄」,1
Gantz,1
GANTZ ROOM,1
Suuweeeiideenn.,1
my brain,1
PR - Puerto Rico 95 degrees and rising,1
Evil from Underground,1
in between heaven and hell,1
Tenjou Gakuen,1
пгт. Тисуль (KUZBASS),1
Hamburg / Deutschland,1
philippines...,1
Decatur,1
Ume no Naka ni,1
Newport News: Virginia,1
heaven :-)(Y) !!,1
ur closet,1
The Great and Glorious USA,1
Chontales,1
Thailand / NZ,1
Oxnard Californa,1
POLAND - Cracov,1
Sumatera Utara,1
somewhere in your bedroom,1
chiTOWN,1
Anime City,1
Kadima-Zoran,1
♥ ♠ ♣ ♦,1
puchong,1
wherever . .,1
Always and forever with my Panda Bear~ ^^,1
Limoges,1
Lima-Perú,1
On your sofa...,1
Midlands;,1
In ure closet....stalking u,1
Manchester UK,1
phllipines,1
somewhere in my mind,1
Surrey/London,1
Bundaberg,1
Aix en provence,1
Somewhere outta space,1
Japan? *_*,1
saigon,1
BraSil,1
Hell Ireland Kildare Naas,1
United Kingdoom,1
Soon to be dead due to Fallout 4 addiction...,1
Not telling. :P,1
canaderp,1
The Terra (aka WORLD),1
Some Where On the DarkSide,1
Midgar City,1
シアトル,1
The corner of your eye,1
Caserta,1
At the beach sun bating,1
Cegłów,1
Somewhere in the world......,1
q8,1
South-West of France,1
Lahug Cebu City,1
Mexico!,1
Lab 32,1
Trying to escape from this spoon.,1
earth location 2,1
To lose,1
France || Reunion island,1
A place where ramen and anime is XD,1
in a house,1
A new Bugatti,1
Aqui Mesmo =D,1
segula israel,1
a mitten,1
Spagna,1
Depot/Zielona Góra,1
Animetown,1
The village hidden in the leaves,1
USA/Poland,1
Ananindeua - Pará,1
Castelo-Branco,1
In heaven with Jae.....XD,1
Il - The Great Midwest,1
In a box....,1
Places.,1
Where ever he is!,1
hibbing mn,1
The Tea Party,1
Scotland (from PHILIPPINES),1
Hexten,1
LPGC,1
Above the Heavens skys.,1
Vancouver ;D,1
Southern most reaches of Antacrtica,1
Miby's Factory,1
the land of laziness,1
Sokółka,1
binangonan rizal...,1
Pirenópolis - Goias,1
Alive in the superunknown,1
/c/ box,1
Fitchburg MA USA,1
Illlinois,1
Anadyr,1
The Land Before Time,1
Timişoara,1
under my bed (USA) ^-^,1
Kärnten,1
Binche (Belgium),1
WAWA,1
Kildare Ireland,1
Strasbourg - France,1
lancaster/ ohip,1
Aracaju/SE,1
training with darkness,1
camera guy?,1
In the depths of an eternal abyss..,1
somewhere...where magic is real...;P,1
Gorzów Wielkopolski / Poland,1
Anime-Island,1
Yahoo! Answers,1
Prism of Corridors,1
BH - MG,1
Dollhouse,1
Gdow,1
bahia brasil,1
S. Korea,1
street skating all the time,1
somewhere behind the sun,1
The moon xD =)),1
Cel'land.,1
São Paulo/SP,1
Some place i wont say,1
..........come find meXD...,1
Секрет,1
THE HUGE GiANT SCARY APPLE!,1
Piffle World,1
W krainie bogów.,1
学園黙示録,1
The not-so-mysterious-attic/alternate dimension,1
Guadalupe,1
Mysterious place beyond dreams.,1
a house; america,1
STG,1
hull university,1
faisalabad pakistan,1
Cali & Fl,1
gloucester,1
Phantomhive Household,1
Misty Lake,1
Punta Alta,1
Chełmno,1
"""Lost inside reality's maze""",1
The Westeland,1
saitama,1
Khouribga,1
space station,1
Bay Area. California,1
Deepths of Hell,1
Doitschländ,1
Tesanj,1
Čardak ni na nebu ni na zemlji,1
Ciputat,1
Cieszyn,1
Bulacan (Philippines),1
HONG_KONG,1
Wolfenbüttel,1
Northern Hemisphere,1
Ulyanovsk Russia,1
in bed.... no idea where my bed is.......,1
at a desk,1
My little world,1
Hinamizawa Village,1
İst,1
mactownerz,1
where ever iam.....,1
Pennsyvania,1
gtfo,1
philippines muwahahahaha,1
Hoogwoud,1
Englandshire,1
Tormented Space,1
Burnaby BC,1
IN THE LAND OF VAMPYRES,1
Anou?,1
CandyLand x),1
freezing to death in New England,1
in other words...none,1
Non-management 97th world,1
Saguenay,1
Land of FOXES,1
Viljandi,1
Szydlowiec,1
Rijeka...admiral hands,1
my mind's dream land,1
МО,1
obvs. ITachi B4Bii33,1
Aichi-ken,1
Kuchiki Manor,1
Midlands.,1
pandemonium,1
Bukulti,1
Antique,1
Lubiąż,1
Take Sushi,1
In the land of Vampires,1
not gonna say. :P,1
omsk,1
multiply and pixiv,1
anywhere where Lenn is,1
Syd,1
Königreich Umeå,1
Italy - Bronte (CT),1
The Beach.!,1
独国,1
Germany München(Munich),1
Malartic,1
lesta,1
zhukovsky,1
UK- Blackpool,1
Somewhere Over The Rainbow :P,1
U.S.A!,1
den haag. holland,1
KANEDAAAA,1
Kranj,1
In the depths of the sea known as the internet,1
Ellenstadt,1
In the middle of nowhere in particular,1
DA Land,1
Hódmezővásárhely,1
ever,1
Your Mothers House,1
新中国,1
Igloo,1
v3g@$!,1
moroco / casablanca,1
Metro Manila - Las Pinas City,1
LAS VEGAS NEVADA,1
Rio de Janeiro~,1
#8277,1
La Libertad,1
Somewhere in Sweden :o,1
your closet.,1
Comet Observatory,1
Brasil/Brazil,1
Niedersachsen; Germany,1
Not that you care.-.,1
Uchiura,1
Maryland ;o,1
mountain cave,1
Middle of nowhere - Sweden,1
Within Temptation,1
none of ur concern,1
in the Meat Dimension,1
Heaven 2,1
stara zagora,1
Frankfurt am Main,1
dghmdf,1
The Other Side,1
KHR♥ Fanland,1
the hidden village of the otaku ~,1
Latvia -> Cesis,1
Panamá City,1
neverland.,1
boynton beach florida,1
At my computer,1
Prizren,1
iu,1
Grotte,1
Rovigo,1
Canterburry,1
SPB (Russia),1
A magical place with a computer! XD,1
Franca. São Paulo,1
lurking,1
Malta.,1
Inyourdreams,1
Maine - USA,1
Sabrie,1
with bloodrain,1
Singapore :),1
Y34R Z3R0,1
altus/oklahoma,1
cornwall truro,1
fotel,1
E:/Europe/Portugal/Oporto/Gaia,1
Oxon,1
Melbourb,1
kota bharu,1
Wellington New Zealand,1
eygpt / alex,1
7 Infernos,1
B.S.B,1
Irkuts,1
The Radioactive part of Washington State,1
LaLaLa Street,1
no man's land,1
Basketball Court,1
in bead with pudding-chan,1
London (UK) - Lecco (Italy),1
Yo mama's house,1
Bulgaria D:,1
Bremerhaven,1
Joao Pessoa -PB,1
Sambor,1
--Zero Gravity--,1
King Time,1
Vlza,1
Vladifornia,1
In your closet O.O,1
sky pillar,1
lost in a sea of strawberries~,1
Right here~ :3,1
under the moonlight,1
On Neptune~! : D,1
a space ship!,1
埼玉県,1
No data is available,1
Greece Salonika Thessalonikh,1
near st louie missouri,1
UAE-Sharjah,1
england devon paignton,1
Israel (thats ok if you never heard of it),1
Khimki city,1
Province Utrecht.,1
Rokkenjima ♥,1
kocaeli,1
Paczkowo k. Poznania,1
"""murmur""",1
Győrszemere,1
at the school gym.. practicing Kendo..,1
in a place called home,1
In my spiders web.,1
fort worh,1
Necrovalley,1
Freedom Town,1
this place with grass,1
On the Planet of Earth,1
Manhatten,1
San Jose - Costa Rica,1
With 재중 && 山P ♥,1
USA DC,1
In Your Dreams,1
Skattungbyn,1
gondwanaland,1
Germantown,1
where ever i feel like it! ^^,1
08733),1
Hentaiplayground.com xP,1
NOW HERE,1
Japan[I wish],1
Lost Captial Luminos,1
In Your Mind O.o,1
Phantasia,1
Ireland >:P,1
Corroios,1
Not telling! ;),1
the guy that feeds you,1
brasil-bahia,1
Łódź/Pabianice,1
Radom Poland,1
Hell >_>,1
Brandenburg an der Havel,1
Poland/Rabka-Zdrój,1
Luso,1
SinSendGoodMe,1
inside the outdoors,1
B-Town Texas,1
Sanmiguel Bulacan,1
Inland Mongolia,1
Wadena Saskatchewan,1
Sumaré/SP - Brasil,1
Piano Room With Allen,1
The Fourth Perception,1
Mosca,1
plock,1
Opwijk,1
Sin Sity,1
philippnes now in naga city,1
pasig/phillipines,1
Lost in Montana,1
Thinking of the past and future,1
Noscow,1
Timbuktu.,1
Delete me,1
Your face,1
Georgia -.-,1
The Dark Side of the Moon,1
Asikkala,1
The World of Gundam,1
Path to heaven,1
Maków Maz.,1
!! ~,1
Gatcha Hell,1
Enakievo,1
YOUR FACE!!!!!,1
On a chair in front of the computer,1
Madoka's heaven,1
Elemia,1
Pandora No Hako,1
St.petersburg Florida,1
UlaanBaatar,1
German Schleswig Holstein,1
Russain,1
Milano; Italia,1
573189,1
yall (:,1
agyarorsyág,1
Somewhere near the equator,1
a dark hole,1
Saulkalne Latvia,1
Faerie,1
in Carolina,1
on a swing with hot girls walking by,1
maybe?,1
A Wonder-ish Place,1
ALAPUZHA,1
Московская об?,1
domain,1
JONESBORS,1
its none of ur business.. lol,1
La EStRellA dEl SuR (BS.AS.),1
why u want no,1
Midland Michigan,1
Connecticutm USA,1
In the umbrage of the leafless birches of Tuonela,1
Thar.,1
mangafox.com or animeseason.com,1
JddaH,1
South Korea :),1
Ekb.),1
Johannesburg South Africa,1
FiliFinaz!!!,1
Oz World,1
The middle of bloody fucking nowhere. Literally.,1
Warwack,1
look out your window,1
ecuador,1
Somwhere :D,1
united States,1
In your back yard you should come visit me,1
East Coast US,1
Heerenveen,1
Bobruysk,1
Hunedoara / Deva,1
with nanoha ^^,1
Ro,1
Hanoi/Vietnam,1
wilson nc,1
Carletonville,1
philippines - Sydney .,1
U2 / Russia,1
Rio de Janeiro - BR,1
Rip City,1
arlington texas,1
SBA,1
CaLiFoRnIa,1
north brunswick new jersey,1
OTAKU LAND,1
what are you stalkers~ ^^,1
Sands of Destruction,1
Guarapari - ES,1
----------,1
Trash Bin,1
with the Undertaker O:,1
Poland Olkusz,1
General Santos City Philippines,1
Aachen. Germany,1
with the Nowere man,1
neveda,1
Timbucto,1
Clarksville TN,1
RaWr!,1
Teh InTerWebz,1
Deviantart,1
Ugr,1
lying on a bed in a hotel looking at city lights,1
Thors Branch Campus,1
Russia. Voronezh,1
somewhere down the road...,1
somewhere in phillipines :),1
#2852,1
cagayan de oro,1
maya-maya cor. santana drive victiria valley,1
over the river and through the woods,1
Itu / SP,1
SW PA,1
yeah right.,1
Hiding,1
Somewhere doodling on tables,1
beaumont texas,1
Pula,1
Sofia :],1
Bornheim,1
The Depths of my Mind,1
... Gensokyo!,1
Sports anime hell,1
Fowlerville,1
at a computer(Duh),1
So. Cal.,1
Avonlea,1
upon my pillow,1
Ukraine/Kharkiv,1
Osaka-shi,1
thailand.,1
Kaliningard,1
BABY ;D,1
(◡‿◡✿),1
Sopot / Polska,1
Albury,1
Pampanga Ph haha,1
In my darkness kingdom,1
England TT_TT,1
österreich,1
Hard Disk,1
in the confines of my college dorm...,1
calgary alberta,1
Jesus Town,1
Gargzdai,1
The Rotten Apple,1
kecskemét,1
Dead Centre of the Middle of Nowhere,1
Fantasy,1
Provincia Di Venezia,1
no where you need to know,1
Okinawa Tokyo,1
In America.,1
Unpredictable,1
Bacolod City Philippines,1
Hells gate,1
London =p,1
東・京★,1
Fairyland ^_~,1
the land of tsundere,1
Itu SP Brasil,1
Western Washington,1
Hector,1
Hellsing,1
VeBoSa,1
Where the demons roam.,1
south dayton,1
Kiskunhalas,1
Abadan - Khouzestan,1
CHile,1
yaoi town ^^,1
In front of the computer.,1
The shadows,1
Empire of Canada,1
Elysion,1
Fortaleza - CE / Brazil,1
Alhos Vedros,1
Potchefstroom,1
Diamond Edge,1
Peru- Huanuco,1
lala-land,1
Russia Novosibirsk,1
From the inside,1
Not in this world,1
In search of the number 1 headband,1
Do you REALLY want to know?,1
A room.,1
Jastrzębie Zdrój,1
Realm of Insanity,1
Uppsala.,1
bmstu,1
My computer chair. >:3,1
edinburgh scotland,1
in a jar... on my desk...,1
Germany / Polska,1
In my spinny chair,1
Ulm Germany,1
...beside you,1
Stonefield,1
Imladris,1
Stumptown,1
cumbernauld,1
KTGNM?,1
St.Annes,1
Dunaföldvár,1
In your house... watching you read this.,1
Fangorn,1
Deserto XD,1
The World That Never Was.,1
baby.,1
SSSR,1
N.J.,1
Who gives a fuck?,1
california-usa,1
Beaufort SC,1
New York Capital Reigion,1
I Forgot,1
Land de Cloud Cover,1
Al Hassa,1
Tiel,1
Brasil - MG,1
My Head,1
Nun-Ya,1
The state I live in,1
st. louis missouri,1
Sitting in a desk looking out the window dreaming,1
プリズムパラダイス,1
where ever i feel like,1
xanadu,1
candyland* i wiish =(,1
*~*In my bed in my panda pjs*~*,1
Mexico Df,1
Bruh where else besides in front of my pc?,1
T.X.,1
Cape Girardeau,1
Swimming in the ocean.,1
living inside a dead chicken ^^,1
In your face :),1
None of your buiseness,1
akershus,1
Targówek,1
Somewhere In Time! (c) Mrvica,1
duh -.-,1
Toruń/Równe,1
osmaniye,1
Rubinsk,1
sydney new south wales,1
Ksa,1
Zakopane/Kraków,1
Findland mah boois!,1
sand villige X3,1
Sortavala,1
WONDERLANDD! :D,1
land closest to hell,1
Latvia. Liepaja,1
Curitiba - PR / BRAZIL,1
Uk Wales,1
Boston Ma,1
Easter region,1
Poznań Polska,1
Narvik Nordland,1
Poland / Sokółka,1
Europe UK,1
anaheim california,1
Nykøbing M.,1
Williams Lake,1
Buried into my laptop,1
Sassari.,1
petha-tiqua,1
ł&oacute;dź,1
Malacca/Malaysia,1
place,1
Texas Tech University,1
Somewhere in this place we call Earth,1
damaged place...manapla,1
Chamber of the Sages,1
Nashville Tennesse,1
nay,1
the city of sin,1
my computer stupid,1
ＰＬＡＮＴｓ,1
Cesate (MI) - Italy,1
La FloRida,1
~In A Mysterious Jar,1
Spain España,1
FloRida,1
em uma galáxia pertinho de vc!,1
Night Sky,1
My little big world,1
Paranaguá - PR (Brasil),1
singapore!,1
Montpellier (France),1
the New World,1
where ever i want to be,1
OH~IO,1
In U.S.,1
Melburne Australia,1
you'll find me,1
Rainbow land ^ ^,1
In your dreams ;),1
tralee,1
Mother Earth,1
everywhere...,1
Pinneberg,1
varmland,1
RF< Khabarovsk,1
D.c.,1
Minnesota...,1
Los-Angeles,1
г. Таганрог,1
:B,1
Chicago!!,1
O_O Watching your every movement.....hehehe,1
england -wallsend,1
sarnia ontario,1
Bandunng,1
Czech Rebublic,1
CZ/KZ,1
Kuala Terengganu,1
otakulandia\\~*~*~//,1
Left of centre,1
quarantine palace,1
Ukraine :3,1
ns...,1
Kuj-Pom/k. Rypina,1
Lahroe Pakistan,1
naucalpan mexico,1
hogwarts,1
En un rinconcito oscuro y desolado x3,1
In yo mouth,1
Wouldn't you all like to know :p,1
248,1
Near Ann Arbor,1
V@,1
San Marino (Italy),1
Italia;,1
OTAKU'S REALM,1
Riyahd,1
2D Realm,1
Where time ends,1
RHUL,1
hohoho find me,1
Shaolin,1
29.503605&deg; -98.473168&deg;,1
Dragon Pink's asshole,1
EARTH o_O,1
Trapped within my mind,1
Right here ~~,1
North carolina USA,1
florida 305lfye boi,1
Łobżenica,1
Lviv UA,1
The Legion of Doom,1
ii aiint hard to fiind...!,1
In your worst nightmares,1
Flashpoint Academy,1
>;D,1
Prescott Arizona,1
The u.s of bite me,1
Florianopolis,1
Canada/Quebec/Rive-Sud,1
Most often somewhere in outer space or my head.,1
WB) INDIA,1
Philippines x3.,1
Anywhere there are good animes..,1
Sidney Ohio,1
15 mins from paradise,1
Fattest city in america.,1
under your bed >_>,1
of the ass.,1
texas : ),1
pesaro italy,1
Somewhere Beyond the Sea,1
The island of Enchantment,1
In my Imaginary World,1
Atlanata,1
Lubawa Poland,1
Caracas-venezuela,1
tucuman,1
Maricá,1
Poland - Wałbrzych,1
Lucens,1
At The Top Of The Tower,1
CAPE TOWN,1
Hareid,1
Arkhangelsk region,1
dimmsdale,1
I'd rather not say.,1
In the darkness of N-Field,1
Best place in the world ;D,1
Candy land,1
bandung barat,1
Schweinfurt,1
hmmm i dont know but its dark in here....,1
Turkey/Kayseri,1
greece xios,1
somewhere in Europe ^^,1
South Great River (BR),1
Werribee (The Gangsters roll here boi.),1
merthyr tydfil,1
RhodeIsland,1
Shibuya-Tokyo,1
Brazil õ/,1
Middletown Delaware,1
GUESS.,1
Umeå (Try do find me~),1
Poland Zabrze,1
Co. Tipperary. Ireland,1
The Gold Saucer,1
around denver,1
Tanaka's Salt Mines,1
SOMEWHERE IN AMERICA.,1
Quantum-indeterminate,1
..........unknown.......,1
Kyos navel,1
B-stok,1
Marshmallow Heaven,1
Deutschland[Germany],1
Where Kevin Rudd is.,1
New YorK,1
Dead-End World,1
Somwere,1
Fighting my Battles With My True Luv,1
Bracciano,1
Belgorod),1
besh.,1
Kraków NH,1
Kuw,1
Far Far Away ♥,1
bourgogne france,1
ankara. turkey,1
Budapest Hungary,1
Balingen,1
Modlin,1
The Darkness beyond Time,1
Texas with LaurenxKag,1
Newry,1
848,1
Ramt Gan,1
cornwall,1
ataq,1
Grunty Farm,1
WonDerLand,1
A long way from home,1
人 • ♡,1
my own little island,1
La'cryma,1
Legnano,1
Anytown U.S.A,1
PALM DESERT CALIFORNIA,1
Europe),1
In the Fudal Era,1
Between the good and the bad,1
ice cream city,1
QA,1
Simcoe County,1
sydney australia,1
the Next World,1
clare,1
Springfield.Mass,1
In My Own Little World :) Join Me,1
Megen,1
at orihime's house with yuuna and kallen,1
Where ever i decide to.,1
USA 757,1
Somewhere in the Milky Way... JK... How about the,1
Abyss of my Mind,1
In The Middle of The Ocean,1
Konoha ~ x3,1
chicken,1
alain,1
Denmark - Horsens,1
SJOM,1
Lost In Translation,1
M'sila,1
KDdz3,1
Walnut Grove.MS,1
↓↓ IN UR BED ↓↓,1
Farm Planet,1
gen trias cavite philippines,1
kanto boy,1
pasay city,1
Kutaraja,1
in a graveyard with my boyfriend,1
STOP STALKING ME!!,1
blah blahsen,1
none of your biddness,1
/a/ - Animu & Mango,1
city of otakus,1
tabi . tabi ;),1
___in my body__,1
valenzuela city,1
Y-Sakh,1
Fluttering about in the dark dancing lights.,1
My house :3,1
Hunsel,1
Pieszyce,1
Weirdo Forest [Norway],1
PogórzeCity - Częściowo Urojone,1
Outside your window.,1
prahova,1
Beyond the borders of madness and imagination! 8D,1
somewhere you never heard,1
be318ea606193eb6f108c5358016eabd,1
7th Level of Hell,1
The Matrix,1
ivory coast in West Africa,1
Food,1
Qiryat gat,1
my home XxX stalkerfreezoneXxX,1
Anywhere w. her own laptop & Internet (If Any),1
Klepp,1
Smoker Mafia hideout,1
City of lights,1
Poland - Wrocław / Sączów,1
i dont know im in a dark place,1
or-akiva,1
Mobilem Alabama,1
Romania - Bucharest,1
Głogów/Poland,1
Hana no Machi,1
.................,1
Cheese Galaxy,1
On a rainbow,1
Your refrigerator,1
Mataram,1
United Arab Emarates,1
Alongside L eating sweets. 8D,1
Gettysburg PA,1
Parma - Italy,1
Żabno,1
Somewher Over The Rainbow~,1
in the / KY,1
CANADA ! ftw!,1
well disguised,1
GdańsK Poland,1
New Orleans lousisana,1
Heavens gate,1
Nord),1
^_^ wouldnt u like to know? :P,1
Western Lands,1
south wales/united kingdom,1
Łódź\Bełchatów,1
Thailand -> Singapore,1
In A HOUSE,1
lost in illusions,1
Pittsburgh Pa,1
MariLand; Russia.,1
On meh chair,1
東京都、日本,1
新世界,1
Wherever Miku is,1
The Unseen World,1
anything,1
syberia,1
woj.Dolnoslaskie,1
isreal...,1
Somewhere in MN,1
World of Otaku,1
Trapped in a lion's cage with a laptop,1
Riverside California,1
Alaska.,1
In my cave,1
Grenoble (France),1
I'm Hiding,1
Holy Brittanian Empire,1
Somewhere in my dreams,1
Living in the Ocean & Causing a Commotion,1
Massashusetts,1
Atashi no HOOMU,1
Brasilia Distrito Federal,1
edinburgh,1
Argentina - Buenos Aires,1
love at first sight,1
Where eagles turn with the handbrake!,1
No-way,1
Sullivan is for losers like myself Ohio,1
Ouarzazate,1
Arrv,1
Neverland ♫,1
Meowland,1
Harnessing the power of the King...,1
ap,1
Back from Somewhere,1
BULACAN PHILIPPINES,1
OverThere,1
escondiendome de un zombie D:,1
THE ENTIRE GALAXY,1
jacare,1
roma italy,1
WA/IL,1
Johto Region,1
russia.moscow,1
komotini,1
Nan Town,1
AzuLand,1
Dagda,1
Southern Sydney,1
Mogumogu,1
demon world,1
Hull east yorkshire england,1
Chicago 'burbs,1
Norheimsund,1
prov. Milano,1
In /cake/,1
for now.,1
though,1
somewhere where temporal law is ignorable,1
jud Alba,1
Bogotá-Colombia,1
分からんぞ！,1
you'll know once you meet me! ;p,1
calcata,1
Scotland - mahem!,1
Sdyney,1
Within your mind,1
Swiss Mountains,1
Volgograd region,1
the black order,1
somewhere near navada.,1
Aiski,1
The beach,1
Portugal - Lisbon - Oeiras,1
why would you wanna know,1
Kuwait (moving to kuwait),1
Hentaiville,1
Grand lain,1
germany.,1
Olongapo city,1
United Kingodm,1
japan usa,1
World That Never Was,1
Copenhagen!,1
4th Dimension,1
Network,1
PANAMA CITY PANAMA,1
Nowgorod The Great,1
belfast,1
victoira BC canada,1
Catching Up with my monster as our fairie floats a,1
Under attack,1
internet's,1
Mililani/ Ewa,1
none of yo damn buisness,1
Bunbury western australia,1
It's a shiney city,1
Leola Pa,1
being bored,1
Slightly Insane,1
Saturn :3,1
Keda,1
Off my head XD,1
221b Baker Street.,1
Moon XD,1
Papua,1
Thurstion New York,1
Põla,1
califronia,1
AMAZONAS,1
u,1
Elysian Fields,1
*~*In my jammies sleeping*~*,1
"Gary Indiana ""the GI""",1
ಠ╭╮ಠ,1
all it is my own world.,1
not gonna tell u n_n,1
948448,1
creating my plan. Be watchful,1
Ukraina,1
Somewhere within the void,1
with your mom,1
Aix-En-Provence,1
Ikebukuro 8D,1
Zwenkau,1
bolton,1
Romania Craiova,1
rome,1
durmindo,1
your ass,1
min,1
East Coast of the USA,1
Vinland,1
Wonderland(:,1
bretagne,1
sunny island,1
Copenhagen - Denmark,1
E.U,1
(╯°□°)╯︵ ┻━┻,1
The Northern Parts of Europe (Guess where),1
cali bro,1
Kajiuraland,1
sinaloa,1
or on the comput,1
BrisVegas.,1
right? XD,1
East of Eden,1
Passos,1
steflorine france,1
Kissing the stars,1
Denmark (Not the capital of Ikea),1
Canada! Eh!,1
The City of Neon and Chrome,1
なんでやねん？,1
Port St. Lucie florida,1
Somewhere in LALA land,1
My secret place~!,1
Inside your closet,1
2827c3cedb7edf5a90bef275309f8b22,1
996,1
The Shadowy Streets of London,1
oklahoma city ok,1
Sleeping in my bed,1
Pembroke Ontario,1
ＧＥＲＭＡＮＹ,1
New Cross,1
THE EDGE OF THE F-IN UNIVERSE!!!,1
Central Ontario,1
A Perfect Place of My Design,1
Nor Cal,1
Pennsylvanna,1
laughington,1
Montevideo Uruguay,1
Fortaleza-Brasil,1
holmsund,1
Rio de janeiro - RJ,1
Derby. England,1
Valenii de Munte,1
you really don't wanna know,1
Class 3,1
Other Dimension,1
By Hitler's Side,1
Oostende,1
the ghetto of london :3,1
Scotland/Glasgow,1
~Neo Venezia~,1
Watching curiously,1
Singapore Hell.,1
Semarang. Indonesia,1
why,1
☆Somewhere in Michigan☆,1
Brazil / Brasil,1
namsos,1
Bucks,1
South El Monte,1
Florida 1989,1
RUS. Saint-Petersburg,1
20-09-1992,1
Poland Kraków,1
it depends.,1
detriot,1
Санкт-Петербург(Saint-Petersburg),1
Under the stars...,1
sogeki no shima,1
Finland...,1
Middle Erth,1
The state of Insanity,1
Gongaga,1
KATTERBACH GERMANY,1
over there...yea...beware,1
North Cali.,1
New brunswick,1
921628,1
nova scotia dartmouth,1
Dream land Zanarkand,1
Porsgrunn,1
In front of my computer...,1
In lala land....,1
Jump City,1
Coventry Rhode Island,1
Singapore xD,1
England. Watford,1
pasir........malaysia,1
Arizona (currently moving to san di,1
like i even noe =],1
Seika Academy,1
in Hibari's pocket xD (georgia :3),1
in los nache,1
abyss,1
Пушкино,1
Dentro La Mia Bara,1
Ontario :(,1
Helex,1
Le Havre,1
Poland xD,1
Kupang,1
the edge of the universe,1
in your closet... go check,1
Germany - Hamburg,1
故郷と同じ大空の下に,1
SINGLE AND LOOKING,1
eden springs,1
dang rang tang,1
Brazil/ São Paulo,1
hanging a low orbit around anime,1
o3o in chuur bed,1
Pennsylvania.,1
with the bunnies,1
Perhaps Hinamizawa....,1
No where you need to know,1
São Paulo - SP - Brazil,1
Moomin Valley,1
In Mortal Komat,1
Oppeln,1
Witten,1
Under a Pile of DVDs,1
Garan no Dou,1
etten-leur/netherlands,1
where angels are falling (PL),1
Japan. (*´∀｀*)ゞ☆,1
The city of Lost Dreams,1
Mecedonia,1
mindanao,1
In Space !,1
somewhere =P,1
philippines.france.japan.xD,1
*~Really sleepy~*,1
Harbin,1
Europe x3,1
sa,1
Silky land ★,1
Yoitsu,1
トロント,1
bumming around Asia,1
My Own Abyss,1
Oklahoma.,1
You Can't Handle Me♥,1
Space & Time's bathroom,1
(=^･ｪ･^=),1
New hampshire,1
Nothing,1
Unicorn Paradise,1
You do not need to know,1
Hell xD,1
outside ur window,1
🌎,1
home ~,1
West Texas,1
Turkey Antalya,1
Pacific Pines,1
My room!,1
dipolog city,1
Moscow region),1
Dream City.~,1
krasnoyarsk,1
Loli Paradise,1
Random,1
Rishon-Le-Ziyon,1
Modiin Israel,1
~*in a place where dreams come true*~,1
Jersey!,1
somewhare,1
mala lvona,1
Nahariya,1
taku.........,1
Słupsk,1
Evermore,1
A quite place in the world.....~*_*~,1
São Paulo.,1
pontianak,1
São Paulo; Brasil,1
Та дача,1
Ca.,1
Get out of here Stalker.,1
Greesley CO,1
find me.,1
With Lulu ;),1
YourBut,1
142,1
The Sea :)),1
New York and California,1
On a cloud =),1
SOL,1
Kukuru Mountain,1
Rapid City/South Dakota,1
Madinah & Jubail (Work) - Saudi Arabia,1
back of burke,1
missori,1
Upsate New York,1
santiago.chile,1
who cares!!!!1,1
Ulianovsk,1
American Samoa,1
in you fuckin face bitch,1
West-Germany,1
DeathCity,1
East Coast of USA,1
花の町、ハルル,1
Somewhere beneath the rainbow,1
40.686034,1
Richmond B.C,1
Impluse,1
Tallinn•,1
Southern most reaches of antarctica,1
Heves megye,1
wellington,1
Jõhvi/Tartu,1
Piła (Saw),1
Denmark in Europa,1
617,1
The Sacred Bamboo Forest,1
Planet Eden,1
Out of your line of sight,1
The Batcave,1
Sichuan,1
パラダイス,1
Dungiven,1
Asukaland,1
Asia/Katzrin,1
6th Layer of Hell,1
asleep,1
raining paper box,1
Felixstowe,1
Hollnd,1
Pdx,1
lonely world,1
In your pocket 8D,1
Kampen,1
i with you...,1
pszczołki,1
In bed - zzz,1
Some place faaar faaar away (Norway) ^^,1
new minas,1
Russia :DD,1
Vienna (Korea),1
Emu Empire,1
Taranaki,1
Netherlands (limburg),1
wellinton,1
Fortress of Solitude,1
takoma park,1
Goslar,1
wouldnt yu like to kno?,1
God Knows,1
Manila!!?!,1
Znojmo - Brno,1
Veliko Tarnovo,1
r54,1
Somewhere NC,1
Siemianowice/Poland,1
somewhere in Poland:),1
Mac Anu,1
Where Hope Goes To Die,1
OHIO ~or~ World of Caelestis Dea (chunni World ;D),1
unkonwn move a lot,1
DUWANG,1
portland oregon,1
Manga Town,1
San Francisco and Boston,1
Akatsuki Hideout.... avoiding Diedara,1
EatinG M & M's Want SomE? ToO BaD XP,1
Music State,1
scotland/ near aberdeen,1
Fargo,1
Britan scotland,1
guess :D,1
Varsseveld,1
In ur Imagination :o,1
Częstochowa/Poland,1
Ciudad de Panamá,1
Sunakagure,1
|| POLAND,1
Павлодар,1
Karakura town T^T,1
Várzea Paulista - São Paulo - Brasil,1
out of space,1
Brighton Ontario,1
Ariziona,1
philadelphia PA,1
Where Else Could I Be?,1
AMERICA HAHA~,1
Primal Chaos Void,1
Tatabánya Hungary,1
Florian&oacute;polis/SC - Brasil,1
Rīga. Latvija. ;),1
up your arse.,1
Newport City,1
Southeastern US,1
grawr.,1
Ampang,1
the Hell),1
Wuppertal; Germany,1
In your nightmares!^^,1
Pr :3,1
Niemcy,1
norrkoping,1
Wherever my heart leads me,1
Nothing and Nowhere,1
Nootdorp,1
TIvertin,1
wuodzisłasw,1
Lithuania - Moletai,1
eating cookies.,1
dfjigerjhiojhvnifuhkld,1
hattem,1
Not a dream land,1
bangkok thailand,1
mizoram,1
A place where angels live,1
Leo,1
butuan city.philippines,1
from Canada,1
Reseda,1
Βέροια,1
Farum,1
Home on the range,1
Aahen,1
Kyuhyun's asjfhkfjhd.,1
where ever Izumi is,1
Under Your Bed 8D,1
Lost in a sea of anime,1
Wherever I happen to be at the moment.,1
Poland --> Bydgoszcz,1
Davao Region,1
Songe-Norway,1
where I wanna be,1
Shin Megami Tensei World,1
Yu-Piter,1
that place !,1
Mold ( North Wales ),1
Jtunheimr,1
Cracow - Poland,1
Czech Republick,1
Under your bed...>_,1
Екатеринбург.,1
Szczecin Poland,1
On the moon messing up Madara's plans,1
you know.......... around,1
Strzelce Klasztorne,1
dalian china,1
Hungary/Norway,1
My own little secret ;P,1
Iceland. >:3,1
In A Dream,1
Al-Madina,1
Almet'evsk,1
In a SHINee world,1
Владивосток (Vladivostok),1
Busselton,1
Nab Chelny,1
that box down the street.. Virginia!,1
Your mums basement,1
Syria Lattakia,1
Somwhere where i can be happy,1
Somewhere in the Galaxy,1
Somewhere in the MidWest,1
Deep Anime World,1
A castle in the sky,1
Spiral Galaxy,1
U.S. of A.,1
sarasota fl,1
ozH3N,1
hurt/va,1
nowhere you need to know,1
*Shh... Secret* Israel...,1
Czech repablic,1
Gre,1
Israel.Beer Sheva,1
Israel . Tel-Aviv,1
feito bed :3,1
Link&ouml;ping,1
Melboune,1
Mitten hell,1
no idea??,1
Oświęcim/Kraków (Poland),1
X marks the spot,1
Czarnków,1
Boleslawiec,1
between my legs,1
Geeeeeeorgia~,1
Kitchener,1
Nogersund,1
Turkey/Germany,1
Niedersachsen (Germany),1
Jojutla Morelos / Mexico,1
The Clouds :D,1
Eyeland,1
Le Palais sur Vienne,1
mex.,1
E-ville,1
Perm area (Russia),1
West Coast - USA,1
TeXas,1
kaletnik,1
5th Avenue 69,1
Happy Place,1
Hungary-europe,1
British Comlumbia,1
Nowhere ;D,1
Anime World Canada,1
Koholint Island,1
Pocking,1
Łódź gurna,1
somewhere in Romania,1
why you like know?,1
Ilmenau\Germany,1
Kent UK,1
Canada. Quebec,1
Sommewhere,1
in a dark corner waiting for some one to save me.,1
Strzyżowice,1
Silverant,1
Many funny places.,1
Germany = Deutschland = Doitsu → Yoitsu,1
Bagnolet,1
Manga Heaven,1
Somewhere I belong.,1
TX 76208,1
Cuppy Cakers Land,1
Inside the mind,1
Iraqi in Kuwait,1
Underworld also known as Earth,1
In your room,1
caboolture,1
Myanimelist.net :P,1
MC,1
In a treehouse with my squirrel friends.,1
Where the Wind Comes Sweeping Down the Plains,1
Philippines Quezon City,1
DIE NAZI SCUM,1
Vilnius<>Ksd,1
TT,1
the hott cool desert~,1
Elkview WV,1
pearl of the orient,1
Tampere Pirkanmaa,1
Yaoi-land,1
Sint-Denijs-Westrem,1
Newhampshire,1
Amarillo TX,1
Central North Carolina,1
Norway Skogbygda,1
SG(:,1
Sponge Town,1
gensan.phil.,1
BAHRAIN,1
phlippines,1
rominia/ploiesti,1
Ceres,1
Somewhere you don't know,1
En la fosa mas profunda del infierno,1
kota kinabalu malaysia,1
BC; México,1
New Zealand/Waikato,1
New Orleans/Colorado,1
fcd724f20e86624e05dec04bd6cfef6e,1
Surabaya (Indonesia),1
Behind the one way glass you call a computer scree,1
kyoto,1
Japan x],1
UnderYurBed,1
Sum Where In This World XD,1
Ra Cailum,1
Los Noches,1
IN. In my head; Insanov,1
Estonia Tartu,1
Gelsenkirchen,1
California HB,1
Alberta. St. Albert,1
MIssouri,1
your moms vag,1
Dreamland ....,1
New Caney,1
#420,1
Hungary/Zalaegerszeg,1
En el baño,1
Glace Bay/N.S,1
In the Magical World of Oz,1
Tokyo (akiba) na not rly,1
Cosmosphere,1
boumerdes algeria,1
farmington hills,1
Don't ask - you don't know it,1
sweden -.-,1
my you-know-what,1
France (Born in Portugal),1
All World,1
Pulau Pinang,1
Jastrzębsko Stare,1
well......where things r hot,1
Pasir Mas,1
Mindanao CDO Xavier Heights B-44 L-12,1
MYOB,1
Behind You..,1
コンピューターシティ,1
Caxias do Sul RS,1
>.> who knows(ask me maybe),1
Organization XIII's Castle,1
Halden,1
anywhere .,1
Apalit Pampangga,1
yo closet,1
México #989,1
Land Down Under,1
anime world...,1
Eden Hall,1
City of Immortals,1
PHX AZ,1
Myski,1
The US-of-A,1
My Spinny computer chair,1
Mantova (Italy),1
Philippines ( my beloved country! ),1
Playa del Carmen,1
san jose ca,1
Greater Seattle Area,1
Dreamer's Land,1
otaku land,1
Waiting for a table @ Dorsia,1
My room O:,1
lubbock texas,1
275,1
This town right here!,1
Halloweentown,1
Germany Worms,1
Reading over your shoulder,1
Tobolsk,1
Giurgiu,1
Saitama Prefecture (japan),1
uae qusais,1
orenburg,1
MISAMIS ORIENTAL,1
Where the kangaroos reside.,1
in a sleepy little town,1
wiv friends!!!,1
RR,1
Izmir/Karabaglar,1
Nicosia/Cyprus,1
Candy Shop,1
Toa Payoh,1
Paranaque City,1
The Place Call Home,1
Down under.,1
In ur base,1
Terribleland,1
mitten,1
rosevillee Ca.,1
Taber Alberta,1
경기도,1
Herdecke,1
Tacloban City,1
Tauranga,1
JAKARTA!,1
newark new jersey,1
Between Uke n Seme! *.*,1
Milkyway Galaxy,1
san bernadino california,1
Can-not-confirm,1
97470,1
In A Box Outside Of Wal*Mart,1
arkanas,1
T*rkiye,1
Spinning on the computer chair.,1
glen burnie maryland,1
Värnamo,1
Galaxy,1
Nostalgia,1
Capital Federal. Buenos Aires.,1
Daytona Beach,1
Olsztyn/Frankfurt(Oder) - Poland/Germany,1
Russia-sama,1
East Blue ~,1
Törökszentmiklós,1
Mońki/Białystok,1
Gensōkyō|Hungary,1
Massachuchu,1
Swedenland,1
Russia/Ufa,1
haninge,1
soeul,1
Planet Mars,1
Taco Land. xD,1
Lynnwood Wa,1
L-Town,1
Somewhere in Sky,1
On my computer,1
ireland cork,1
the beautifull island of Puerto Rico,1
P.R of China,1
not telling U!!,1
Heaven's Perdition!,1
THE END OF MY ANIME LIST,1
would'nt you like to know....lol no really =),1
South Side Germany,1
Somewhere in America *,1
A World All My Own,1
Murrica,1
Dolina Bogów,1
viareggio italy,1
Where the cute bois at,1
Nata/RN,1
nesia's kingdom ♛,1
Baixa da Banheira,1
totton,1
AnImE wOrLd :3,1
MAL's IRC or Discord,1
rotterdam holland,1
Tokio :P,1
Near the RAINBOW~,1
Guariba SP,1
РнД,1
Brantford !,1
various places,1
okolice Gliwic,1
Mars... dont ask why,1
almazora,1
Silent Hil,1
Machester,1
in broken villa,1
U.K-England,1
Mevlindale,1
One Remote Point on the Little Red Dot,1
Anime Los Angeles,1
chatting or listening to music.,1
미국,1
The Ether,1
Norway (Trondheim),1
Slovakia...damn XP,1
Somewhere above the clouds,1
Poland / Lublin,1
Amsterdam - Netherlands,1
in my girls heart,1
Nürnberg ( Germany ),1
Poland !,1
Los Banos Laguna,1
Padova (Ma adesso sono altrove),1
srilanka,1
with lil' sis Cutie at the mall,1
新宿 in my dreams,1
Uhmm... Yeah... About that....,1
Aman,1
Ust'-Kamenogorsk,1
Falkenberg / Sweden,1
okmulgee,1
Mantua Ohio,1
Kentuky,1
Englan,1
Abakan,1
Debajo de algun puente,1
not in ur house...or am I?!? o_O better chek,1
Pepperland,1
The Darkness within you,1
Behind you >=D,1
Ericeira Portugal,1
Stealing your files.,1
Santa Rosalia B.C.S,1
Fremont California,1
MD/DC,1
Looking for my girl...,1
some where every thing can happen,1
Aden,1
cus school no liky manga.,1
T.Sora Q.C. Philippines,1
Heidelberg/Germany,1
yet you crave,1
in your heart ♥,1
Nedza,1
~* Netherworld *~,1
Mysłowice-Morgi,1
これに私の部屋,1
Japon-Tokyo,1
frOm sOuL sOcieTy,1
Seiso Academy,1
almaty,1
Poland / Radom,1
Winnipeg manitoba,1
The Soul Society...,1
Philippinesx,1
uhhhh here?,1
hemel,1
Balsall Common,1
Royal Holloway UK,1
----,1
Devil May Cry Shop or Maid Latte,1
Brookfiled VT,1
Off,1
lexington kentucky,1
Middle of nowhere (sweden),1
Wall Rose 🌹,1
Kırklareli,1
Nowhere You Need to Know,1
KL (:,1
relatively,1
under a sky-colored umbrella...,1
:D u never need to know where the hell am I,1
thats none of youre bisnis.,1
YUGIOH,1
milk bags etc,1
Behind the mic ...,1
Cau-Lee-Fau-Nia,1
Turkey/İzmir,1
自分の世界,1
in den Nachtschatten des Todes,1
Cork City,1
Guam =P,1
Eden of the East,1
162,1
your closet...now get out.,1
FLARIDA,1
YourBrain,1
The Golden State,1
gdzie miłość ma czeka,1
Jarocin,1
Poland Dąbrowa górnicza,1
Haapavesi,1
Quiv,1
Erdely,1
Holleywood :),1
Somewhere in Canada... :3,1
Gdańsk (Pomorskie),1
where you aren't,1
Somewhere in Japan.,1
where ever i may be needed~,1
EE.UU.,1
some where in the Gundam Universe,1
Realm: 900,1
KC MO usa,1
APPLEWORLD,1
up in the clouds,1
*omnipresent,1
tamaulipas,1
Tosev 3,1
Nicararagua,1
Melitopol,1
Taranto,1
563,1
Philippines [フィリピン],1
Stone Staffordshire,1
Atyrau,1
y,1
stanwood-michigan,1
udonthani,1
york pa,1
Wouldn't you like to know :'D,1
045,1
Cibórz,1
Alex city,1
O2k,1
in a dielectric field,1
Denmmark,1
Well I'm lost in the park and rose is sleeping,1
Elbląg/Poland,1
Made in Gombak,1
Portugal/Germany,1
Santa Maria da Feira; Portugal,1
right beside ya,1
Leeds England,1
In cezska heart,1
Stuffed inside a crate somewhere...,1
South Gate,1
anywhere you want!,1
warnsveld,1
Begining to overlap the moon~,1
Tuscany - Italy,1
Curious?,1
Somewhere >.>,1
Leningrad,1
never mind,1
dasmarinas cavite philippine,1
Khv,1
Strange,1
Yekaterinburg.,1
possibly?,1
Somewhere far far away,1
Earth :P,1
Duszniki Zdróóó! >:3,1
The World of Manga,1
Yamanashi-ken,1
Juiz de Fora-MG,1
Behind you....,1
Joinville - Santa Catarina - Brasil,1
??????,1
ON N2K 3W7,1
MINNESOTA,1
loli no rakuen,1
Black Hills,1
Alone..,1
Wherever you aren't,1
Alola Region~,1
Woooooooosh *where is Wooooooooosh exactly...?*,1
BH / MG / Brazil,1
Mexicali BC Mexico,1
Rancagua,1
orange county florida,1
in haruhi chan's room,1
Garden of Gothic Eden,1
Miastko,1
France :),1
Ma falmouth,1
in my own fantasy,1
Institute Benjamenta,1
東北、日本,1
right next to yours. 365,1
NJ 08754,1
that is all you need to know!,1
CARSON,1
Qulimes,1
Lithonia Georgia,1
East Coast U.S.A.,1
somewhere peaceful,1
dirty jerz,1
Glamorous sky Nana,1
hidhpoint,1
Kraków / Bieżanów Stary,1
High Point,1
Lost in space...,1
japan　kanagawa,1
serbis,1
Bangkok Metropolis,1
In the sky~,1
around Daytona Beach,1
Milky Way - around California,1
neko land >w,1
Your Mom's Closet,1
Warminsko-Mazuskie,1
Stavropol',1
helmond,1
Poland?,1
Lost in La La Land,1
Houtigehage,1
Chiaravalle (AN) - Italy,1
The Hindenburg,1
Trinity College,1
Batam,1
Chicago~,1
In your butthole.,1
こんたげｎ,1
austraila,1
知られない,1
Adventure!,1
Vilnius :3,1
mad tea party,1
Porto Alegre - RS - Brasil,1
私立あべにゅう学園,1
israel ashdod,1
land before time,1
Shinsengumi Headquarters... XD,1
Western Massachusetts,1
SCARB,1
Druskininkai,1
Sta. Rosa Laguna Philippines,1
weeabooville,1
Lonley world :/,1
Tijuana B.C. Mexico,1
Nor Cal (California),1
Death city,1
Tasssssie,1
klang,1
SomeWhere Lousiana,1
hodge,1
Probably at school or work.,1
Port Huron,1
My wing chair.,1
The Awesome Times Square in New York!,1
Voorschoten,1
Germany / Usingen,1
at bed,1
here n' there ^^,1
The Great White North,1
KSA - JEDDAH,1
your mother's basement eating her food,1
~OuterSpace~,1
In rimas pants ;o,1
Fraccionamiento Real,1
Kerava,1
dreaming,1
North-ish,1
Cheyenne Wyoming,1
Poland - Rypin,1
Weebekistan,1
Open Fields,1
Saudi Arabia - Qateef,1
Trabzon/Turkey,1
Interwebs,1
Mancave,1
Twydall,1
Davao Or. Philippines,1
Imagi-Nation,1
Samara reg.,1
Dublin ohio,1
MS. USA,1
st.Petersburg,1
Sunnyside,1
Noway,1
great britain,1
wallace,1
St.lucia.,1
Japan Puerto Rico,1
Springfield il,1
London eye!,1
thunder bay,1
Avon,1
probably.,1
City of Roses,1
>=P,1
istanbull,1
You creepy stalker,1
Jujuy,1
kamloops.b.c.,1
Gävle Sweden,1
Zaporizhia,1
Tokyo disney,1
Califorlornia,1
Newport news VA,1
Memphis Metro xD,1
somewhere over the rainbow...,1
cant tell dont wanna be tracked down!!!!,1
стул,1
Тюмень.,1
Certain Country,1
On my chair,1
shrewsbury,1
Wallowing in the river Styx.,1
In front of you.. jk.. behind u :P,1
NRH TX,1
Parque de los Ciervos. Tejas,1
everywere,1
Somewhere on the east coast =],1
ABORTION LAND,1
GB-essex,1
BABII HARDROCK,1
Zielona Góra/Poznań,1
Komorów,1
Face of the Earth,1
Condemned City,1
Redleiten,1
Male' Maldives,1
In The Middle Of somewhere,1
W.V. - USA,1
hemet california,1
Next to my laptop,1
Amersfoort - The Netherlands,1
Da Fieldz,1
Eastern Standard Time,1
Belém-PA,1
Omaha NE/Council Bluffs IA,1
Treves,1
Iquique,1
Tomaszów Lubelski,1
gudanisuku.,1
ln 0,1
São Paulo ^-^,1
assam,1
englewood colorado,1
An Knuckles in the Knuckles,1
Kirin Art School ♥,1
Palm harbor,1
Vlagtwedde The Netherlands,1
Sheffield. On Earthy xD,1
colo,1
Washington(:,1
wouterswoude,1
In the city of ember,1
Central Massachusetts,1
New Delhi/Noida,1
kohima/nagaland,1
Russia/Moscow,1
ubiquitous,1
Santo André - Brasil,1
Chiang Mai,1
Novosibirusuku,1
OnlineVille,1
WA/Redding. CA,1
Michagain,1
bla,1
Nassachusetts,1
Porto Alegre RS,1
no-where,1
USA WI,1
Romania Bucharest -> Japan Tokyoto Fuchu,1
Worldwide,1
Unknown to Mankind,1
non you bisnece,1
Fairytale..a Dream,1
Bloomsburg,1
Indoors,1
Jena,1
Artem,1
Location:,1
land of the free and the home of the brave,1
千葉 Chiba,1
Australia (rules),1
Couva Trinidad,1
EU - Hungary - Szentlőrinc,1
Lubartów,1
Nikaia,1
braila.romania,1
No Sense of Direction,1
Louxemburg,1
Willemstad Curacao,1
Spain =3,1
currently dating with Sebastian Michaelis,1
Australia~,1
Mostar,1
Tocantins BR,1
Somewhere in Central America,1
Saint John,1
in yewr heart,1
Slavgorod,1
Tokyo Dome,1
Maturín,1
Wherever i happen to be,1
>.> who wants to knoe?,1
In your mind...,1
ahlen,1
Nõmme,1
where else?!,1
mexia,1
biskra,1
Germay,1
Marmalade Chainsaw,1
hiding from the billl collectors.,1
ppp,1
Mosul,1
Isle Hesperides,1
Myouren Temple,1
Under yer bed,1
Fishballa Famiglia,1
Wakefield England,1
Saudi Arabia الدمام- السعودي?,1
Kaunas\Vilnius Lietuva,1
"""Fell like Missing out"" Land",1
in my wildest imaginations,1
Poland xd,1
Not where you are,1
Gdynia :3,1
Z'Ha'Dum,1
Spain / Japan,1
england :D,1
bourbon,1
Somewhere in the great US of A,1
jeddah - sa,1
from the far east,1
Koko ni iru yo.,1
Chukukatsu!,1
City of Horrid Weather,1
São vicente,1
not really *sigh*),1
Céara,1
somewhere.. where music take me,1
Chaosdessert,1
Gazth Sonika,1
Bojangles' backyard,1
L World,1
in yo face,1
The Frozen North of Canada,1
yogyakarta,1
West Mids,1
Washington! Not Washington D.C.! :D,1
Longisland,1
I don't know ;D,1
Not sure,1
The Moon!,1
downloading anime,1
Somewhere Over the Rainbow...,1
Exorcist Headquarters,1
Swarthmore / Berkeley,1
corners of your imagination,1
Křivoklát,1
895,1
Between Shizuma and Sei~,1
Manila Paranaque,1
Perched on a chair,1
Reštrikčný kabátik,1
Haapsalu/Tallinn Estonia,1
quitman LA,1
somewhere in slovakia,1
Loisiana,1
brasil- formiga-mg,1
Massachucattes,1
secret ^.-,1
philippinbs,1
tenneessee,1
autralia,1
Gorzów,1
Arshertina,1
YUP,1
ciudad,1
Halberstadt,1
Darlington UK,1
parañaque city,1
Italy (Turin),1
Bulgaria Petri4,1
Kiselevsk,1
TYCHY,1
2PMWORLD~,1
BEHIND YOU ;),1
Alamty KZ,1
Somewhere over the rainbow~!,1
☆ My own world ☆,1
España/Spain,1
Pataias,1
___________________,1
Курчатов,1
Somewhere on this Earth,1
Lithuainia,1
Cordobita..!!,1
Lubomia/Rybnik,1
Baden Würtemberg Germany,1
St-Petersburg XDD,1
Tarnów/Wierzchosławice,1
Klang Malaysia,1
under your bed ^^,1
Vocaloid-land :D,1
Hinamizawa ;D,1
in the bed with my lesbian gF,1
USA (don't ask period),1
Hell's gate,1
kraljevo,1
Prazmow,1
Azabu Juuban,1
gaspesie,1
UAE~,1
Spain/Andalucía/Córdoba,1
Doma epta,1
Georgia.Tbilisi,1
good old germany,1
norwalk california,1
Brazil- Minas Gerais,1
In a magical world where Mechas and Blue Chics liv,1
Somewhere Around...,1
Bueno Aires Argentina,1
Rockville,1
Heraklion Crete,1
TG.PL,1
Mallorca (SPAIN),1
kontagem,1
Asia/malaysia,1
bologna,1
seoul korea,1
Pärnu/Estonia,1
thimphu,1
England Hull,1
In my room! owó,1
Carabobo,1
At your window,1
Slovakia (+Ružomberok),1
Banana Republic of Poland,1
catalonia,1
492866,1
The Happy Place in the Corner of my Mind,1
chorlotte,1
with my laptop.,1
Memories long since forgotten,1
Gliwice.Poland,1
port alberni,1
Scottish Highlands,1
mass),1
D.F. Mexico,1
Christmas Town?,1
In the world of Tales,1
somewhere in the wonderful USA,1
Lagogás,1
Kabul,1
Kosów Lacki,1
Minas Geraris,1
Dream Zanarkand,1
Toróóó >:3,1
flinton pa,1
Torbay Auckland,1
cake princess academy,1
Poland / New York,1
Ireland( I really am in Risembool),1
Scarlet Devil Mansion / Canada,1
Bălți,1
right around where the pilgrims landed,1
Wishconsin,1
4th dimension,1
as close to god as i can get,1
Madrid/España,1
/dev/random,1
Your moms house : ),1
This island Earth,1
Florida :),1
Behind you! O_o,1
BH-MG-BR,1
Rzgów/Łódź,1
Hatay,1
rz-ów,1
GJ Colorado,1
Sopot/Poznań,1
B.U.G. Y.I.M.E.,1
Korea ~ Stargazing,1
God's blind spot,1
Berlin/czasem Łódź,1
Muhosransk,1
????????????,1
Ningenkai,1
Črna na Koroškem,1
Republic Of Philippines,1
Sereitei mostly,1
hastings,1
SomeWhere On The Vast Globe,1
Swansea (...or Kent or W.Mids),1
Kusagakure,1
philippines/mindanao,1
CIUDAD DE MEXICO,1
london. poplar,1
Pland,1
Jaú - SP - Brazil,1
Pápa,1
My desk,1
In between Japan & Hogwarts ♥,1
Mahou Shounen,1
...here....,1
old,1
Where you at least expect :D,1
England... be back sa pinas in two days!!,1
~Land Below of The Wind~ MY,1
TEH DEEPZ OF HELLZ,1
France & Belgium,1
Vitry sur Seine / France,1
Third Layer of Hell (Australia),1
Brainspace,1
Thailand ^^,1
himitsu,1
grsv,1
Philippinesprofi,1
here!!!,1
spore,1
the emerald city,1
With Yuuki,1
switching between Luxemburg and Germany,1
Oaxaca,1
Depths of Hell,1
USa,1
peterborough :).,1
Alburgh,1
Katowice /Hamburg,1
Ingermanland,1
Americana - São Paulo - Brazil,1
In Your Attic,1
sta ana manila philipine,1
Dreaming :3,1
Variable,1
:) anime world!,1
Paris-Toulouse,1
Alaksa,1
Glossop,1
Saudi Arabia/Madina,1
internetz,1
088,1
Rio de Jneiro,1
Hinamizawa x3,1
Where ever Kallen is,1
Barquisimeto Venezuela,1
in your arms x3,1
Vila-real,1
westland michigan,1
In Dreamland,1
*+@nime-Paradise+*,1
Broklyn ny,1
OtakuYO,1
Brazil - Goiânia,1
Guimaraes,1
Europa-Romania,1
Bat Yam,1
Higher Plane of Nonexistence,1
Kasukabe,1
Coconut island,1
Cianjur,1
up your ....... street XD,1
Tamworth,1
bAtAaN,1
Drs,1
Here!!!!,1
Caxias do Sul - RS - Brasil,1
Sohma House ^.^,1
in battle,1
Vissefj&auml;rda,1
oldham united kingdom,1
Goldfield Nevada,1
In the Imaginary Hotsprings. -^^-,1
The Southwest,1
São Paulo/Paraná,1
Don't really know atm,1
A place with no Hetalia character D:,1
Kissing Sexy_Ichi,1
buenavista,1
~Philippines~,1
Japan^^,1
Secret >:0,1
locked in da heart,1
in a place in a room fool of bunnies^u^,1
A Canadian igloo,1
pescara,1
Yesteryear♡,1
In my own lil world...>3>,1
somewhere in Canada...,1
swartz creek michigan,1
Kalisz/Poland,1
Novovsibirsk,1
Elmira NY,1
Vlaanderen,1
Kidderminster,1
FluffyIsland,1
Rio de Janeiro (165),1
Koshien,1
ask-for-it,1
Voooooooooooooi!,1
A La Laa .....,1
Aixstadt,1
Poland / Wroclaw,1
Izu Islands,1
St Helens,1
Bluffton/South Carolina,1
Romania/Constanta,1
a shoebox in your closet ;],1
Mugla,1
binjai,1
Eversong Woods,1
Planet Hiina,1
Sarthe,1
In Nidhi's head... hopefully,1
Harlow,1
İzmit,1
world of sapphire blue,1
Between your world and mine,1
@Iu's heart,1
somewheres out there,1
Boulogne,1
all your base,1
Anywhere with Anime,1
Your Heart :D,1
The Field,1
stalkers -.*,1
Some place in São Paulo,1
wonderder land,1
Saulkalne,1
Around :),1
Cancun Mexico,1
A Place In Indifference,1
los noches (hueco mundo),1
The Thousand Sunny,1
that has 3 countries on it,1
Dve Mogili,1
Ethics Board of the Princeton Plainsboro Hospital,1
N/A i know ur gettin sick... D:,1
Watching your every move O.O,1
Jackson Michigan,1
South-east,1
Kwidzyn/Poznań,1
Nizhegorodskaya obl.,1
Funchal,1
In Pink Land,1
BR.,1
A cold country...on an island...where its cold.,1
comm. q.c.,1
Europa; Norway; Bergen; Seim,1
Estonia XD,1
sorrow planet,1
PhIliPiNes,1
philly & baltimore,1
Davao city,1
名古屋市、日本,1
España/Las Palmas/Sur,1
Betelgeuse,1
São Paulo~Basil,1
Texas (TX),1
seattle. wa,1
Brasil x],1
Canada Vancouver,1
843,1
nun yah beesnees,1
Rakuen Yume,1
Embu-São Paulo,1
statsville,1
Mason City,1
Abudhabi,1
Oak Park MI,1
Toglyatty,1
WiNNFi3LD.LOuiSiaNa,1
Jeżewo,1
Viña,1
Canoas,1
My Little Devil - Jinroku,1
Portugal / Castelo Branco,1
Elektrenai,1
Terra da Garoa,1
Taree,1
Minamino Residence,1
Mars planet O_O,1
Married and a Proud Otaku,1
Gyomro,1
Kaltim,1
Laniakea,1
In My Dream World Chilling.,1
clipping your toe nails,1
in my lovely bf's arms (I LOVE YOU KALLEN!!!!!),1
Haos,1
~Beautiful Island~,1
Twisting Nether,1
Free Server,1
GMT-5,1
in a place,1
Baltic Sea,1
D.f.,1
chattanooga tn,1
どっかで迷っちゃった,1
N.o.N.e.O.f.Y.o.U.r.B.e.E.w.A.x.S,1
The Sir Richard Rose Palace,1
*flies into the sky*,1
neh.83,1
You know...in that place with that city and those,1
Fucking Ass!,1
nashvill Tennisee,1
龍宮城,1
Plymouth UK,1
Chesterland,1
WI/MN,1
VA 23462,1
♥Eating strawberries in Virginia♥,1
Trappin out da forest,1
239,1
BasketBall Court,1
LAS VEGAS NEVADA BABY!!!,1
milano,1
Ösmo Sweden,1
south ogden city utah,1
Wammy's House,1
American,1
Madrid (Spain),1
sliven,1
middle finland,1
Russian Federadion,1
Alsace / France,1
bottom of the sea,1
Hinamizawa ;],1
washington / U.S.A,1
Okinava,1
heavenly host elementary school,1
Your Mother's House,1
Duhtee Duhtee Duhtee,1
En un Asteroide,1
around a dark area,1
louisisanna,1
Jatim,1
Ehrmm... Venezuela :D,1
upland caliornia,1
R.D.,1
無,1
North Georgia,1
where all the evil dwells,1
North Vancouver BC Canada,1
8th Level of Hell,1
Domodedovo,1
R.Komi,1
In You sorrowful *Heart*,1
Poland/Lublin,1
The land of my heart,1
Moscow / Russia,1
IRELAND.,1
Mudkips,1
Planet Earth...,1
to tell u the truth i live in japan at the moment,1
In the garden...,1
Germany - stone's throw from Berlin,1
Somewhere in the Majestic Heaven,1
My dreams...,1
Gradius Home World,1
Caxias do Sul. RS,1
Esteio,1
the boondocks.,1
Porto Alegre - RS - Brazil,1
Ch'ti 59,1
In Yagami Light's House. . .,1
Miramar/Puerto Rico,1
The internet. Like hell I'm putting anything else,1
ISeeYouLand,1
Ero Land ~,1
Whitby Ontairo,1
somewhere in anime sanctuary,1
Ampthem,1
herp,1
above you O:,1
Trianing with Gaara,1
hackney,1
Saint-j&eacute;r&ocirc;me,1
Buscando a la Zero no Maria,1
really,1
Europe -> Poland -> Olsztyn,1
just kidding) from USA,1
Zalas. Poland,1
Canadar,1
...somewhere..,1
UAE ♥,1
hideing (/).(\),1
Neverland - Nexus - Abyss - Tartarus,1
Russia ; Moscow,1
Under a bridge :),1
SP | Brazil,1
Przed Monitorem,1
Georgia 30510,1
sieradz,1
Esztergom,1
kalmar,1
Lytkarino,1
bhutan,1
right here in bfe,1
Aust,1
Lux City,1
Kaunas/Lithuania,1
Iaşi,1
Exsul City,1
Kittilä Finland,1
Far East Asia,1
Poprad,1
;o,1
Łódz,1
IA 52722,1
Pond,1
Leyte. Philippines,1
thailand :),1
Planet #3,1
A room with a large black sphere...,1
---up in the sky---,1
Paris 13,1
The Tree Outside Your Window O.o,1
HI 42,1
Izhevsk/ Russian Federation,1
Новоси,1
NJ 08102,1
konoha! ;P,1
Malyasia,1
Germany 8D,1
Askaban,1
Waels,1
Liechtenstein,1
pillbox,1
Between the beginning and the end,1
In Sebastian's suitcase!,1
Canada Québec,1
Tony's room,1
Ukraine.,1
South Carolina 29431,1
Nowhere near where I want to be. T.T,1
ROndonia,1
levallois,1
kEnTuCkY,1
ru_RU,1
Cibubur,1
Lugano,1
Tbilisii =)),1
Ács,1
Hermanus,1
With Casey,1
Obrenovac / Serbia,1
nmb,1
Illinois 61812,1
sarajevo,1
Calocan City,1
England. (East England),1
Alfred Jones,1
bO_Od,1
Budapest. Hungary,1
Casa/Home,1
emgland,1
In my imaginary boy-harem anime world... /sigh.,1
kent UK,1
Maryland 21810,1
Mesa Arizona,1
KSA- Riyadh,1
New Hampshire 03818,1
riobranco-ac,1
Under kids' beds!!,1
DE 19720,1
milan italy,1
Primorye. Nakhodka,1
Under(ground),1
JEEDAH - KSA,1
HeTaLiA: ItaLy -- KoNoHagakure no SaTo,1
Hull University,1
Middelburg,1
anime land~~~~!,1
"The red dot that says ""You are here""",1
I can see you! yes I'm talking to you!,1
VA 23450,1
Malaysia / Penang,1
Indaiatuba,1
Landscrona,1
Some where in an unknown island ^.^,1
Washington 98520,1
To the left.,1
ha noi,1
"E90°28'17.76"" N56°14'34.08""",1
South AFrica,1
anywhere but where you are...,1
Khanadah,1
A very comfy couch,1
SONO CHI NO SADAME! JOOOOOOOOJO,1
las vegas na,1
Random Village,1
sealand,1
Canada Region,1
Mira or Aveiro,1
Swimming Pool,1
Kunágota,1
Terra do Nunca,1
New York City!,1
Międzyrzecz/Poland,1
Hiding under my bed,1
Indiana 47012,1
daytona,1
Kepler-22b,1
BulgaristaN,1
CANADA D,1
In a jar,1
The Holy City,1
big spring tx,1
Cessnoccck (:,1
On Jonghyun's lap,1
With him in hells flames♥,1
Smolian,1
Kuala Lumpur malaysia,1
AR 71711,1
GAKUEN TOSHI( Academy city ),1
Ulan Bator,1
Nebraska 68815,1
Somewhere in my room XD,1
In Bed...Sleeping....,1
Celestial Garden,1
Northern Netherlands.,1
Somewhere o.o,1
Ver. Mexico,1
JC Town,1
right next to you,1
potato,1
Long Island New York (but currently in Jacksonvill,1
vet#0001,1
Chizuruland,1
Yappun,1
porto alegre - brasil,1
in some place in asia,1
Somewhere far away,1
Free State,1
Manchester/UK,1
coral springs,1
Ljungby Sm&aring;land,1
The Frozen Throne,1
Cidade de Deus,1
Wouldn't you like to know!,1
Apex in the Circle,1
Carlisle PA,1
somwhere only I know,1
Planet Otaku,1
Navegantes - SC,1
Uniontown PA,1
Somewhere where you can't find me -^^-,1
sta rosa states 2,1
Under the Sea,1
your anus,1
BlackSpot,1
Whatcha need to know for? O.o STALKER!!!,1
SD 57022,1
Japan With My Wife :),1
Floridaaa,1
creeper? lol,1
Hugo Oklahoma,1
türkiye,1
:O!,1
Somewhere on this stupid planet~,1
L.A. North Carolina,1
under the sea,1
cvzv,1
u a e ~,1
São José SC,1
In the land of Sugar and Bonfires,1
the world of fantasy...,1
Inside my fridge(:,1
Lakehead Ca,1
Anywhere with Cheese-kun in my arms. :3,1
イギリス,1
Dans une boîte au fond de la mer,1
England/Plymouth,1
Forests of Funland,1
trash dump...,1
england-devon- paignton,1
.(OAO)/,1
With my bitches.,1
costa rik,1
Russia. Vladivostok,1
impatiently waiting for SuJu and TVXQ DVD's to get,1
hartford ct,1
san juan puerto rico,1
twente,1
Badlands,1
Nowogród Bobrzański,1
At the corner...,1
In your shoe-box :3,1
Konakovo.,1
France ~,1
Altena,1
mt,1
central,1
Karviná,1
Noir York City,1
At the Bottom of the Gravity Well,1
i don't tell,1
~~the unknown~~,1
Grotniki,1
ocala florida,1
Georgia.tbilisi,1
Inside You,1
Damascus Syria,1
bxu,1
in wonderland,1
Londrina - Brazil,1
.:philippines:.,1
In my drawer :P,1
Australia/ Hong,1
tracin' rails,1
Grodzisk Wlkp. / Poznań,1
Norway / Poland,1
Where ever Mokona is,1
Gubin ~,1
goiania,1
Sri Petaling Kuala Lumpur,1
inside your imagination,1
Amstrdam,1
Planet Gallifrey,1
Edgemont,1
not canada,1
God Knows...XD,1
どこでもない,1
84ee13d96f8d99109280fb0719ef49ea,1
São Luis Ma,1
Portugal / Netherlands,1
Nyandoma,1
my house :D,1
Now that u mention it... where the hell am i 0.o,1
ひみつ,1
trying to kill Kiba,1
Missouri ^^,1
Warsaw / Lodz,1
somewhere in time and space,1
Misawa Japan,1
OMW Home!,1
Southern United States,1
Under the shadows of dazziling darkness!!,1
If front of the computer,1
Hell ( illusionary World ),1
Nani?,1
Sol System Milky Way Galaxy in the Unknown,1
san francisco iriga city,1
Phikippines,1
Ciechocinek,1
New world!,1
Everywhere and nowhere,1
Arab country,1
Syfy,1
Gdynia || Poland,1
why should I tell you?,1
Vostok,1
Amsterdam.Nederland,1
Sleeping near an old oak tree,1
Behind you! O . O,1
mx,1
USA GMT -06:00,1
Gdańsk.,1
localtime,1
Wahington,1
1251 Kelly St.,1
WITH MY BIG BROTHER HASEO16(^_^),1
Your Bed,1
& ewerywere,1
Antipolo City Philipines,1
kebumen town,1
125th district,1
ri,1
newport oregon,1
lewis center ohio,1
♥..Wishing i was where you are..♥,1
GK,1
sanaa,1
only I know,1
Washington - U District,1
....Wouldn't you like to know.,1
Teh Netherlands,1
Some where good,1
Yes? :D,1
singapore :3,1
Sohar,1
Some place where it's hella hot!,1
Hoffman.North Carolina,1
Philippined,1
A Cupboard Under the Stairs,1
♥ In the world filled with bishies ♥,1
Blue,1
A N I M E & M A N G A 4 E V E R,1
Yea right,1
Retro City,1
Caloocan,1
Mio's Airvents :3,1
a step further away from reality..,1
Buenos Aires.,1
ﾟдﾟ,1
Fightblade,1
A lost place.,1
-insert location here-,1
( ͡° ͜ʖ ͡°)( ͡° ͜ʖ ͡°),1
In your closet!!!! xD,1
ask me (:,1
thinking of that one person who makes me smile,1
La Blanqueada,1
I'm a HOBO,1
Bandar Lampung,1
Świnoujście;3,1
Wwa,1
over the effin' rainbow,1
24.5 tatami appartment,1
Ann Arbor,1
Britain.,1
Under fluffy blankets and poofy pillows,1
caen france,1
not working,1
Imel,1
everywhere and especially here,1
Rawalpindi,1
Tarxien,1
Philippinnes,1
City of invisible people,1
solano nueva vizcaya,1
Hillo. Son. Méx.,1
i beez in the trap,1
Swabia,1
erm....nowhere?,1
tbilisi/georgia,1
Stinky CheeseLand,1
University of Kentucky,1
Fuengirola,1
City of Dix,1
Württemberg,1
Itala,1
The End,1
Parana (Brazil),1
un peu plus à l'ouest,1
Spain (Europe),1
Ginkūnai,1
In Kaiba's arms,1
(iddle) 🇧🇪,1
PTY,1
nipples,1
crazy,1
Dimesion 3.0001,1
Mrocza,1
Twinleaf Town,1
willemstad,1
a corner of infinity,1
ober der,1
jubilife city,1
cow town,1
karachi pakistan,1
Somewhere with my friends ^-^,1
Na casa do caralhiu,1
Tennessee United States,1
Gävle\Sweden,1
home?,1
http://www.facebook.com/home.php?#!/profile.php?id,1
KY 40219,1
Narnia (:,1
Vancouver City,1
Osaka a.k.a 「幻想郷(笑)」,1
In a dark room Chained by Shouko,1
Chatting with the dust bunnys!,1
Dinosaur Land! ^0^,1
A couch,1
On a fluffy red cloud,1
pacific northwest,1
Zamkadye,1
CYYC/CYBW,1
||Keyboard||,1
midlands,1
dila dila sta rita pampanga,1
Brasil-Santos-SP,1
zambales,1
Ocala Foridal,1
Vienne,1
neifelheim,1
Behind a vending machine,1
Kętrzyn,1
jo moMA,1
Great Yarmouth,1
Poland (Bydgoszcz),1
Bleiswijk Netherlands,1
Somewhere in a winter,1
Türkiye/İstanbul,1
b97dz,1
Torun / Iława,1
Yugoslavia,1
Surrey - UK,1
oklahoma city,1
The Third Music Room,1
LT. need to get out of here.,1
In someone's dreams,1
Virgenia,1
Labyrinth,1
Nebraska *crys*,1
KPHQ,1
Under your bed >:),1
Somewhere i belong :'3,1
Binangonan Philippines,1
I don't remember so far back,1
Candy Heaven,1
......no,1
Tukums,1
Surabaya.Indonesia,1
Unadilla Georgia,1
between Di-san & Hi-chan~ xD,1
Santa Rosa,1
323,1
SPR,1
Under your damn bed,1
Davao City Philippines,1
southhampton,1
Chuvitiba,1
ブラジル - サンパウロ,1
MI / FL,1
look behind you...,1
Starship Earth,1
Cumbernauld- Glasgow- Scotland,1
ipswich,1
WY 82801,1
piLippinez,1
World of Goo Corperation,1
Your pants,1
somewhere in america,1
st. paul,1
Jungle,1
Bradford Uk,1
strasbourg france,1
callafornia,1
Utah USA,1
やおい ♥ Land,1
NEW JERSEY BEAST.,1
Kaithal,1
Bemidji Minnesota,1
where skies are gray..,1
[from australia],1
JAPAAAAN~,1
repairing some Air Conditioners.,1
=(,1
somewhere you dont know. MWHAHAHAHAHAHA,1
Beantown,1
Ukraine Kiev,1
The Pegasus Galaxy,1
Kawęczyn,1
KLP,1
Tuba-h Cit-ie,1
Stuck in life,1
Nighnevartovsk,1
lycksele,1
joe's taco shack,1
HAWAII,1
No where,1
Endless Halls,1
Sector ZZ9 Plural Z Alpha,1
Sweden/&Ouml;stersund,1
Denmark - Hammerum (Herning),1
under the bridge...,1
ayr scotland,1
You wonder...me too!,1
Chernigiv,1
APPLES,1
L-ów,1
With Asuza-Nyan :P !,1
Russia. Chelyabinsk,1
of the source of evil is somewhere near!,1
In a magical box somewhere in Siberia,1
u wana kno bc ur a stalker,1
lexington,1
Flahdah,1
Russia/ SaintPetersburg,1
In A World Of Pure Imagination,1
..:america:..,1
Curitiba/Paraná/Brazil/Earth/Solar System/Milky..,1
oh bryan,1
Watching Anime What Else ;),1
Minsk Mazowiecki,1
A Real stalker dont tell their location's.,1
st,1
803 / 704,1
Ad dammam,1
Yellowknife,1
Massillon,1
Behind You~,1
CyberSpace,1
Gagny,1
you dont wanna know....,1
★ DOATEC ★,1
Hade's World,1
Alakazam,1
Almata,1
Cologne (That is a Town in Germany),1
Vitry-Sur-Seine,1
San Francisco Armory,1
kotonoha katsura,1
In your code.,1
Lentvaris LT,1
the Czech republic,1
Pussia,1
Paris-France,1
lisboa/ cascais,1
W o n d e r l a n d;,1
Soverato (Cz),1
France/paris,1
Van down by the river,1
under Riza's bed,1
nameless liberty,1
S-Pb Russia,1
Konaha,1
The Centre of Our Lord's Love,1
Probably with my austin_4e :3,1
#3472,1
idk man,1
Milpitas,1
of course),1
always,1
Paran&aacute;,1
Elmshorn,1
Master,1
...here?,1
potatos and,1
Le Moon,1
.....SHINY!,1
Random Places,1
Kłecko,1
Helvetia,1
In My House???... (-_-)!,1
Brasil õ/,1
i hate this place :),1
Cross Cave :3,1
1854947d3fee03ee06ab13458b929a4f,1
Turin v_v,1
bedford NH,1
100,1
Lithuania-Japan,1
Sacramento. California,1
Saudi Arabia - Riyadh,1
Somewhere in The Philippines,1
russian fediration,1
New Yotk,1
Llamas everywhere,1
Somewhere on the East Coast of the USA,1
Up there!,1
baltimore maryland,1
N.J,1
Listening to Luna Haruna,1
modesto,1
\p\,1
gdansk,1
Over There,1
Hellville,1
Twente,1
Somewhere near the Ocean.,1
Saint-Peresburg,1
Nooorway -3-,1
NORWAY :D,1
memphis,1
Albrt Lea,1
Canelones,1
pasigcity,1
Anime no Bando,1
Highland,1
TORONTO !,1
Stuck in a Boring World!,1
In robin's bed hoppin around.,1
Portugal - Algarve,1
Grande Line,1
Nevinnomyssk,1
Toronto/Canada,1
The Endless Skies,1
PJWSTK,1
Doesn't really matter.,1
Chicago land area,1
Hams,1
Queenstown,1
Omaha City,1
Caspian,1
manila pasig city,1
Sharqeh,1
sitting anywhere,1
Elscht,1
A country,1
wouldn't you like to know...,1
phx,1
North Carolina - North Carolina State,1
Fcukin' madhouse! Ur welcome here as well!,1
somewhere where wolves dies,1
Pirated Country,1
Oost - Vlaanderen,1
SanFrancisco california,1
Sby Indonesia,1
Playing horsey in heaven,1
孤独,1
i eat cat-I mean cake! I like cakes!,1
Ne (Konoha),1
Dexters Laboratory,1
BANCAAN NAIC CAVITE,1
The Western Lands,1
linclon city,1
アゼルバイジャン,1
YOU STALKER!,1
On A Personal Voyage,1
ROMANIA,1
Munich ;),1
duhhh,1
sweden -> skåne -> skurup,1
Mato Grosso do Sul - Brazil,1
Parts unknown,1
squad 13,1
ganesha high,1
✨☀✨,1
OLMKJJKJGN,1
.... ... ehhh??? o///o~,1
Nj,1
Bilgoraj,1
Poland Bydgoszcz,1
Trzebnica,1
Amboy WA,1
Pandora's Lunch Box,1
Buffalo ny,1
Sever-city,1
chicagoIl,1
on the corner,1
/home/flocke,1
Perpendicular Universe,1
São Carlos - São Paulo,1
新天地,1
..ThE SkY..,1
NRW :D,1
Busan,1
教えるもんか、ボケ,1
under a roof,1
massuchetts,1
Conselheiro Lafaiete - MG,1
Gadrion Harphoon,1
Takanawa district,1
North and South,1
Wonderland with Alice. xD,1
Kinross Michigan,1
abducted by the aliens,1
wooster ohio,1
where you probably aren't.,1
Proxima Centaury,1
behind a locked door in my mind,1
tokio-japan,1
dbears bed ;),1
New Yerk,1
NY // Sometimes California,1
i'm lost!,1
Beco Escuro com o Nira -q',1
Rivne,1
corona,1
Lipsko,1
Departe :),1
sky,1
Wrocław - Poland,1
Ostrów Maz,1
Wherever I damn well please,1
Piraius,1
Mile High City,1
Bartledan,1
planet claire,1
Bishie Wonderland ;],1
delawear,1
Under Your FUTON! / KOTATSU,1
Rio Grande do Sul - Brazil,1
hrvatska,1
Mobile Fortress Hesperides,1
Disorder Heaven,1
libya .,1
California (Bay Area),1
Niederösterreich,1
801,1
Timbuctu,1
Poznań.Poland,1
Lugo italia,1
Vép,1
100904,1
inside lelouch heart,1
Tussula,1
Searching for Somewhere I Belong,1
Midland Kingdom/The Inferno,1
Namek Planet,1
Trona land of the Potash,1
Provadiya,1
AriZona,1
drammen/norway,1
Illinois :),1
Brazil o/,1
Sakhalin,1
Area 53,1
in a snow mated wood,1
Wroclaw Poland,1
Santa Destroy,1
The Garden of Eden,1
Nowhere Al,1
Athenes,1
Chocolateville,1
Somewhere where it's WAY too hot!!!!!,1
Germany / ドイツ,1
Ratchcabbin,1
Portugal 🇵🇹,1
state college pa.,1
;D SOMEPLACE!!,1
England Land,1
gloversvile new york,1
seine maritime,1
Southern England,1
poland gdańsk,1
沖縄,1
on Earth.,1
LOS ANGELES CA US,1
Utah (UT),1
Anywhere I want to be,1
MFHS,1
lysergia,1
in your mom!!,1
In a place where others fear to tread...,1
Glorieuse Bretagne,1
Clausthal-Zellerfeld,1
Love Land,1
~here and there~,1
Katowice/Jaworzno,1
Nuevo Laredo,1
Netherlands #658,1
Bartoszyce / Poland,1
Manaus/Amazonas/Brasil.,1
but brunei darussalam,1
MALAYSIAN,1
Baka Land,1
Soon to be Melbournez,1
Hell.,1
front of laptop,1
In the skies,1
Somewhere in particular,1
Rio de Janeiro / RJ / Brasil,1
Vitória,1
Novosibirsc,1
Litvínov,1
Colombo PR Brazil,1
EARTH XDDD,1
Out of my mind,1
In your House >:D,1
UA Lviv,1
Anywhere life takes me,1
Penguin lands,1
China~,1
Glendale Arizona,1
USA/Nederlands,1
Marktbreit,1
po,1
in sasukes closet ^_^,1
No(r)way,1
Portlandia~,1
Near Düsseldorf,1
San antonio,1
Cancún,1
philippines marilao bulacan,1
Warsaw ^.^,1
Unfortunatly Britain... (Not Japan :'(),1
Wrong Time^^,1
muntinlupa,1
Shoulder Amu xD*,1
Yucatán,1
480,1
Creeping through UR window>:3be afraid,1
Himitsu X3,1
RBK,1
Limburg-Germany,1
Nitogen,1
Choszczno/Stary Klukom,1
looking at u* damn u mighty fine*,1
england for a bit,1
Oakpark Michigan,1
At my RooM,1
Buckingham Palace ;),1
Kiełczów,1
Ravenholm,1
Eppelborn,1
iowa city,1
United States 071,1
Secret :P,1
Sitting at my desk feeling like i look like Light,1
Gyömrő/Pest Megye/Hungary,1
Kędzierzyn-Koźle,1
in bishounen heaven,1
~~~~Wonderland~~~~,1
♫♫♫♫♫♫,1
Canada <3,1
Aqui OwO,1
among the horizon...,1
In a reverie,1
Tucuman,1
Phillipines!!!,1
Sandistan,1
dj pluman is everywhere,1
mmm....Romani,1
BEREZA SITY,1
berkshire,1
Tubbergen,1
London (UK),1
Luhans'k,1
SJL - PERU,1
In a tea pot,1
surrey BC Canada,1
Blitar,1
wat,1
Mascouche,1
I am in your couch eating your change,1
Gifu (village),1
Hiding in the Shadows,1
you guys are as bad as gaia,1
My Dorm :/,1
Coco-sama-world 8D,1
Bucharest romania,1
Bydgoszcz/Leśne,1
Jonava - Kaunas,1
Ye Olde Englande,1
madison wisconsin,1
At a crime scene,1
Europe =3,1
Burry Port,1
Estonia - Tallinn,1
Hotel Adriano,1
The B-Daworld,1
shillong,1
Kybartai,1
Rotterdam(Europe),1
duh.),1
San antonio Texas,1
Dudelange,1
Nysa :),1
Canadia Land,1
Minas Gerais. Brasil,1
Дупница,1
somewhere in skeetown,1
Krasnystaw / Poland,1
España (Spain~ ),1
UnderYourBedsville,1
Right behind you... Hehehe,1
northen mariana island,1
grayslake il,1
nEar zAgrOs moUntains !,1
In your pants. Behind your right knee.,1
The state shapped like a mitten,1
fort braggg,1
Some place on one will find me >_>,1
Hamiltron,1
FFXIV,1
In the middle of nowhere ._.,1
Penafiel,1
...Inside my head...,1
Lomas de Zamora,1
Vilnius/Kaunas/Siauliai,1
Mousouchusetts,1
sacramento cali,1
In mind of F.,1
Los angeles (In a large Underground Buildin,1
Beyond Godlike,1
Melting away in AZ,1
NARNIA!!!!,1
fort hood texas,1
my house?,1
Fountain Valley,1
new york new york,1
right behind you,1
Karłowice/Poland,1
Zamość (Poland),1
Region Polar,1
Loiret.,1
Краснодар/Россия,1
Classiefied,1
http://www.accountkiller.com/removal-requested,1
Rangoon,1
Lima City,1
Lublin/Tarnobrzeg,1
Behind the screen,1
Out West,1
The Sunshine State,1
New York< USA,1
At My Dream World,1
My Own Little World..,1
HAWAII thats right HAWAII Yeah!,1
in yo pants,1
Sleeping Forest,1
the place in your head that you don't use,1
shithole,1
Belgade,1
agadir,1
califonria,1
Leżajsk,1
Southeast England,1
São Paulo -Brasil,1
Not your bisnes,1
Olenegorsk (Murmansk),1
BC aka Lodz Poland/ Beijing/ Jinan,1
A Place That Is Hidden,1
In the cookie jar,1
Arsehole of nowhere,1
Nyacat st. 55,1
The shade,1
Rozula,1
guadalajara jalisco,1
Somewhere in Germany~,1
Mars 2035,1
シティキャッツ,1
O-Town,1
Sabadell. Barcelona,1
the head of my body,1
Osaka DeATh cIty,1
Zrenjanin,1
Fairy Tale,1
Wielkie Drogi | Kraków | Poland,1
Sweetsville,1
Calgary AB.,1
America. Florida,1
Inbetween Heaven and Hell,1
Exile in the worst state,1
Somewhere in the far East,1
illinoes,1
Germany/cologne,1
225,1
Krasnodar/Sochi,1
https://www.accountkiller.com/removal-requested.,1
Chaleston,1
Megan Fox's bed,1
'Tolemy,1
gone..i dont exist,1
Estonia .,1
Quebec City,1
Addison Illinois,1
In the flowers,1
In YoUr MiNd!,1
Alfenas;Campinas,1
own world :D,1
In My House,1
glendale heights illinois,1
Hate City USA,1
Appiano,1
Waalwijk,1
zaltbommel,1
san pedro sula,1
At the park waiting....,1
PR - Brazil,1
Bin Laden's Turban,1
Isère : France,1
Uk cumbria,1
Mazowsze,1
Norilsk,1
Saint- Petersburg,1
I'm a nomad,1
Brasil - Rio Verde - GO,1
Curry Shop,1
Deep within Fantasy,1
Zgłobice/Poland,1
Animanga Land~,1
kSa .♥,1
122 05' 06 W.,1
depths of hell!,1
Gansevoort New York,1
at my house,1
Kolbudy,1
No idea. Too busy reading manga to look around :),1
Lubsko.,1
Hama,1
Jepang,1
Lithuania xDDDDDD,1
Ras Al-Khaimmah,1
Atlanta Metro area,1
Never Land,1
CE~Brazil XDS,1
Abandoned,1
Somewhere BORED OUT OF MY MIND,1
In Lala land!,1
NOT TELLING XD,1
yumenosaki,1
duck off,1
DKI jakarta,1
d.f.,1
Victoria/Texas,1
baaaaaka!,1
brokenheartsville,1
En la luna~,1
Santa Catarina Florianópolis,1
hamilton,1
in the world that isn't here,1
In the vast nothingness of space,1
In naruto's house,1
Belgium (MJINDUUU),1
On a sunny beach,1
my,1
Deep Down,1
Shibusen Academy,1
Girl's Locker Room,1
France²,1
Rolling over a hill and stopping for an apple,1
The woods,1
Doing research with Jiraiya,1
Hitchhiking across the Universe on a sum of 5 gil,1
middle of nowhere XD,1
Id,1
The Baltic States,1
Northeastern US,1
NewHampshire,1
The land of Britain,1
On top of the table,1
Somewhere in the sky,1
Brasil. 080,1
outskirts of reality,1
Philippines/MY ROOM,1
..East Blue..,1
France - Bordeaux,1
Where You're Not,1
Crossbell,1
none of ur businessssss,1
SOS Brigade's clubroom,1
817,1
Florida!,1
Anguru/Torki,1
Velikie Luki?,1
Sjælland,1
Anime World / Sofia / Bulgaria,1
Deep Undercover!,1
QLD. Australia,1
The basement,1
A flow of Dreams,1
Homeworld,1
Franca - SP e Resende - RJ,1
Your bed ^.~,1
Brazil - Rio grande do Sul,1
The Pacifi,1
CANADAAAAAAAA,1
With AkikoIveaYetta in bed,1
313,1
You Pork!,1
Michigan City,1
Inazuma City,1
thus,1
Shadow_World_Of_Persona_User,1
Za szafą,1
La Romana,1
My computer desk~!,1
bye,1
whatever,1
"""The World""",1
Finland's Chicago,1
Sweden/Borgholm,1
Saitama Tokyo,1
A State,1
Zhytomyr,1
Papendrecht,1
Arzamas,1
Resembool ^^,1
Czech Republic ~ On snowy hill,1
O-ca; Poland,1
Moskau,1
WONDERLAND~,1
Piła!,1
Minisoda,1
Cori Celesti,1
LARB,1
In the clouds~,1
Tropical Land,1
GAIA,1
D-Vok,1
iloilo city,1
lufkin.texas,1
the lush rainforest,1
somewhere on this planet,1
In a fantasy world...,1
Central U.S.,1
Monterrey Nuevo Leon Mexico,1
America-Brasil-Parana,1
Cornwall/England,1
philippinnes,1
Assiah,1
Denmark [Aalborg],1
Perlas ng Silanganan,1
Conn.,1
Russia. Togliatty,1
~In the town~,1
淡滨尼,1
Constanta-Romania,1
Hawaii... anything BUT paradise,1
Brasil - Goianesia - Go,1
Comfort Texas,1
Nadym,1
Valderoy,1
multan. lahore. islamabad,1
Lurking in a dark alley,1
shinigami realm,1
ωσи∂єяℓαи∂,1
my own world of insanity,1
GalaxyFarAway,1
terceira.,1
Towcester,1
Past and Present ~ Rice Land,1
Greek,1
troy alabama,1
Aracaju sergipe brasil,1
Divinity's Reach,1
Dunfermline.,1
Lubawa,1
MVD,1
Rio De JAneiro,1
東京日本. 半分は韓国人。,1
my club tokyo mew mew,1
Sinsheim,1
mein kampfy chair,1
..Los Angeles? something of the sort.,1
Leidschendam,1
Aprilius One,1
sollefte&aring;,1
Fading Away~,1
The city That does sleep,1
somewhere in the great land of US and A,1
Home of the Evil Dead,1
Courtenay,1
In the wastelands of darkness,1
the darkest beautiful place,1
North Carlina,1
Spiel,1
Jakarta.,1
Rabbits hell,1
Shangri La,1
TEXAS!,1
somehere in italy,1
Mare Cimmerium,1
In my dreams,1
in a pair of headphones,1
Outside Reality,1
Mty,1
Gehena,1
Kaposwar,1
Brazil. :D,1
DFC's Island,1
australia sydney,1
ohio land,1
secret (if i told u it woodn't b a secret!!!),1
on your plate,1
Texass!!,1
In a toybox,1
North Yorkshire UK,1
Georgia Tbilisi,1
Stavropo'l,1
New Jersey :],1
london - woking surrey,1
Fall River MA,1
KSA AD-Dammam,1
Chuvashiya,1
Russia Saint-Petersburg,1
Greece / Salonika,1
In air~,1
Gorzkowice,1
Chung-Cheong Namdo,1
Lublin/LBN - Poland,1
makati city . phils .,1
New South wales,1
My room watching anime,1
Eger,1
whichev,1
Decimal City,1
Outside your house ;P,1
Your Home,1
My Castle,1
Daytona beach FL,1
私は世界のどこかにいる,1
Sanford,1
Why do you wanna know? O.o,1
Chichester,1
the under world in the USA,1
The Void Which Binds,1
GO.,1
Mecha,1
Taboão da Serra,1
the last frontier.,1
Vratza/Bulgaria,1
everywhere cuz i'm ninja like that,1
Poland/Marynino,1
Bielsko Biała,1
Chapel-en-le-frith,1
Cocentaina,1
none of ur busnesss,1
Chowder,1
Saint-Basile,1
South West UK,1
Somewhere over the rainbow☆,1
Russian Federation South Siberia,1
Br&uuml;hl,1
Wherever my justice is needed,1
USA - (~Tornado Alley~),1
Sanzen'in Mansion,1
Murdaland,1
somewhere around anime world... ^^,1
Dalton,1
Freudenstadt,1
Seattle. Washington,1
@ Internet,1
wahahaha,1
JAworzno,1
New york 11101,1
Besancon,1
hershy.pa,1
where the eagles dare..,1
The Deep Forest of Sweden,1
My Little Pony Land!!!!,1
FAIRYLAND,1
colorado springs,1
New york City,1
The Suburban Nowhere of Pennsylvania,1
LALA Land,1
Illinois- USA,1
That's hell you're walking into.,1
calexico,1
Gazing at the lonely stars above,1
My World in My Head,1
Westland,1
AwesomeTown,1
hdg,1
Inside your head,1
In his arms,1
Somwhere over the Rainbow,1
Shaftesbury,1
The Black Valley.,1
electro world,1
Oleśnica,1
sometimes NC USA,1
Cd. de México,1
Lost in life,1
Neo Culture Technology,1
K-K,1
украина))),1
pangkajene,1
Koala Land,1
Passau,1
da earfh,1
My cozy place..,1
I'm Lost...,1
Untraceable,1
The inside of a Pokeball,1
"""Midgard"" 616",1
The Literary Club Room,1
Switzerland and Germany,1
🇩🇪,1
In The City Stomping On Phones,1
Iveathe,1
Find me if you can,1
in my heart,1
Leeton Town !,1
Somwhere,1
Somewhere over the rainbow :P; Poland [CET GTM+1],1
pzzz,1
London/Hong Kong,1
furry england,1
Recife-PE,1
Some Place~,1
Ultima Thule,1
California i think....that or the Internet......,1
alajuela,1
P.I.,1
Somewhere I'd rather not be.,1
cookie land,1
You never know :),1
Barranquilla. Colombia,1
Sunshine State,1
Philippines. :),1
in,1
garland texas,1
The realm between earth and the heavens,1
Somewhere in the Earth,1
14°16′43″N 121°5′48″E,1
Great Basin of Michigan,1
45 Est Point Abington CT USA,1
Pescara,1
The land of Hyrule,1
N.S,1
Pennsylvania (Bleh XD),1
CLEAR LAKE CA,1
In Gintoki's pants,1
Doesn't matter =3,1
under your bed :o,1
attic of the universe,1
>.>*,1
Carapicuiba,1
En mi trabajo,1
Carasebes,1
Twitter,1
Dokoka,1
Netherlands.... Lelystad..,1
Maringá (PR) - Brasil,1
Cov,1
garfiled,1
******,1
Санкт - Петербург,1
MMz,1
Somewhere in ur Heart,1
outside looking at the moon,1
midway,1
:L,1
Subang,1
b.c.,1
spanaway,1
:\,1
488,1
riyadh>.,1
athens/greece,1
vallekas,1
Twillight town,1
RYD,1
Under a bridge,1
Ed Mex,1
Candy store :),1
Russia. St. Peterburg.,1
Doug's House,1
Dundalk. USA,1
O~O,1
Over elsethere.,1
Between pillows and blankets.,1
In the arms and the nature of fantasy anime,1
Street Fighter,1
Somewhere e.é,1
Dream Land ♪,1
some place where theres things and stuff...,1
Desktop,1
Trashbin.,1
Lubin/Wrocław,1
Listening To Some Rock Music,1
jupiter,1
On a land under the blue sky,1
Allseron,1
Sweden Gavle,1
СССР,1
Dom,1
NSW sydney,1
Maihama Server,1
Land of Wine & Pessimism,1
Wichita KS,1
Behind the Door,1
None of your business. :D,1
Nation of Kibo,1
In the Sky,1
Japan ( wish I still was),1
Geelong Australia,1
Casalpusterlengo,1
naishou XD,1
SEOUL,1
A town >.>,1
La-la land,1
Mesquite TX,1
beyond the tide,1
Traversing the city,1
Newbury,1
AR 71951,1
Saudi Arabia - Madinah,1
zadupiogród,1
Rabbit hole,1
Misses Lovett's Meat Pie Emporium :3,1
Levittown PA,1
Midwest uk,1
Who gives a fuck,1
Poland/Gdansk,1
kSa,1
Iraq (military base),1
Fréjus,1
Heilbronn,1
somewhere in europe o-o,1
The Moon Kingdom,1
roma(>> preferirei giappone),1
FCMUPA,1
somewhere over the rainbow :3,1
puerto rico/ponce,1
Kailua,1
lucknow,1
The Seventh Circle of Hell!!!,1
GALAXY,1
waiting for my moment to strike.,1
valencia city,1
West of Poland,1
Bankuubaa,1
Tooting London,1
MI 49009,1
Siem-Ce,1
with him XD,1
Quelques pary ...,1
Pasir Ris,1
Goettingen,1
Sailing the seas in a barrel :D,1
como Italy,1
South Cali,1
Polevskoy,1
Abyss :D,1
Japan (soon),1
IN YOUR HEAD O_O,1
Amersfoort. Utrecht,1
Cyber Land,1
Washigton,1
Edinboro,1
M.I.A,1
stromstad,1
Cagayan De Oro City,1
Брянск,1
Tempe,1
oman,1
4el9binsk,1
SNS,1
California),1
Kakashi's lap~ ;3,1
Quilmes,1
Where Light Seeks an Opening....,1
Mars ^o^,1
Internets ^-^v,1
utah utahutah,1
Gone/Disappeared/Whatever,1
North Sweden,1
no need to know,1
Irregular Hunter HQ,1
Konejolandia,1
Fort myers.FL,1
~A world of my dreams,1
La.Ca,1
=X.,1
Gummyland~,1
Middletown New York,1
December Underground,1
Under the floorboards,1
Secret ~,1
Candyland ^^,1
Ukraine Zhitomyr,1
Trieste,1
South Aftrica,1
doughnutland,1
imaginatory labyrinth,1
Over there...,1
Kamogawa Boxing Gym,1
FL (UCF area),1
Yōkai Academy,1
Somewhere in Florida. Depends.,1
SM Town,1
Sindelfingen,1
cloudsville...stalkers,1
Parnaíba - Pi,1
4996,1
KOszalin,1
in the darkness,1
Ireland;,1
hare!,1
mełgełe,1
Florida City,1
The Grand Line!,1
New Zealand/Gisbourne,1
Ask ^_^,1
Calif.,1
758,1
Dango Land,1
Ur bed.,1
Gintoki's arms,1
Baja,1
Carmel Indiana,1
sitting in my chamber,1
The Garden State,1
San Miguelito,1
Lyon [FR],1
Alepit California,1
Over the rainbow~,1
Japan (I wish. XD),1
Deep State of Mind,1
The Rock City,1
Elizabeth.New Jersey,1
------------,1
America/Florida,1
Bukowno,1
In the 2D world,1
Riyadh (KSA),1
Durr,1
righ there ---> ^,1
sharon pa,1
Trutnov,1
Cymru,1
Bellmawr NJ,1
In the labs,1
Planet Rehab,1
Thats a secret ;],1
Ustronie Morskie,1
Zamboanga City :),1
My Sky (=,1
kid.,1
Side 1,1
Bad Anime Fan Land... Apparently,1
InAPlaceYouStalker,1
At The Darks Part Of The World,1
i love my ass,1
Cassiopeia,1
Not so sunny Italy,1
hippolytushoef,1
Lycksele,1
715,1
Mandurah,1
Infinite,1
Not Japan,1
Virginina,1
With Taiga-chan~,1
Lahat,1
Where sanity fleees,1
its a secret :P,1
where it's hot like me.,1
fortaleza,1
Kaz,1
Kingsmouth,1
United Kingdome,1
topeka kansas,1
PlantCity FL,1
The Waiting Room,1
Slovanija,1
Samara ^_^,1
burnley united kingdom,1
Kobaia,1
Orient Town,1
Łódź / Osaka :3,1
Quezon city,1
america/puerto rico,1
Gameren,1
...England e_e,1
Cieklin,1
Skåne/Sweden,1
URUGUAY,1
69 rus,1
sabah....malaysia...,1
Merlo,1
Da Moon,1
Richmond Maine,1
SPL,1
Camp Half Blood,1
Tokyo/Chiba,1
mexicali,1
trancvalya,1
Edo. de Mexico,1
Cookie land,1
tagum city,1
spirit world,1
MAKKAH,1
terengganu,1
MADRID,1
calif,1
on this earth,1
Lone Star State :3,1
Son.,1
Land of Dreams,1
FL),1
Wrocław [Poland],1
Amestris :),1
CONTINENTAL EXPRESS MINES RD 22211 LAREDO 78045 US,1
soul,1
asuncion,1
turlock california,1
Bs As - Argentina,1
somewhere.....,1
ニュージャージー,1
Rotherham UK,1
Milk,1
etc. etc.,1
Denmark - Odense,1
Japan!,1
lt,1
Thailand!,1
In you mind. Its rather dark in here...,1
New York. That is all.,1
Some place tropical,1
Bakura System,1
Blashyrkh - The Mighty Ravendark - The Dragonrealm,1
CALIFORNIA!!!!,1
waiting for your time to come...,1
Abdullah alsalem,1
Redford. MI,1
London - England,1
In your close- Wait in a rich persons closet 8D,1
I'm in a little town called 'Somewhere',1
Long ago in a distant land.,1
Hudson NY,1
laguna philippines,1
périgueux,1
Around Calgary,1
i am here,1
Just outside your window. Hi there.,1
lulzloreisvilla,1
No mundo da Lua com o Lucas Silva e Silva,1
why should i tell u???,1
Beyond the Veil,1
Somewhere in my brain.,1
Edge of the world,1
a cat-basket somewhere in Germany,1
Schweiz/Switzerland; Solothurn; Olten,1
Menzoberranzan / Kielce,1
Ankara / Turkey,1
Bx,1
İskenderun/Hatay,1
Faraway Tree,1
fes,1
Lv.Riga,1
Sławków Polska,1
The Ninth Circle of Inferno----come visit sometime,1
Tejas!! >:3,1
London/Mumbai,1
Germany (Baden-Württemberg),1
Cássia / Brazil,1
bucuresti romania,1
Messier 31,1
Im in a Hot Place >.>,1
twitter: @andgucps,1
Alacant,1
Monterey CA,1
misssion viejo,1
Togo,1
Indianapolis IN,1
your heart's dark desires,1
Interwebs.,1
Suzushiro City,1
huntsville Alabama,1
Northern parts of sweden,1
Somewhere in Canada..,1
whiteplane,1
Moskow region,1
México.D.f.,1
In an Infinite Infinity,1
Canada ~ Quebec,1
Santiago de chile ;*,1
With Edward Elric,1
Lalalalaaaaa,1
Ap,1
hudson,1
Opatija,1
1b46a288080d6b169173d7ad65ed8d56,1
Lermontov,1
Asleep on a cloud,1
The back arse of Ireland,1
☀️🏖️On the beach!,1
NoVa,1
Some place far away from them.,1
Härryda,1
Wichita,1
Eldia,1
The abyss that is my mind...,1
(unknown),1
no that was lame,1
Hell :D,1
in front of the computer with the precious FLORN,1
with my fiancee babiixblue,1
my bedroom.,1
quezon city manila,1
P2X-3YZ,1
Raspberryland,1
#037,1
Where I am at.,1
Caracas Venezuela,1
Kłodawa,1
Classified...,1
In a world... Where laughter was king!,1
inside a shadow.,1
Pittsbugh,1
the sun,1
Doitsu - Germany - Deutschland,1
Kanadia,1
Essex =),1
West Side,1
A world that never ends,1
Кишинёв,1
--Lost in my thoughts♥,1
Asteroide B-612,1
Ukraine (Kiev),1
Honolulu >.>,1
Germany xD,1
Петербуг,1
Asgard the land of the gods...,1
The City Of Winds,1
Si Sa Ket,1
Korriban,1
Vongola Family HQ,1
Masniország,1
in the deepest part of the ABYSS.....,1
Чита,1
McNuggets Island,1
chruch lane,1
HUDSON NEW YORK,1
To a secret place,1
malmö,1
Niš,1
Black space,1
imphal,1
Apatity,1
and that's all I'm gonna tell you,1
Martinique,1
cookie jar,1
AnimeLand :3,1
guess...,1
hmmmmmmm,1
Cebu City ^o~,1
***th America,1
Xenia,1
Cavute,1
Russia/ Petrozavodsk,1
In your sisters......,1
okc,1
Belo Horizonte - MG,1
tampa fl,1
Bloomfield NY,1
siouxcity iowa,1
Brasil- Sao paulo,1
Link's basement,1
Alphen a/d Rijn,1
Aperture Science Enrichment Center,1
Unova Region,1
phillipines..,1
St.Gallen City,1
DoNt wOrry abOUT iT!,1
Gensokyo - Forest of Magic,1
أستغفـر الله و أتـوب إالـيه,1
Georgia :],1
Porto Alegre - RS / Brasil,1
Lavender Town,1
owo.....,1
Bucharest.Romania,1
Card Caste;,1
Chocolateland,1
Sin-City,1
Beika city,1
UAE - Alain,1
Somewhere in the clouds^^,1
WestBumbleFuck,1
Gda :D,1
Longyear.,1
califoria,1
columbia tenessee,1
McAllen TX,1
Latvia/Sweden,1
日本、岡山,1
Under the neighbor's kithcen sink,1
placs,1
Sintrah,1
ceder rapids iowa,1
massa,1
Teresina,1
ok aka Nowhereville,1
sanantonio texas,1
Tenjo,1
Fi,1
Uhta,1
inside my watch,1
Brasil. São Paulo,1
Away,1
The Land Downunder,1
BC Vancouver,1
gotham city,1
Topica,1
in a box down the stairs,1
Cleveland.Ohio,1
YAOI LAND,1
The UK Bieng More Precise Hereford,1
Abiquiu (try and say that!),1
Nordrhein Westfalen,1
America/Philippines ^__^,1
Valdosta,1
Point Haven,1
Norberg Sweden,1
out there,1
mother nature- EARTH-,1
Bakırköy,1
AR.,1
on bed!!,1
Omicron Theta,1
The Forst Fla.,1
αиιмє ωσяℓ∂,1
File Island,1
à Toulouse,1
Swiecie,1
Wich de Luntian,1
Kuningan,1
*on the T.O.P. of GD*,1
Somewhere in Shinjuku,1
Santos - SP,1
Biñan laguna,1
PI,1
philippinies,1
farting...,1
but here!,1
Underneath the moon hand in hand with you,1
Dracia,1
PHSの世界..,1
~ pinkyheaven ~,1
Tarnobrzeg... koło Sandomierza,1
Monte Alto,1
Hell.. I mean Missouri :P,1
kulonprogo,1
Groveland FL.,1
nice france,1
where only the moon rages..,1
Hello there! Please move along!,1
http://coub.com/view/pmjb9,1
Sandusky,1
The edge of insanity.,1
above da sky,1
south cacalacky,1
Holiday Florida,1
hyrule castle,1
Auburn Al,1
rancho cucamonga,1
*w*,1
Not where you are -.-,1
the restaurant at the end of the universe,1
Super Fun Happy Town,1
framingham MA,1
Барановичи,1
ALBERTA,1
Цнянка,1
baltimore city,1
A Town in Germany xD,1
100 km od Wrocławia,1
LV/NY,1
Pizzaplanet,1
Stuck between two blocks of ice.,1
Luverne,1
Benghazi Libya,1
Russia / St. Petersburg,1
Qroo.,1
Rudsar,1
In a rainy place,1
Mundane world,1
Devil House,1
NHK,1
Amoeba in ma Mama's belly,1
Norfolk Va,1
Labuyo St.,1
phils.,1
geogia,1
manila/philippine,1
Andalucía,1
Sümeg,1
New Hampsha,1
in your closet =],1
Near the Gulf,1
British Coloumbia,1
Mallorca es funkyy,1
Beneath the prodigious sky,1
elk rapids michigan,1
hessen,1
bevelle,1
Kamui and Subaru's Bedroom,1
Anathema,1
um...thats a good question...,1
Paignton,1
The Black Hole,1
Lomas De Zamora,1
In Gackt's House,1
chicago illinoi,1
END OF USE,1
Stuck in an Enigma,1
M-Heim,1
where you ain't at,1
magic,1
In front of my Computer,1
Rockingham Co VA,1
Zekate,1
look clearly.... now u see,1
in a very dark city,1
NekoLand,1
MT 59801,1
Δ Setting Eternity's Night Moon,1
Сургут,1
Newzealand,1
osaka japan,1
Constantly Moving,1
Gensokyo ~,1
bac to USA,1
Brooklyn Park;Minnesota,1
cluj,1
Witcheart,1
with my girlfriend here..,1
K.S.A ~ al5obar,1
California 4276,1
Falena,1
somewhere out there in the middle of nowhere,1
Vladivostok< Russia,1
la union philippines,1
Laredo Texas,1
Riding a purple unicorn.,1
Stuck in a hole in the ground,1
sintra,1
Bizenghast,1
lexington nc,1
55°45′8″N 37°35′56″E,1
Where nightclubs are burning,1
france paris,1
Spain [:,1
LALALA~,1
Hinamizawa!,1
Sioux Lookout,1
Yugopotamia,1
Cafe Nowhere,1
from the nest Winged doom,1
animopolis,1
perth australia heh,1
Verviers (Belgique),1
Where Am I,1
Mèxico,1
Chelyabler,1
Middle Tennesee,1
Gniewkowo,1
Nevada (?),1
Silesia [Poland],1
S Δ N D I E G O / C Δ L I F O R N I Δ,1
central fl,1
Clayton,1
Gołdap,1
Nighnii nivgo,1
nehterlands,1
Balimore,1
Ubá,1
Ilhéus - BA,1
Ansbach Germany,1
essex england,1
In front of my PC xD,1
i see you,1
vraca,1
Fluffydoodleland,1
syracuse indiana,1
Brooklyn Park,1
Merrill,1
Missouri~,1
Canada(QC),1
eastwood :),1
You all assume...I'm safe here in my room...,1
Galactic Sector ZZ9 Plural Z Alpha,1
Nowhere to Now here,1
Tennessee (demo Furansu!),1
At the library*mutters* moron,1
Schoonhoven,1
sLOVEnia,1
Psary,1
r'dam,1
Chicago/Barcelona,1
En la barra del bar ;),1
in a gelato store,1
Sunshine State!,1
Rousse Bulgaria,1
On a Seashore Cliff,1
Floresta Negra,1
ur mom oshi--,1
hiding in the corner...,1
alien spaceship,1
belleville ontario,1
In wonderland♫,1
tacurong - davao,1
Hongrie,1
SwampEast Missouri,1
wasaga beach ontario canada,1
Kitanagoya,1
Uninted States,1
concord ca,1
Somewhere in FL,1
air,1
NRW / Bielefeld,1
Nerv,1
Michgan,1
Tri-Cities Michigan,1
Missippi,1
IMMA UNDAH' YO' BED,1
-__- zzZZzz,1
turn 7times around & go straightforward,1
Orion Arm,1
Vessia-sky,1
At front of the screen,1
Flordia. XD,1
somewhere on the edge of insanity,1
north america,1
Perion,1
As if I would know. 8D,1
Tell you.,1
Gw,1
Gateway to the West,1
Lubbock,1
São Gonçalo/RJ,1
Jarociin,1
HaRaJuKu iN mY h3aRt,1
enz.,1
Bizeljsko,1
Phantomhive's Mansion,1
Phippines,1
hell yah whats up,1
Sacramento california,1
サウジアラビア,1
IN... currently.,1
so cali,1
Marghita,1
west palm beach,1
Evrywere,1
UAE Abu Dhabi,1
herefordshire,1
North Karelia,1
HUNGARY,1
Tokyo.......... I wish,1
Jersey Shore,1
Romania(there are the best alchemists),1
Ajmer,1
lost in my soul,1
bei Frankfurt/M.,1
In The Depths Of Despair,1
near Seattle,1
In random well,1
Poland - Polska -Polish - Porando,1
Hamilton Ontario,1
new port nowhere florida,1
13°45′8″N 100°29′38″E,1
bladensberg,1
burry port,1
eastorange,1
Altai,1
...between...,1
skåne,1
Szczebrzeszyn,1
Oehringen,1
Norland,1
Stockholm o.O,1
Principau d'Asturies,1
Under you bed and sometimes in your closet,1
The Garden of Sinners,1
wherever I am,1
Rzeszow/Jaroslaw,1
In my palace. 8D,1
philippines :),1
Down the Rabbit Hole,1
crayonland,1
Cracoof ;],1
Teesside,1
Paradise of Illusion,1
Near under KawaiiCheese-Kun house,1
yonkers newyork,1
hope's peak academy,1
silverspring MD,1
Veldhoven,1
world library,1
Netherlands c:,1
Away From You,1
DELETE ME,1
XXXXX XXXX,1
Saudi Aabia,1
My House (*-*),1
the Void,1
W-wa,1
Sevlievo,1
Right here ._.,1
"Hungary ""Komárom-Esztergom""",1
Ithaca,1
2822,1
San jose,1
Sioux City Iowa,1
Somewhere lost in France (near Megalink),1
Chęłmsko :),1
Bhutan,1
Inside your BEDROOM.,1
Sum-Where,1
New Zealand.,1
Grevenbroich,1
iran-semnan,1
宮城県仙台市,1
[ P H L ],1
cebu'philippines,1
Vancover Canada,1
Caracas/Venezuela,1
minden,1
My imaginary world,1
The secret base of Team Knight! MUAHAHAHAHAHA,1
Tymbark,1
Not Sure T-T,1
7th ring of Hell,1
canada ontario,1
Wolbromek,1
Kanto Reagion,1
A hidden place known as my Otaku Cave!,1
okinawa-chatan,1
In Anime/Music HeavenXD,1
newzealand,1
Up your ass and around the corner! :B,1
In mY oWn WoRLd ^_^,1
Anaheum,1
Sleeping with Conrad♥,1
right behind your right ear,1
sukkur,1
beaverton OR,1
Sector 2814,1
st louis,1
philippines laguna,1
HERP DERP,1
The Eighth Circle,1
outside,1
Canada ^.^,1
Pekoland,1
St. Marie Gakuen,1
The Coffin of Ronald Reagan,1
Lublin/Poland,1
Sweet Wonderland ^ c ^,1
a distraction!,1
Kamogawa boxing gym,1
Cardbox,1
Galiza,1
Montrea/Canada,1
9th circle,1
Swe,1
pasadena tx,1
HypermagicK M0unt.,1
London/Litva,1
Еstonian,1
Pearl Of the Orient Seas,1
53°26′17″N 14°32′32″E,1
Dreamatorium,1
Bad Oldesloe,1
it's a secret. hint if you look into the sky you w,1
The World.,1
Lurking in your shadow,1
mandatopia,1
Philippines...,1
Riihimäki,1
Karnataka,1
In front on some random PC,1
in fairy tale,1
secret garden,1
Pee Jay,1
Mecklenburg Vorpommern,1
612 Wharf Avenue,1
zulia,1
Hikikomori land,1
In School,1
toowoowmba,1
Los angeles,1
NyanNyanWorld =^_^=,1
south of nowhere,1
Hammerspace,1
Middle Of Nowhere,1
The Refrigerator,1
Out of Place,1
Norway :D,1
kfar saba,1
Somewhere in front of my computer,1
Floating around my room.,1
Canada..,1
My existence lies here. :],1
COnnecticut,1
Illichevsk,1
LPR,1
Vanadiel,1
in your head.,1
Doha - Qatar,1
eastside,1
no shiz,1
El paso texas,1
The flip side of Sanity,1
Nancy France,1
Dayton Texas,1
at home with my friend momo-chan plz add her!!!and,1
a place were u aint at,1
linden TN,1
Kenitra,1
Subconscious,1
Monheim / Germany,1
Mirny,1
Newcastle UK,1
needing my Ex back....,1
Dystopia,1
leola,1
Corpus Christ,1
Wouldn't you like to know? ò_o,1
cianjur,1
mass.,1
Inc. 889 Waverly Avenue Holtsvi,1
Misaki Town,1
Where the shotas roam,1
Köln. Nordrein-westfahlen,1
Malaysia/ Europe,1
Somewhere =D ~,1
Marche,1
mesa,1
The Flaming Gates Of Hell,1
Sasketchewan,1
Winnipeg.Manitoba,1
El Atelier,1
state of confusion,1
In meh roomz.,1
ロンドン,1
austin!!!,1
Rochester. New York,1
Lacombe ab canada,1
アキバ,1
The sky is my roof,1
Kabuki,1
Brazil *-*',1
Cedartown,1
Ostrów Wlkp./Poland,1
-redacted-,1
Nazereth,1
I'm not quite sure.,1
Meiji Era Tokyo,1
swiss,1
Gotland,1
Ohio 43201,1
san fran baby,1
malabon,1
Posthuman in The Empty world of HATE!!!,1
Siberia / Mother Russia,1
in your heart. XD,1
Banging your waifu,1
Wasteland,1
great round wall,1
Duncan,1
Buzau,1
Xingapore,1
Hiding in my room,1
germany - wiesbaden,1
Sw-ce,1
ParisFrance,1
ZAMBOANGA CITY,1
The World And The Next,1
At my desk.,1
In your imagination,1
toxicity,1
Hannover/Deutschland,1
Il mio paese multicolore >3,1
SFV,1
Ceará.,1
Клин,1
Nova Friburgo - Rio de Janeiro - Brasil,1
[ holy brittanian empire ],1
here is where i am,1
Siemianowice,1
in ur heart :),1
Cúcuta,1
Black Earth,1
bsb brunei,1
a place... in america. lololollllll,1
Nowhere you can find!,1
The Bat Cave,1
Sleeping on my bed,1
Poland ;],1
Area 69,1
uk.,1
Yaaaaay! Coruña (Spain),1
Around and about,1
In Mushroomville,1
Flying City Of Myorzo,1
SHJ,1
Poland. Biłgoraj.,1
All Around California,1
In A Fantasy Universe~,1
;] in a box outside your house o.o,1
Nashville. Tennessee,1
citrus heights CA sanjuan high school,1
Australia Qld Cloncurry,1
With my love~♥,1
Libya _ Tripoli,1
Somewhere :3,1
Somewhere in Narnia,1
Tatu-Land,1
In your pocket,1
By the sea.,1
Charneca de Caparica,1
FoCo,1
With Misu',1
salé / morocco,1
Europe>Republika Srpska> Banja Luka,1
german berlin,1
My Heart Is In Ohio,1
Behind Enemy Lines,1
Vongola Mansion;,1
Vechta,1
myanimelist.net/profile/dazzler,1
NY 11747 USA,1
Rabanastre,1
Stark/Arcadia,1
hull,1
isn't that the capital of Brussels?,1
ns,1
Err...where is this again?,1
Sweden->norrköping,1
Scotland United Kingdom,1
A dark hole,1
My room probably...,1
Amil Gaoul~always@Animeost.Info,1
A house.....,1
I wonder?,1
you could be a stalker!!!,1
UK _ Hampshire,1
stealing your cookies~,1
Changes from time to time :D,1
Gyál,1
Hollow bastion,1
Philippines - Asia's Mexico,1
Kyūketsuki Sekai,1
Petah Tikva,1
Hereforshire,1
~ An Unseen World~,1
-(secret),1
TX US,1
luton England,1
Liverpool (United Kingdom),1
In a chocolate milk cup!,1
narnia,1
Lancs,1
Bella Vida,1
U.A.E Abu dhabi,1
HOTTEST place in the U.S. (AZ!!!),1
Finistère,1
Voronezh.,1
Torreón,1
kuala lumpur.selangor,1
Kale,1
Ružomberok,1
unkown,1
Fortaleza/CE,1
novato,1
In your closet... go ahead check........,1
Rekyjavik,1
Tropical beaches of Antartica,1
Greecce,1
Somewhere in the desert...,1
saint Louis missourri,1
Sakurazuka Mansion 259,1
Halifax CANADA,1
Poland/Toruń,1
Zimbabve,1
Lil' Manila,1
Phila.,1
next to my screen,1
BG,1
Kuwait -=Q8=- KW,1
Behind you. With a knife.,1
Casablanca-Morocco,1
Uray,1
Glenarm,1
Camia,1
MAnchester,1
moldova,1
In a world with no gundam,1
Memel,1
Pyskowice,1
Mój pokój,1
I'm a nomad.,1
in ur heart,1
Home :D,1
Australia perth,1
prescott vell,1
Chantada,1
at the back of ur monitor,1
Odessa\Ukraine,1
-Disturbing Picture-,1
Alpha Centari,1
Needles,1
~Kanon Land~,1
Sparks,1
Naota's head,1
Discord,1
Avebury,1
france's tranny gay society,1
swansea,1
8th floor,1
Wutai ^^,1
Zambales,1
The Middle of Nowhere - Brazil,1
Unda da sea,1
Illinous,1
🌙,1
Hello Kiitty,1
Brain Palace,1
chandler az,1
Portugal-lisboa,1
SLC - Lala land,1
Wolfville Nova Scotia,1
I am at home))),1
Next to the computer,1
Manchester - UK,1
new world!,1
Te Awamutu,1
bat cave,1
New Jerseyan Suburbia,1
Sâo Paulo - Santos,1
leeds united kingdom,1
MMz Poland ^^,1
Behind the hippocampus,1
KZN,1
Zanzibar,1
tchê!,1
Glendale AZ,1
nunya damn buis,1
Greenwoods,1
Magic World,1
Midi City,1
Camarines sur,1
italy. taranto,1
Oroville 95965,1
Rusukaina,1
In the ass of the world..,1
With Your Mum,1
can you see where I'm,1
Germany(Deutschland),1
good old germany^^,1
Tumen,1
away,1
Stallis,1
Metal \m/,1
Vongala-12's moms bed room,1
In front of the computer :P,1
Somewhere between New York City and Fredericksburg,1
Eindhoven. The Netherlands,1
ソウル・ソサエティ,1
Sooner State,1
Entre Artés i Barcelona,1
Bee Hive,1
contagem;mg,1
208,1
Gudupopland,1
You would love to know wouldn't you?,1
Noir-York,1
The Skagit Valhalla,1
anywhere i want,1
On the Train of Fate.,1
Teikou Middle School,1
above you...hehehe...,1
Cowtown,1
Vlaams-Brabant,1
somewhere else=P,1
Villarreal,1
Ramat-gan,1
somewhere...where the rain will fall~,1
TENNESSEE,1
Poland {Kobyłka koło Warsaw},1
BEAST COAST,1
I'm in hiding!,1
edmonton ab,1
tell Barney I want my chains,1
VIRGINia,1
Grand Rapids Michigan,1
mirrorcle world,1
WEST COAST,1
Cheese land,1
tartarus (with my buddy prometheus),1
LONDON!!!!!,1
The Place To Be,1
Spain (Badalona),1
Ahem,1
My Dream World!!!,1
Leamington Spa,1
Erlangen,1
Behind my bones,1
Behind my Boens,1
Clermont-Ferrand,1
The Border between Fantasy and Reality.,1
Ibiza (Baleares),1
Landaaan.,1
Tukey,1
Nagybanya,1
A World Engulfed In Tragedy,1
Somewhere in Asia XD ..,1
Salé,1
ardstraw,1
(Romania),1
kedah/alor setar,1
On throne.,1
I'll tell you once i find my mind.,1
Bendery,1
:: philippines ::,1
Nyappy World,1
quite literally,1
Isperih,1
xxx,1
Krimpen aan den IJssel,1
Chepelare,1
Yorozuya Gin-chan,1
All over the place.,1
The United States of the Philippines Islands,1
karachi,1
Hess,1
~~`-´~~,1
Ontario. Toronto,1
milky way galaxy,1
EDMONTON.,1
Lindblum,1
manila city,1
united arab emirates,1
BEHIND U!,1
sac town Cali,1
Jersey City NJ.,1
Clouds in my mind,1
With your mom,1
bitchtown,1
المملكة العربية السعودية، ?,1
ZP city,1
santa's toy factory,1
Unknown ;),1
The East Blue,1
..... NARNIA MUTHA FUCKAH!,1
Cologne City,1
tijuana B.C,1
naga city,1
楽園の残骸,1
Wellingtown,1
Nyaland,1
Llamaville,1
Lithuani,1
Room 302,1
somewhere really hot,1
The Great Moravian Empire,1
Bergheim,1
Quelque part où il fait chaud !,1
Scarlet Moon Empire,1
Valkenburg ZH,1
Polska/Łódź,1
Israel!!!!!!,1
Alemanya,1
Warszawa x3,1
gastonia,1
Carcosa,1
記録の地平線,1
eating ice cream ^^,1
Catch me if you wanna =DDD,1
Unicorn land,1
plucking your internet wires,1
Ko******/Poland,1
Somewhere in the Internet,1
Mo i Rana,1
Ukraine\Lviv,1
Imperial Missouri,1
Wonderland with mad hatter,1
Queens Ny,1
you wouldn't wanna know~,1
Spartania's Throne Room,1
53o,1
Darlington,1
in da snow~~,1
can't be nowhere... duhh,1
XD wish tol ive in apan or anahaem jajaja yet mexi,1
Israel ~,1
Lithuania/Siauliai :),1
Denmark - Århus,1
and everywhere!,1
somwhre over the net,1
Outta Space,1
Clearwater FL,1
New YOrk,1
your local cardboard box mansion,1
Boggerland,1
red lion pa,1
Dark Rose,1
Ccs ~ Venezuela,1
Blacktown,1
ALGERIA/BMR,1
NW Ohio,1
Hereandthere,1
Gießen. Hessen,1
Hawaii baby,1
Russkа,1
Kudelstaart,1
solapuer,1
The high mountains of Sweden,1
lv.nv.,1
peshawar,1
Room 101,1
My Beloved Asia,1
lithgow with coolchick,1
Dumpster-diving for Little Debbie in the USA,1
idiot,1
UNDER THE SUN AS I BASK IN GLORY,1
umm nun ya bizz,1
Felicidonia,1
ROME/ Poland - Slupsk,1
axton,1
Potgietersrus,1
日本(japan),1
Munderkingen,1
The other side of the screen,1
Proxxi,1
oceanshores,1
somewhere is skittleland,1
The DWMA,1
Great Yarmoth,1
falkirk,1
New York Fucking City,1
Somewhere you're not.,1
boden,1
Legoland :D,1
MoldoVa,1
Brasília =D,1
Net Slum,1
Nizhnekamsk,1
Calumpit Bulacan,1
stalking teh little animes...,1
Reus,1
New York Combat Revue,1
every where,1
bideford UK,1
somewhere down the road,1
natnia,1
san jose del monte bulacan,1
Land of Departure,1
frisco california,1
Idk and I'd like to keep it that way,1
Anywhere away from you,1
Novosibirsk (russia),1
garland/tx,1
That way ->,1
Biggleswade,1
Argentina- Rosario,1
Where you least suspect me,1
Herts,1
redwood city,1
Creeps O_o Whuts It Two Yuh XP,1
Somewhere on the east coast of the US,1
Perth West Australia,1
Aleria,1
Gielinor,1
Some flat land in the USA,1
太陽の畑,1
Manila Phillipines,1
Lost In The Rain,1
fort mcmurry alberta,1
Lapland,1
La de da land,1
Da interwebs,1
and Hitsugaya,1
BH,1
Japan Akashi,1
NT ( NOT ON EARTH),1
Georgia/Florida,1
5fb93d334735a44c0f9b7fd6c37b52e2,1
Wro#,1
cp_dustbowl,1
where it is entirely too hot,1
good old Germany,1
Sunny Californa,1
Fitzpatrick,1
M.I.E.L.E.C.,1
как всегда,1
Tanta-Egypt,1
romana,1
Fijnaart,1
Al-Ahsa,1
Ternopil,1
Moscow/Strogino,1
in your mind killing yo brain,1
234,1
Portugal - Porto,1
天の川,1
Sibiu/Romania,1
Italia in miniatura,1
Beta World Line,1
Poland// Chojnice,1
Fou ki hear presia reen,1
KU-WAI-TU,1
berlin,1
ofcourse. ;),1
The Shadow Realm,1
in a dumpster,1
New Jersey : ),1
Waterfalls,1
Belo horizonte,1
sweden :3,1
US&A,1
Bulgaria x3,1
Chigwell,1
Kelmė,1
maraş\Turkey,1
The Outlaw Star,1
Center of the Earth,1
Balingasag Misamis Oriental,1
Glendal AZ,1
The Fairy Empire,1
JAPAN nagoa,1
Gresik,1
sukabumi city,1
My laptop,1
Kyrgyztan,1
IN UR FAC3,1
Hally Fax,1
somewhere in the net,1
Across the River of Styx,1
Budaoest,1
Ukmergė/Kaunas,1
Redding,1
Anime land *_*,1
(✿◕ㅈ◕)/ ᕕ( ᐛ )ᕗ,1
I am far away from here.,1
862,1
Kotlas.,1
Republic of the Philippines,1
☆ Serbia ☆,1
Пловдив,1
3,1
NY 14621,1
Woking,1
Rancho Cucamonga California,1
chain,1
mato,1
Next to Mexico,1
CantTellYou,1
Chaos SP,1
Classified Info,1
southern leyte,1
and,1
or The Land That Never Was.,1
up is the sky,1
Florida. United States,1
At Graces High,1
Cartago,1
Minnesotaaaa. (:,1
Inside your mother.,1
Texas (unfortunately),1
The World of the Living,1
Rio de janero,1
Rio Grande,1
your room,1
>implying,1
Chicago-ish,1
UK//BG,1
Lolifornia,1
Heemskerk,1
lawerance,1
Valanor,1
none of your bissnez,1
massaachusets,1
Itaituba,1
In your Nightmare. *-*,1
Gekkoukan High,1
where the yellow brick take me,1
In The Kitchen Stealing Cookies ! ;3,1
cajita de cartón :3,1
In the world of dreams.,1
General Santos City,1
Bangladesh.,1
firenze,1
rijswijk,1
თბილისი,1
219,1
Saskatchatoon,1
great yarmouth,1
Namimori~♫,1
Your closet O:,1
Sumare - SP,1
pandora's box,1
Wherever I happen to be,1
Rishon LeZion,1
AniManga Oukoku,1
Potatolandia,1
Israel Ramt-Gun,1
37d4dbdcb43e23760c1b190282fe0cab,1
UAE - AD,1
Wiff Mai Anna OOO~!!,1
with ur little sister -_-,1
Canada ♡,1
somewhere you won'r come,1
In You Imagination,1
L.A. California,1
Poznań - Poland,1
Glazov,1
France - Var,1
Orlando FL,1
4566,1
São Paulo- Brasil,1
Southern Nevada,1
nagareboshi,1
espirito Santo,1
ameland,1
Hi.,1
Bohuslän,1
World Wide Web,1
Beyond the Boundary,1
Kopeysk,1
Cegléd,1
688,1
City of Nowhere,1
Amos Quebec,1
Divinópolis/MG Brasil,1
Ciudad Academia,1
Somewhere far far away~~,1
The 2-D world of Anime,1
or,1
Japan ~~,1
My room =3,1
Rublevka,1
The hole in the sky from Bleach,1
Actually UIL =3,1
Ukraine/USA,1
iichan hohlostan,1
Earth T_T,1
you dont wana know,1
In the snow,1
Cat Planet.,1
barrie ont,1
Rain Village,1
O_o,1
The Future,1
Europe/Madrid,1
Mondo degli Shinigami,1
Khonkean Thailand,1
~*ish Holding my anna*~,1
じゃぱん,1
Georgetown,1
copenhagen Denmark,1
Funimation,1
Dreaming in Wonderland,1
Athlone Ireland,1
Not telling. :]],1
Poland-Rzeszów,1
South-africa,1
the underworld // bulgaria,1
Somewhere near Moscow =[,1
Seremban / Bangi,1
between İstanbul and Aniasé,1
the field of wonders in the land of fools,1
ZARAGOZA,1
Marzenin in Poland,1
Ony,1
Tyumen',1
in my room :p,1
Chapaevsk,1
Hetaria *A*,1
Williamsport,1
Ye Old Battleaxe,1
my house...i think,1
Bel Air,1
T .,1
SC USA,1
Ashqelon,1
city of flame,1
Dawnstar,1
mobile alabama,1
In a freezer with a mic and computer,1
attleborro massachusetts,1
NEPA,1
in the middle of the u.s.,1
Mineola NY,1
northern U.S.A,1
EveryWhere!!!,1
Doding Random Flying Vending Machines,1
Gatchina,1
Päijät-Häme,1
NY / LA,1
The place the Irish are sent instead of Hell,1
⋯ 𝒖𝒏𝒅𝒆𝒓 𝒕𝒉𝒆 𝒔𝒆𝒂,1
Any where that doesn't get me shot (again),1
oman^_______^,1
Portugal «3,1
Aachen NRW Germany,1
nsk,1
Holland =3,1
Finland Joensuu,1
Cartago Col,1
Enköping,1
SUrabaya,1
here?,1
new york/usa,1
Notre Dame/New Albany Indiana,1
russia (RF),1
Fa Diel,1
Zduńska Wola/Łódź,1
cluj...cred.....,1
depends on the day and time,1
Nueba Yol,1
São Paulo ~ Brasil,1
Elsingor,1
Oxford~~,1
In my car!,1
Saint-Pet6ersburg,1
ישראל,1
Underneath your bed,1
State of the Blue Crab,1
washington D.C,1
Belém do Pará.,1
S.A - Jeddah (:,1
• Ｔea Ｐarty •,1
Under a tree where all good fruits grows,1
x Rolent city x,1
defending Beelzebub-ossan,1
Pliunge,1
Lucretia,1
Kazakstan.,1
Fantasy Anime World,1
anaheim ca,1
none of yer bizz homez.,1
中国,1
Toledo (ESPAÑA),1
zurich,1
Konha,1
Bila Tserkva,1
At the throne room in Hollow Bastion,1
japanΓ,1
in a land full of rainbows and lollipops.,1
Tokyo a,1
The World That Never WAs,1
san diego california,1
INDIANA,1
k-town,1
asturias,1
Rugeley,1
Albufeira,1
Nos pana Rosji.,1
non of ur biz :P,1
SoulSociety,1
north korea,1
Levi's bed.,1
Kokuyo Land,1
Riding my donkey Fred ^-^,1
Brooklyn New York,1
Sugar Plum Village ;),1
Kosina,1
Canada eh!,1
casablanca .Morocco,1
WKH,1
Jukai,1
Limoges France,1
uhhh in my brain.=D,1
Toaru Kagaku no Railgun,1
In Hibari Kyoya's pants.,1
I'm stalking Hei right now Brb! XD,1
miami Florida,1
Yshmere,1
DNR,1
gardner ma,1
Born=Korea/USA,1
XYNTA,1
In the Clouds~,1
Vila-chã Barreiro,1
somewhere between childhood dreams.,1
over here,1
Pandora Abyss,1
I S R A E L bby o:,1
oakland,1
An underground grotto,1
Up your butt and around the corner O.o,1
Somewhere in the Cosmos...,1
Recife. Brazil,1
Where you least expect,1
vernon,1
america do,1
'-',1
far far away xD,1
Eskisehir,1
Wudang,1
gardrobe,1
southeast of nowhere,1
Fortaleza - CE,1
Якутск,1
there's no way i'm telling,1
Texas (Yay I can lie too XD),1
your computer,1
Guangzhou,1
Waiting in that place...,1
in the end of the shnizel! :D,1
SHILE,1
Cyn City,1
Qu&eacute;bec / Canada,1
Batam Island,1
or Ashland,1
Edogawa Tokyo,1
Brisbane!,1
Canada....,1
Foggia,1
World of Fantasy,1
ask me :3,1
In your Cupboard,1
tychy,1
Brasil/Minas Gerais,1
Central Alaska,1
Tg Mures,1
asia/phillippines/tokyo :),1
S.Paulo SP,1
KSA - Taif,1
unknown place,1
わからないだよ,1
Araraquara,1
Bulgarien,1
Waterdeep,1
your bathroom,1
In the box down the road.,1
Siem Reap,1
My House...derrrr,1
Kakera #2329843666661193826324000,1
new Mexico,1
sardinia(italy),1
under the shower 24/7,1
Bloody Heart!,1
413,1
~TOP SECRET~,1
D.F: México,1
Back home again,1
UT Layton,1
Pittsburgh Pennslyvaina,1
Somwhere In The World....,1
Porto Alegre - Southern Brazil,1
mayonnaise kingdom,1
Your Heart. :)),1
o fut pe ma-ta,1
Furansu,1
sesdCA,1
Germany =D,1
Dunaszerdahely,1
Fallen London,1
Ｗｏｎｄｅｒｌａｎｄ,1
Camping between imagination and memory,1
Inside a house,1
FL (Orlando area),1
Here in Sydney,1
Feodosia,1
Somewhere in Kansas,1
Liepāja,1
Canada desu~ :),1
Syracruse,1
(USA) New Orleans Louisiana,1
A hole :D,1
Egypoto,1
A home somewhere,1
Saint Petesburg,1
Southern Germany,1
default-city,1
Behind you! :D,1
Ipiaú-ba,1
Close,1
Gliwice [PL],1
saudi arabia - riyadh,1
Wonderland meoow^.^,1
Southern Province,1
saitama japan,1
The Island of the Lotus Eaters,1
mi casa : D,1
Does it really make a difference people?,1
IN A DARK WORLD,1
inside your closet.,1
I Don't Know >.,1
under my blankie~♥,1
Hiding in the bushes,1
MARYLANDDD,1
In a box 8D,1
Elios,1
Siting under a tree watching the night sky,1
France - Toulouse,1
Wageningen - Nederland,1
Monor,1
TRondheim,1
Lost in Time,1
Algeria ; Oran,1
Imielin near Katowice / Poland,1
Ibbenb&uuml;ren,1
Somewhere in the real world,1
Stoke,1
tobyhanna,1
look outside your window 0.o,1
the past and the present.,1
Nirvanna,1
Midi-Pyrénées,1
Liperi/Ylämylly,1
Detroit-area,1
São Paulo/SP - Brasil,1
Russia - Petrozavodsk,1
concord,1
Hub of a Black Hole,1
Brampton Ontario,1
Kentucky 40502,1
in your heart~,1
Virginia!,1
folkestone,1
space is the place,1
Central USA,1
vzla,1
smack dab in the middle,1
9351 S 1300 E,1
Chile :3,1
Legnica/Wrocław Poland,1
Somewhere between heaven and hell,1
wherever...,1
I have stalker-phobia.,1
hell.,1
Detras de tí (?),1
sINGAPORE,1
NSK,1
Who knows~,1
Van down by the River,1
"""The Place Where Wishes Come True""",1
Norcal.,1
london ontario,1
under ur bed!,1
Your Nearest Hotel Room,1
Arizona 8D,1
Pocky.PH（*´▽｀*）,1
Somewhere over zeh rainbow~,1
kazakhstan,1
Dakar-Senegal,1
Dalekoooo,1
kuwait kuwait,1
Днепропетровск,1
in the shadows for no one to find me,1
Around The World,1
nowhere...,1
Almetyevsk,1
Via Lac,1
Maybe,1
WEST SACTOWN NIGGAAAAAA,1
Slaskie,1
Happiland,1
Kujawsko-pomorskie,1
Riyadh | Saudi,1
columbia pa,1
Klagenfurt,1
Cheltenham,1
Baden-Würrtemberg,1
In a galaxy far far away.,1
San Michele,1
Golden Land,1
Infinite Darkness,1
My Apartment,1
Apricena!!,1
Germany. near Heidelberg,1
Polyarny,1
port aransas tx,1
california SF,1
Somwhere in Texas,1
Absoluty no where,1
023,1
Ukmerge,1
Fantasy World,1
livin it large.,1
Earth ^_^,1
Shatz,1
Poland-Russia,1
9000 Megameters under the earth's crust.,1
Emmen-Holland,1
Austria~,1
My,1
Neftekamsk,1
lke elsinore ca,1
Behind you. ♥,1
FIND OUT,1
tierra del fuego,1
The Bronx,1
cascais,1
Jesionka,1
Maceió,1
muffin land,1
Wonderland ♪,1
Somewhere Under The Rainbow,1
Spain and #Final_Fantasy on irc.chathispano.com,1
capiz,1
a small flat in Edinburgh,1
Mönchengladbach,1
♥ ♥ ♫ ♫ ♪,1
witteveen,1
harjumaa,1
Bsk,1
Berhida,1
inside the Steins;Gate,1
Stalking my Eunhyuk,1
Charlotte North Carolina,1
California Bay,1
Planet 4032-877,1
USA FL,1
Caerdydd,1
N. Iguaçu,1
Bergen Norway,1
hellgate,1
legazpi city,1
Mt. Bur-Omisace,1
CDOC,1
Calumet City,1
Ndek Deso,1
Shelby-Land,1
Suna,1
Mухосранск,1
SE QLD Australia,1
Philippines and sometimes in seoul and j,1
Nawlins,1
201,1
*shifty eyes* somewhere...,1
in a box with other kittens,1
England Cleveland,1
Ghibli Hills. Philippines.,1
not tellin :p,1
Under the shadow of the world's tree.,1
M&eacute;xico,1
France :x,1
Cookie Planet,1
Nederland Scheveningen,1
camuy,1
Box on the side of the road,1
Indiana (Aka Chicago xD),1
brasov,1
Sv,1
In Azusa's closet,1
Cieszanów,1
Калуга,1
Na minha casa u.ú,1
Hatsunejima Island,1
Słupca,1
OSUTORARIA DESU ^____^,1
Belgium; Houthalen,1
sabrie,1
Sleeping underneath the sun,1
South Pas California,1
illinoise,1
Leave it to your imagination,1
mist village,1
Пхеньян,1
Under Mio's bed. xD,1
In a box..next to Daiki Arioka. :O,1
geelong australia,1
Alone in the death :(,1
Under your bed >:3,1
Tokyo/Japan,1
Sierszewo City,1
bocaue bulacan,1
Australian,1
Maceio Alagoas,1
america/north carolina,1
Poland : D,1
Nope nope,1
Somewhere Cold,1
Nogales ARizona,1
In a orange far far away,1
Why the hell would I tell u?,1
北九州市,1
Tomsk city,1
Waiting For Love.♥,1
IL 61822,1
Under yo bed~.,1
Behind ya !,1
Louisianna,1
Planeta Terra,1
Barcs,1
Turkey/Konya-Ankara,1
São Paulo (Brazil),1
Kościan,1
^_^Ukraine->Sumy->Akhtyrka^_^,1
nh,1
Russia OoO XDDDDDDDD,1
Hijken Drenthe,1
Faroe Island,1
Karłowice,1
Bolton xD,1
CE - Brazil,1
Thailand Bangkok,1
Polszcza,1
Colorado 80631,1
At your closet waiting for your end LOL,1
West Bank\Palestine,1
Malaysia.Selangor,1
Oregon 97301,1
Location Unknown,1
California senegal,1
nch,1
sheffield,1
ITARIA,1
Padua ♣,1
Csepel,1
東歐洲,1
everywhere and anywhere,1
Morgan Hill,1
Gdańsk / Poland,1
Denmark - Aarhus,1
Missouri 63101,1
Dutch Caribbean,1
=P,1
The Windy City,1
in your dreams?,1
Wonderland ~~,1
Interweb,1
Look in your pants.,1
ROCKS!,1
Z-Holland,1
Not Where You Are,1
cryopod floating through a derelict space ship,1
H-Town!!,1
front of my computer,1
nyc ^^,1
californiaaa!,1
北海道,1
Whenever,1
Lithuania/Germany,1
Somewhere around here... I'm sure of it...,1
boring land,1
Portugal~,1
California and Alabama,1
Ratus,1
Kyuu City,1
On a couch sleeping...,1
Bostom,1
Пятигорск,1
Buskerud,1
dolnośląskie,1
Your favourite hat!,1
nowhere special,1
Waikanae,1
Germany. :D,1
Locked in my room with my favorite anime men,1
New York 11201,1
(･_･?) IDK!!,1
Dabas,1
Melitopol',1
Mszczonów,1
Teh Malu Empire,1
which is the living room.,1
Valga,1
Eroge Land,1
Stokke,1
Millenium Castle,1
in never-land,1
Cieszyn/Łódź/Wrocław,1
Mordovia,1
N/D,1
Bogya,1
Ilo-Ilo,1
Wreczyca,1
Narashino,1
Tel aviv,1
in a galaxy not so far away...,1
City-state St.Petersburg,1
Bohol,1
Between Kanade And Hitagi,1
oahu,1
dmv,1
alanta,1
Kanto [????],1
Recycling Bin,1
Aperture Laboratories,1
Soul Eater,1
Centralia,1
far away....,1
Discworld..,1
Talllinn,1
Badloville,1
-----------------,1
at japan saitama,1
everett-ma,1
Yoppei`s pants,1
simeria,1
A hole in the ground,1
where do you think?,1
Polen :3,1
Gourmet City,1
Warsaw / PL,1
Barcelona (Spain),1
Albert,1
middlesex,1
polandia,1
Japan :P,1
US/Texas/Houston,1
Giggles Land,1
Mi Mundo Rosa,1
Pokemon Center,1
Philippines/Malaysia,1
on the moon with mutta,1
outer space :D,1
torando valley,1
In the toaster,1
Ivan Braginsky,1
Anime Hell,1
Elenquelia,1
Curitiba Brasil,1
(눈‸눈),1
Ростов,1
głogów.,1
Seireitei - Lucaria,1
Murray KY,1
you figure it out,1
A Magical Rainforest,1
Sao Luis Brazil,1
Chishinau,1
dtc,1
Стерлитамак,1
Sarapul,1
Frankfurt.,1
jabodetabek,1
Venusian,1
Liverpool UK,1
Austarlia,1
Where My Heart Is,1
and I am not where I w,1
lowell,1
Capital of Lightning,1
Scarlet Devil Library,1
The wrong place at the right time.,1
thesaloniki,1
The Ring of Fire,1
LAND OF THE FLUFFIES,1
🍕,1
peterborough,1
lora del rio,1
Timeless Temple,1
1365,1
Central Perk,1
Somewhere it snows,1
New Zealand :D,1
california folsom sacremento,1
The Netherlands / Rotterdam,1
rogers,1
-SG-,1
CK,1
far far away...,1
Emilia Romagna,1
TX 77450,1
TverCity,1
Гомель,1
United States Of Anime,1
Rokiškis,1
in your totems,1
Next to K-mark,1
"i'm currently trying to ""Catch 'em all""",1
Waterford,1
Near the sea,1
Aussie ;),1
MOscow,1
My own Personal Wonderland,1
At Home (:,1
why do you wanna know?,1
third planet from the sun,1
Me,1
New Jersey United States,1
Americana - São Paulo,1
Could you found me,1
Athenry Galway,1
New Wolrd,1
Somewhere in the Middle of Nowhere.,1
Volta Redonda,1
France...,1
STEALIN ALL UR CHOCOLATE *o*,1
In the Middle of the ocean XP,1
Earth!~,1
Celceta,1
por ai,1
Markaryd,1
Somewhere in Space...,1
~_~,1
Oregon :O,1
SC (I'm at college ;~;),1
Penha-SC - Brazil,1
Westerwald/Germany/Rheinland Pfalz,1
In teh closet xD,1
Burgenland; Austria,1
rome italy,1
Moscow Area,1
AMMAGAD TUH NETHALANDS,1
Somewhere in central Italy,1
warna x33,1
Nonexistent reality,1
◕‿◕,1
8° 49′ 12″ E,1
Halmstad Sweden,1
Land of the Apple cores.,1
Siggiewi,1
Burgland,1
The Low Lands,1
Balatonszemes,1
New York NY 10259,1
California. 8D,1
Boobopilus,1
Hell-Romania,1
Ont canada,1
Kabute,1
Warren. Ohio,1
somewhere on the earth........ maybe...,1
Poland/Krasnobród,1
sverige,1
yokota japan,1
Marilia-SP BRAZIL,1
Where Freedom is!,1
paracuru,1
in ur pants ;3,1
safi,1
Ķekava,1
Love City,1
Kartuzy,1
Wcdonald's,1
10 planet,1
The skys,1
Cirebon,1
In a Box... With Internet.,1
Fort Lauderdale,1
Clouds,1
Khishinew,1
Ilhéus,1
Somewhere in Poland >3,1
The Field Of Dreams,1
constanta,1
Ślask,1
Varna :33,1
Shinigami realm,1
AnImE WoRlD =3,1
Sompolno / Poland,1
Ostrowiec Świętokrzyski,1
ravenclaw tower.,1
Proxima Centauri,1
Al Ahssa,1
nowwhwre,1
Idontwantyoutofindme ave.,1
UK (:,1
nebraska,1
Panama. Panama,1
Outside your window. 0____0,1
In a Dream,1
Poland/Katowice,1
France (Lille),1
Ukrine,1
Batu Pahat,1
Down Under ;),1
Transylvania.,1
paranque city,1
Studying Abroad in America(jk),1
Salekhard,1
Kenowhere..... like no where else.,1
I think it's a graveyard. Hey is this a graveyard,1
funky town,1
sharing ideas with Lulu-kun,1
Anykščiai Lithuania,1
Jacare&iacute; / SP,1
Costa Rica.,1
Bydgoszcz Poland,1
Asten Heusden,1
Somewhere over the rainboww. [;,1
Tonight,1
I haz internet here,1
HAHAHAHA!,1
The City of Townsville,1
COOKAYLAND (:,1
Mail Box XD,1
peterborough on,1
burnley,1
Chillin in Ikebukuro,1
*gasp* i forgots!! D:,1
"-2° 19' 14.38""",1
The middle of nowhere - Kansas,1
Nevsky raion,1
Akita、Japan,1
Natal/RN,1
The Gaming World,1
Traveling to find my home,1
Muharraq,1
Figueres,1
Somwhere in my world ~,1
Florianopolis/Joinville,1
Japan♥,1
+62,1
Crotone,1
beirut lebanon,1
PAINTED DESERT,1
Luxembourg/portugal,1
its a mystery,1
A shity country,1
Evangeline's Resort,1
In The Ghetto,1
Only God Know,1
River cools where I belong,1
Phantomhive Manshion,1
Mississipi,1
Deva,1
Somewhere where it rains >.,1
lillestrøm,1
Arcadia CA,1
Zoruchowo,1
in the deep blue sea,1
Hue Hue Hue,1
Boston. UK? USA? hahaha!,1
Mobius,1
Eau Claire Wisconsin,1
Top secret x),1
I GOT HIT BY TRUCK AND WENT TO ISEKAI,1
Central Maryland,1
Poland/Neverland xD,1
Jp,1
noyb,1
Funabashi city,1
Pahang Malaysia,1
LA California,1
The Woods,1
Lithgow Australia,1
Currently in Hali~ but originally Indonesia X3,1
floating on a giant cookie,1
ALCHEMIC DIVISON,1
Canada~,1
EPT,1
Moscow region Naro-Fominsk,1
soviet russia,1
P-Town Rhode Island,1
SomeWhere in town watching Anime,1
Holland/The Netherlands,1
Krynica,1
With My Bishies,1
Wherever it is that I am at.,1
On earth somewhere...^_^,1
Springfield MO,1
Canada Nigguh ;D,1
under the stars,1
indy,1
Ott.,1
Itararé,1
Sotoba village,1
örebro,1
Shana's dreams,1
741,1
hyderabad,1
USA//Arizona,1
Center Dogma,1
Ryouzanpaku,1
Poland/Cracow,1
All your base are belong to Colorado.,1
Midsouth,1
Home!,1
Kecskem&eacute;t,1
&Ouml;jersj&ouml;/Sweden,1
...somewer in earth...,1
giant bucket :],1
Тверь,1
Stockholm's anime hole,1
with friends,1
al khobar,1
Belgium - Flanders,1
@.@,1
Fulton,1
Toronto/Ontario/Canada,1
FIN,1
Gatineau,1
Rosembool,1
Vĩnh Long,1
bellbrook ohio,1
Münster (Nrw),1
GZ,1
cipoetat,1
☻No longer in the Human World☻,1
The Land of Cake and Peanuts,1
Mom,1
Strawberry Fields,1
Chatt-town,1
Cherbourg,1
Belgium or in heaven!,1
At my Home,1
Wouldn't U Like 2 Know,1
arg,1
Ukraine 🇺🇦,1
バスケランド!~ ♥,1
sugar canr city,1
59 (FRANCE),1
My Own Reality,1
On standby.,1
Mscw,1
Pardubice,1
Somewhere Cool,1
misaki city,1
KSA ~ Riyadh,1
ST.PETER,1
дома в Киеве,1
CandyLand,1
Northwest IN,1
Pamplona,1
germaniya,1
Everywhere :x,1
mandurah,1
In my box...,1
Camberley,1
PRC,1
Tudela,1
626,1
г,1
Ouray Colorado,1
The Flying Pussyfoot,1
coahuila,1
The mystical land of Canadia,1
Drôme.,1
Tokio.,1
Where Hopes and Dreams Dies :3,1
POLAND Wieliczka,1
Aljunied,1
Bowmanville,1
Best place to be BC,1
in Karmaskaly XD,1
Canada/,1
happyland,1
somewhere in the darkness,1
In My Dreams... ;D,1
at the tennis courts!!,1
way up in the sky.,1
Mayonaka TV,1
В.Новгород,1
You don't know where it is anyway,1
Somewhere in the ocean.....,1
under your bed @_@,1
In my house?,1
Worsow,1
Hollywood CA,1
Szabadbattyán/Hungary,1
Where least excepted,1
Inside Genji's weeping sleeves,1
Kotlochhausen,1
382,1
Anotherland,1
Granda,1
Midland =),1
Vidikovac,1
on top of the mad hatter's hat,1
Kimetsu no Yaiba Hell,1
"""Computer Room""",1
tripoli-libya,1
sooke,1
Zeelich,1
Insomnia,1
Wouldn't you want to know.,1
I would like to know myself.,1
CASA BLANCA,1
Terra Australis,1
Not telling :P,1
RS (Brasil),1
Canaderp,1
that line between the ground and the air,1
Mos-qua,1
alone..in a cave,1
Alabama... ._.,1
Ry,1
Iloilo City,1
渋谷区、東京,1
Underneath your local bed,1
austrial,1
HELL...,1
O.o,1
The grand line,1
ceredo,1
Zakrzewo,1
Look behind you >:3,1
Autonoe,1
fez,1
an area where no one can find me...,1
b20cf6cc099f3b14e876e2d1dfa128c4,1
My own mind ^-^,1
510,1
Im in your mind.,1
България!/Варна!,1
prescot,1
Weabooland,1
garotas e animes...,1
Lost in my own world,1
place where even Bambi wouldn't go.,1
alacant,1
Berghem,1
Ukraine.Doneck,1
inside your mind,1
OZ,1
eng,1
Saratow,1
"BIATCH""",1
A Street,1
Traunstein,1
Finland Rauma,1
but lives in the US,1
✖ ღ σтαкυ ωσяℓ∂ ღ ✖,1
Cobrastan,1
Outside your window. See that bush over there?,1
Godollo,1
Traisen,1
where they dig gold from.....,1
san,1
HONDURAS,1
In blackness waiting to be over come by death,1
Dreaming,1
Dumont NJ,1
Yorozuya ~ Gin-chan ♥,1
Sfantu Gheorghe,1
Regularly changing.,1
E-arth,1
I may be your neighbor,1
Deep in The World,1
My bedroom!,1
amyisawesome,1
Californina,1
Battlestar Galactica,1
Coney Island,1
Edenia,1
286a46b907b447a22599ec0e995782f2,1
Malczyce,1
Maia,1
Somewhere in KS,1
un knownity,1
Almaty-Almaty,1
Shikoku Village,1
LP City,1
berryland,1
AnimeWorld....I wish :D,1
Faraway,1
Milky Way~,1
controlling your thoughts.,1
brighton,1
Big Apple/Gotham City,1
Phx,1
In front of a screen,1
Beechwood,1
Bs.As. Arg.,1
none of your buisness ^^,1
caribbean,1
In a well,1
śląskie,1
O.K. USA,1
My Heart & Soul are in Panamá,1
Belgium (in Vlaanderen :p),1
Russia T-city,1
Night Vale,1
Up Your Nose,1
in my room :D,1
nunof ur bidness,1
Valkyrie,1
In Your Kitchen Baking ψ(｀∇´)ψ!!,1
Mścice,1
Anime Land.,1
Tsuki-no-Miyako,1
In a meadow,1
Closer than you think xP,1
Tj. mexico,1
CaNaDz_ montreal / Quebec,1
Laitila,1
At my castle,1
Absolute Territory,1
Bollebygd,1
Joombaville,1
Puerto Cortes,1
TN (#5089),1
my personal space bubble.,1
Toluca,1
exactly where you should be,1
holon,1
Lost in Fiction,1
Under Yamamoto Takeshi ^_^,1
Poland/Gdańsk,1
NY 11101,1
Manchester uk,1
In Ruki's Bedroom,1
Somewhere in Utah,1
K.....,1
53,1
If you guess right you get some candy =p,1
Under my sun hat,1
ostend,1
A house,1
Lunatic Town,1
Hamtown,1
United States of Alfred F. Jones,1
Outopos,1
anime-addict-ville,1
JE Land,1
leskovac,1
Peoples hearts.,1
Somewhere @ Earth,1
Tokyo?Japan,1
Buttsubusu! YA-HA!,1
a city near to an Alert Level-2 Decade Volcano,1
in u room stalkings u,1
//Root,1
hohol,1
Thornton Colorado,1
Guildford (Surrey),1
Iwatodai Dorm,1
IN UR DREAM *_^,1
choclate forest,1
England =D,1
C.T.,1
japan currently,1
a place...,1
By the Sea,1
f,1
ひ・み・つ,1
226131,1
at SSJMaster's feet,1
Rundvik,1
Cleveland OHIO,1
Cornhusker State,1
a different place from where you are,1
jerusalem,1
Sidi Bel Abbes,1
West Auckland,1
Indonesian! :),1
13340 California St. Omaha NE 68154,1
Cosplay Land,1
加拿大,1
In your mom's room,1
Tecnora,1
266,1
somewhere in nevada,1
Lazy town,1
Kiew,1
Hungary >O,1
Russia; SPB,1
United Stat,1
default city,1
Ucraine,1
Bangka belitung,1
The Unknown,1
NY 10259,1
No no your other left.,1
Edo México,1
Izmir/Turkey,1
Sweden - Norrköping,1
BlahBlahBlahAnimeLand♥,1
Terronia,1
Flowing...,1
michoacan,1
Brasília/ Brazil,1
Deep road,1
At Seika High,1
Башкортостан,1
P-sk,1
Bulgaria xDD,1
Алтай,1
illinos,1
In this weird little box.,1
MO (USA),1
your mother plays card games in hell.,1
NOR*CAL,1
n0wHer3,1
Spitsbergen,1
beverley,1
Holy Britannian Empire,1
On top :P xD,1
Where you can divide zero,1
Cookie Box,1
Try Guessing,1
ksa- riyadh,1
Florida 32750,1
Baka,1
Dreams World ^^,1
Bwhahahaha!,1
I'm having an out of body experience,1
Russia @_@ どこにでも,1
Tu vois là-bas? Ben c'est pas par ici.,1
Watership Down | ドイツ ;),1
Do you really want to know ^^,1
Lemuria,1
charlotte nc,1
South Padre TX,1
GreenVillage x3,1
Somewhere tracking you down.,1
USA - East Coast,1
Camrose,1
camocim - CE,1
Salvador/BA,1
483,1
Halle Westf.,1
Your head,1
Space and Time,1
rijsenhout,1
Ninsk,1
Мурманск.,1
Mozów,1
The hermit hole,1
urmom,1
Wollongong,1
127,1
in bed fingering myself and waiting for my gf 2 co,1
Violet Hill,1
fuck u,1
♫♥♪Candy Mountain clinging to anna~♫♥♪,1
somewhere you have never been xD,1
Aachen | Moscow,1
Oslolol~,1
Gudanisuku,1
Moose Jaw Saskatchewan,1
KSA - Jeddah,1
California #200,1
Tubarão - BR,1
Medfield MA,1
Infront of Computer!,1
Room.,1
North-West England,1
Martinsville,1
Poland-LDZ,1
tabasco,1
Ashqelon.,1
Konoha.,1
Cavite Not Manila,1
WA > NOT CANADA!,1
Off in my own land,1
the damned desert.,1
oklahoma/tulsa,1
hopefully somewhere,1
St. Louis and Houston,1
Syria x3,1
Solikamsk,1
Bverwijk,1
SV,1
in the la la land of childhood,1
Behind you!!,1
A little red dot...,1
uu,1
Nm,1
Kunmadaras Jász - Nagykun -Szolnok,1
*Teleports Behind You*,1
Your ass.,1
MMMOskow,1
IA 50659,1
Silesian,1
PL ^^,1
Somewhere i dont know...,1
Insane Kingdom,1
in my mental space,1
where ever you are.... i am.,1
Ur Closet,1
Piracicaba,1
thebay,1
ROV,1
Vlissingen. Zeeland,1
Canada Red deer ab,1
My World's,1
Peabody,1
Vzla,1
In Your Closet D:,1
Wonderland : ),1
Losted,1
Somewhere....>.>,1
saudi arabi,1
Wielka Wola,1
North yorkshire,1
PA>,1
aMSERDAM,1
Near Tokyo,1
? WI,1
Isère,1
Janów Lubelski,1
IX VI VII IV IV,1
Snape's Dungeon,1
South... o.o,1
Oneesama's embrace,1
&Ouml;rebro,1
Germany ~,1
埼玉県 Japan,1
Soel Society,1
melbourne!!! australia ~,1
Place straight from a fairy tale,1
marikina,1
г.Самара . RUSSIA,1
Head Quaters,1
Shoe-box.,1
Poland.UK.Japan,1
Poland // Zielona Góra,1
Edremit,1
spysz?,1
Greenwood WA,1
Portici (NA),1
青空を見上げている,1
New Jerey,1
redding ca,1
Utterly devastating Celadon City,1
Knighton,1
With My Fiance Yuna,1
hyrule,1
Anime Planet BM,1
jeddah ksa,1
Far far Away,1
'nuff said,1
Somewhere~ :D,1
Plastic Beach,1
Istanbul / Turkey,1
high in the sky,1
Galicia - Spain,1
16wonderland,1
WAITING TO EATCHOO,1
Suisun City,1
221,1
wherethecherryblossomsflow~,1
Doloprudny,1
Central FL,1
Espanola,1
Las Cruces NM,1
Black Temple,1
Parma,1
Turquia,1
The Game.,1
blender,1
みなちゃんのところ,1
None of ur bussiness,1
Ar Riyadh,1
Weißwasser,1
tracing...,1
Flatrock,1
506,1
Free Falling,1
berlin nj,1
Vrsac,1
Black Horizons,1
Canberra • Australia,1
Omniverse~,1
state in Czech Republic,1
из настоящего времени,1
Serock,1
in hiding :p,1
Try and find me and you'll die,1
Attiki,1
Usk / Maroc,1
Kovilpatti,1
alexandria,1
N-Town,1
Pensyilvania,1
Somewhere in a underground base,1
New York ;D,1
ksa - al-riyadh,1
Kolbudy (Gdańsk) Polska,1
In the abyss of your own damned soul,1
In The Anime World =),1
So Cal!,1
The skies,1
Exploded,1
&Ouml;sterreich,1
The Wrong Vancouver,1
up your nose with a rubber hose,1
The Other Shore,1
Collinsville Illinois,1
Tash,1
Nagyvárad,1
Ile de france,1
New Jersey (used to be NYC! :( ),1
Tumblr,1
rumajangu,1
WHY DO YOU WANNA KNOW??!!!,1
Directly above the center of Earth,1
In a photobooth with Len Kagamine,1
Ronneby,1
┌∩┐(●'.'●)┌∩┐,1
kepanjen,1
。。。,1
Burmingham,1
GA :D,1
[☆] Wandering Teyvat with Scara [☆],1
shit shit.,1
Radiant Garden,1
Somewhere..over the rainbow :D,1
Under Your Bed;;,1
Wierden,1
Paphos,1
La trinidad,1
ST. Marien Österreich,1
Ontaro,1
The Neverland~,1
Who knows?~,1
DeKalb IL USA,1
br,1
The shire,1
Jingle Town.,1
haha i smell fish,1
HA! KONOHA!,1
room,1
Texas 78728,1
Why you need to know. >=D,1
Los Angelea,1
Arapongas//Paraná,1
Kościerzyna\Pomorze,1
Ludwigshafen,1
In my own imagination somewhere,1
Jupiter<3,1
Heisei Land,1
Only My Anime Needs Kind Olives.,1
My comfy chair,1
Traun/O&Ouml; - Austria,1
Piekary Slaskie,1
Batna,1
Lh'nn,1
Bruges - Belgium,1
Somewhere Near The River,1
Grand Line :P,1
Somewhere near Moscow,1
Office,1
Hot hot Florida,1
always one step ahead of you,1
California doot doot,1
ドイツ ♥,1
V.N.Gaia/Porto/Portugal,1
ilocos norte philippines,1
Canada/Quebec,1
NYC!,1
Under there.,1
Nor-Cal,1
Somewhere in the middle of a forsaken desert,1
Revolving Doors.,1
bogotá,1
OAZ,1
The Buncker,1
Lara,1
في منزلي ~,1
TX 75207,1
piemonte,1
ATLATIS,1
Newzealand otago,1
Burnsville,1
Sk,1
Otaku-land! ^_^,1
Kalapuyan land,1
Sofia. Bulgaria,1
Gold Crown Town,1
Tachira,1
Futuristic past,1
Poland Silesia,1
Oklaho,1
Weapon Meister Academy,1
Safranbolu / Bermuda,1
Strykowo City,1
pula,1
Bräkne Hoby,1
Sucktown aka sacramento,1
Not telling! >:(,1
Worldwide - Everywhere,1
Solomon Islands,1
corn so much corn,1
Russia/Saint-Petersbourg/Wow,1
N e w * Y o r k,1
Harlan Kentucky,1
Rusko,1
Nowhere to be Found,1
Your mom (oooooh),1
Fangirling over Hetalia,1
florence,1
Brazil (:,1
Bridgeport,1
Turkey :D,1
Pforzheim,1
Steel City,1
constancia portugal,1
Kraków/ Poland,1
Vratsa,1
Stary Sącz,1
Incognito,1
I fart in your general direction,1
Burton,1
13340 California Street Omaha NE,1
N.9,1
Łódź Poland,1
Ga.,1
Olangpo City,1
oni island,1
Big Tit's Feed&Seed Clinic (Formerly Chuck's),1
Alta Loma,1
My Psychosis,1
Ikebukuro :),1
SW,1
Portugal Lisbon,1
Your local taco bell,1
st. Petersburg,1
Maroochydore BC QLD Australia,1
AZ 85280,1
nc greensboro,1
unberlandia,1
almelo,1
what is this place...?,1
Rhône,1
26 -,1
ur mother's house,1
Québec (Sorel-Tracy),1
CONUS,1
Herzliya,1
34,1
somwhere in california,1
Mahbola,1
belem,1
Bydgoszcz - Fordon,1
Erzincan,1
Somewhere in Grand Line,1
Copenhagen/Denmark,1
Vangalucia,1
benghazi libya,1
none of ur bis,1
SP. Brasil!,1
ne yep im cool like that,1
Japan - Kanagawa-ken,1
Boston!,1
Aba,1
~Believe~MD,1
apetown,1
In a suburb outside Toronto,1
NLA (Mira),1
Skull Fortress,1
Buenos Aires. Argentina,1
under your bed watching you,1
Colima,1
tunis ; tunisia,1
noweretown,1
Knurów,1
europe/united kingdom,1
red deer alberta,1
♪٩(✿′ᗜ‵✿)۶♪,1
Turkey/Balıkesir,1
IDF,1
pomorze,1
Ciudad Del México,1
The Friggin' Jungle 'n S*@#!,1
Ordu/Ünye,1
kouvola,1
Trance City,1
>.>,1
seattle wa,1
THE SHORE,1
Closer than you think,1
Moratuwa. Sri Lanka.,1
KahramanMaraş,1
РОССИЯ МАТУШКА,1
sabya,1
◕ ‿‿ ◕,1
Warsaw in Poland,1
tortola b.v.i,1
The Information Superhighway,1
Fiore Kingdom,1
Earth:\Asia\K.S.A\Dammam,1
MTL,1
Where am I? Even I don't know.,1
Canada (:,1
TEH BATCAVE!,1
looking threw your manga,1
Everywhere but nowhere,1
resembool,1
the swamps,1
Salem. Massachusetts,1
bishonen land,1
kay?? :3,1
Bydgoszcz/Świecie/Drzycim,1
jeedah,1
Одинцово =),1
Docklands,1
highway to hell,1
ugniewo,1
Severus Snape Bedroom,1
Poooland :3,1
Betwixt here and there,1
Poland! Oliwa representative,1
Sabadell (Barcelona) - Spain,1
Fotaleza,1
Bukit Merah,1
i dont want to say.,1
A paralell universe,1
Popayan,1
somewhere in deep space,1
627,1
Around the corrner!,1
Carpathian,1
Johnson City Tennessee,1
ur mom,1
Utah Valley University,1
Gus-Crystal,1
The place no one returns from,1
[Winterfell],1
student,1
slowly... What do you see?,1
Serbia ♪,1
U know =D,1
PHilippines,1
chicago.illinois,1
who knows....,1
melb,1
XIII Region,1
Out in the stars.,1
Chile || ~~In the purple rain~~ ||,1
Over There!! ^^ *points*,1
Magic City,1
どっか,1
Poland/Łorsou,1
Belgium/Poland,1
censorship & sanctions,1
Schiedam,1
..None of your fucking businnes : ],1
rock land,1
Abu Dhabi/Philippines,1
Riyadh - Saudi Arabia,1
Blida,1
Lalalaland,1
Somewhere between somewhere and somewhere,1
(⁄ ⁄•⁄ω⁄•⁄ ⁄),1
myanmar,1
大豆、大和,1
Infinite network of space,1
Denizli/TURKEY,1
Karakura Town (XD),1
A place~,1
Limeira / SP,1
Brazil ~ :3,1
Celldömölk,1
stalker.,1
Ryiadh,1
star to the left,1
Караганда (Казахстан),1
Currently living in Norway but im from Taiwan^^,1
"in the other world where only ""I EXIST""",1
Green Valley,1
Poland ~,1
Stuck between a Rock and a Hard Place,1
Jo'burg,1
Olofstorp,1
Tawau,1
Nippon is the dream,1
Krete,1
in front of my laptop reading manga,1
ƞeṿeɾℓɐɲ∂,1
N.E. Pennsylvania,1
Nógrád megye,1
Somwehere in my own little world,1
under my toilet,1
Somewhere in Colorado,1
Москоу Сити,1
Nadur,1
aalten,1
Hidden in the abyss.,1
Republika ng Pilipinas,1
536,1
Town of Tamsworth,1
Одесса,1
Hub City,1
Rydułtown,1
in my bed... cant sleep...,1
Hiding under your bed? Of course not.,1
dark hour,1
TO/PTBO,1
your pants (kumquat),1
Gargantia,1
In Nevada who's from South Korea,1
Yaoi IsLand,1
satelit4e (?),1
Humble Texas,1
lancing,1
штат Татарстан,1
Eorza,1
Quezon City/Caloocan City,1
ESPAÑA,1
825,1
どこに雨が降る♥,1
Longmont Colorado,1
That's a secret,1
Saudi,1
Battleship Hyperion,1
Turin - Italy,1
Where Ya Don't Need Ta Be,1
the Twilight Zone,1
astral plane,1
Portmore,1
Nottingham UK,1
B-c,1
Shithole called Belgrade...in Serbia,1
Phantomhive Mansion,1
Never land,1
Fuyuki City,1
with......... who cares,1
Next door,1
White Base Passenger,1
Maracay,1
UAE AD,1
Ukraine/Kharkov,1
Bregenz,1
Ank,1
The motherfreaking moon.,1
49319,1
Coleraine Londonderry,1
Alamosa Colorado,1
normandie,1
Atlantic...NC,1
brighton uk,1
under your bed j/k,1
Dubi,1
Brodnica,1
gdańsk,1
Carlo~,1
Awesomeland,1
I only exist in your imagination.,1
with my cute Koreans,1
Polandu,1
NOWHERE,1
Bulgaria .....,1
Międzyświeć,1
post nuclear shelter,1
Oława,1
Omsk. Russia,1
Killua Land,1
Austria/NÖ,1
Piešťany,1
In My Dreams Ruling The World :),1
Pezinok,1
China Town,1
My Party Dungeon (Basement),1
city of rain/Germany,1
tripoly,1
Alba-Iulia,1
Westerville Ohio,1
ユタ,1
Floating around aarin,1
scottsdale az,1
Poland ;),1
هناك :p,1
A litterbox,1
Great state of TEXAS.,1
Turkey - Denizli / Egypt - 6 October,1
Saint Petersburg .,1
In the flesh,1
Minsknek,1
Kamp-Lintfort (Germany),1
Far far away ;),1
Gutamala,1
Somewhere ;),1
Healesville,1
Delano California,1
Up your butt and around the corner.,1
Minas Gerais - BR,1
MS AGH,1
Bosna & Hercegovina,1
117a77402571e5d143a528d9eda34ef3,1
Stockolm,1
Kambodia,1
boo,1
Terra da Banana,1
Infront of the my Cpmputer,1
Ume&aring;,1
Torturus,1
Germany...U.S. ARMY,1
ORB,1
Almost at Neptune,1
Villas de Ayarco,1
Livny,1
With Nami,1
prawie Lublin xD,1
Bridlington,1
chandigarh,1
Somewhere In America,1
Podhale,1
goodgame,1
Landis,1
wishing it were somewhere happy,1
Cape Town South Africa,1
Argentina ♥,1
Doko? Humm I’m lost :3,1
Meanwhile somewhere in England,1
Forte da Casa,1
kerela,1
Dust Pile,1
Another Guldove,1
Huánuco,1
Labirynth of Amala - fifth Kalpa,1
Kunkletown,1
Death-City,1
In a bottle of hairspray,1
Pennsylvania >3>,1
City of the students,1
Poland/German,1
Gdansk/Sopot,1
Littlegirland,1
Dressrosa,1
Zdzieszowice,1
at the end of the black rode,1
Lubań,1
land of bishie~~,1
Makchachkala,1
.:†:. Yume .:†:.,1
In Ecstasy,1
Modugno (BA),1
Cebu PHILs.,1
Szabolcs-Szatmár-Bereg,1
In the clouds,1
H9,1
In The Skyline,1
Les Sombres Fôrets,1
( ◕ ‿‿ ◕ ),1
Saint-peterburg,1
Between an amp and my pickups,1
Ile de Françe,1
doncaster,1
Patelnia,1
s.f. bay. ca,1
uae-dubai,1
Wonderland..,1
Portland OR,1
City of Somewhere,1
in the parallel world,1
コロラド,1
M&eacute;xico City,1
Bay Area - California,1
West-Vlaanderen,1
Locked in the cage,1
Vancouver Burnaby Canada,1
calafornia san hose,1
Russia / St.-Petersburg,1
A bit here and there,1
148,1
In my house...,1
Western Aussie,1
3760 Plainfield Avenue,1
Queen New York,1
Germany - Ruhrgebiet,1
The Madness Field,1
gabrovo,1
purmerend,1
Finland / Kotka,1
Brasil!,1
Alt-F4,1
lebanon tennessee,1
IchigoLand,1
Poland Grójec,1
in the middle of smoke!,1
australia blackheath nsw,1
COFFEYVILLE,1
Pszów,1
Kuala Lumpur.,1
Greece!,1
Pakkred,1
Huntington Beach California Jalisco Guadalajara M,1
In an attractive lady's bosom because faith is for,1
Itanhaém,1
MS - CG,1
The Bay,1
Pavlograd,1
France / Canada,1
Brazil - Goiania,1
IL 61101,1
Slaviansk,1
World unknown,1
Cebu City + Hell,1
Bellingham,1
天の川 (The Milky Way),1
Singapore - Marsiling,1
Kamogawa Gym,1
vientiane,1
Pattani,1
Zárate,1
Sunny Socal,1
74938,1
a breeze near the ocean,1
Yuzhno-Sakhalinsk,1
Vado del Paso,1
A padded room.,1
Somewhere I guess,1
Meerlo,1
Mindoro,1
Gogolin,1
Where one can not be found,1
Nearyou,1
rajasthan,1
El-stal,1
>:P,1
Minnesota........,1
Republic Missouri,1
Spacestation .. BIFRÖST,1
England/ Czech Republic,1
"/applications/""Google Chrome""",1
Baiersdorf,1
space the final frontier!,1
Hvidovre,1
Чувашия,1
Besto Place,1
Illusionary World,1
somewhere cold -.-'',1
Dun Morogh,1
Negombo,1
Memphis TN,1
Sweden/norway,1
ハハ,1
Itaqui RS,1
Ameville,1
DUWANG CITY,1
Under a Bridge,1
Behind you 0.o,1
Federacion,1
V.A,1
gotham,1
Bay Area!,1
my house :3,1
Everett Washington,1
random closet :D,1
Cro's Nest,1
♥♥Fate's Futon♥♥,1
Getafe,1
The Neth's,1
New-Zapolyarnyy city,1
Svishtov/Shumen/Sofia (Bulgaria),1
Deep in the wood...,1
The Final Frontier,1
in Chaos,1
Scarlet Mansion ~,1
Warsaw.,1
Bolesławiec/Polska,1
At your side,1
Salisbury UK,1
Connecticut 6010,1
United Emirates of Orb,1
Republic of,1
Ophie Reinia,1
Californdere~,1
solna,1
Not Telling You,1
Russia? Moscow,1
Horjul,1
Under your shirt >),1
Central Hyrule,1
Space and Time?,1
Here!!! (-_-*),1
Middle East !!!!!!,1
Next To My Dragon~,1
The Holy Empire of Britannia,1
Nevsky district,1
Mäntyharju City,1
O-ca/Wroclaw,1
Bilzen,1
west indies Barbados,1
lol where am i?,1
Universe 343,1
The 3rd Dimension,1
arezzo,1
hz,1
Tarnowskie Góry :D:D,1
Some where in the middle of nowhere...more like a,1
"-o-""",1
under my bed,1
as if,1
ayylmao,1
Delmenhorst,1
Uy,1
chicago IL,1
MI // USA,1
the intertubes,1
high,1
Bastia,1
Украина. Харьков,1
Your sock.,1
Żagań / Zielona Góra,1
Acapulco,1
Vzla.,1
Orleans France,1
Meeamii,1
Far Far Away :),1
Gdańsk :D,1
baton rouge,1
CV/España,1
I come from god knows where.&,1
Inside A Bento Box,1
Guarulhos.,1
Waiting 4 sum1 2 join me in bed!!!,1
queens,1
The bakery,1
and darkness,1
Norvrandt,1
Vidalia Georgia,1
727,1
Tokyo japan,1
M.L. Hotel Tower Ltd,1
Czech repablick,1
우리 은하.,1
Far Refuge,1
Z/L-São Mateus-São Paulo-SP,1
Tomobiki,1
Kozy,1
Na hEireann,1
fasd,1
but kinda far,1
Chubut,1
In a world of my own...,1
In the tatami galaxy.,1
The Place that cannot be.,1
my computer chair=),1
River of solitude,1
Warsawa,1
ulaanbaatar,1
Unknown~,1
北海道、日本,1
Faery Land,1
Unit 82 Riverview,1
Sestri Levante - Genoa - Italy,1
Central CA,1
moms house,1
Allensville in Pennsylvania,1
southport,1
East Canada,1
101 Acre Woods,1
Jylland - Denmark,1
Middlesex,1
Bastion,1
Copenhagen ;},1
Scotland Dundee,1
Porto Alegre RS - Brasil,1
Ryouko's Bed~,1
Brasil ~~ America,1
Watford,1
Eide,1
Powell Tennessee,1
Bathory Tower,1
stalker? O.O,1
Kecskemét-Szeged,1
Deadman Wonderland,1
dans l'Univers,1
90210,1
Fatti miei ù.u,1
Sterlitamak,1
Predeal,1
Konin/Galway,1
Nizhni Novgorod,1
Nonyabiznez,1
You will never know :P,1
YOUR HOUSE,1
residing in the Kingdom of Fiore,1
lodz,1
St.Gallen,1
Ebenried,1
Bora-Bora,1
West Mids. UK.,1
Rize,1
Poland-Rawicz/Scotland-Perth,1
Moscow MO,1
Goiânia-GO,1
Prefectura de Gifu,1
stealing your anime! xD,1
Tokyo (Lie),1
Leuda,1
Mmm...panties...,1
if you come *gunshot noise*,1
This World,1
Location: Location:,1
Nevasa,1
somewhere deep underground,1
In Other World that no one knows...,1
Herten,1
fareham,1
Laos,1
rustavi,1
and that's all you're getting!,1
Coxim - MS,1
Unlimited Blade Works,1
Middle-of-Nowhere,1
vancouver BC,1
Kaiba Land,1
ADDNGLT,1
Roomness,1
In Earth,1
Los Angelos,1
Astral Observatory,1
ILL,1
Miami beach Florida,1
I travel around the world and the universe ^O^~,1
South Carolinda,1
Czewa,1
In dark place...,1
In my home x3,1
Ya mum.,1
Vienna /sometimes China,1
NY 11204,1
Uruguay - #4845,1
I,1
neo tokyo,1
The fire country,1
Ohio),1
Some place in the world,1
Legazpi City,1
George Town,1
Clio South Carolina,1
somewhere in ur mind,1
In my restless dreams.,1
Canada. Ontario,1
Windsor Canada,1
Under your bed :D,1
Zadnico,1
napoli italia,1
Atrás de você...,1
Angel City,1
white salmon washinton,1
Behind You!!,1
Lake Forest,1
Holland - -',1
Lux,1
Belait,1
On earth.,1
Toronto ON,1
194,1
Under your panties!!,1
The 2D world!,1
Clube da Esquina nº 2,1
Always,1
自分の世界にいる。,1
istanbul/turkey,1
Don't Talk to strangers o-o,1
Córdoba argentina,1
Sowhere lost in France,1
Australia/ China,1
Philippines ^^,1
~♫♥♪ eating pudding on anna's lap,1
Naxxar Malta,1
Flori-duh,1
directionally challenged,1
Okinawa japan,1
Buchloe,1
pathankot,1
Edo. Mexico,1
Moon Kingdom,1
hee ho,1
Tatsumi Port Island :3,1
w-ch ^^,1
States of Weirdness,1
Poland / Jaworzno,1
Eu,1
Sopotnia Mała,1
Bruges,1
Brum,1
in here,1
Méxco,1
in the bed of an undertaker xD,1
Falkland Islands,1
Garden of Dreams,1
Campo Grande - MS,1
273,1
playing basketball with Kuroko,1
123,1
Your mind ;),1
En La Mansion Phantomhive,1
Now and Forever,1
CSHS,1
Dazzling The Stage~,1
Underneath ya blankets,1
Here there everywhere,1
Palace under the sea ~ Belgium,1
Pool-chan,1
Shin Sekai,1
Side 2,1
Lexington SC,1
Death's door,1
In a dark cave,1
Taking a nap~ on my soft sofa! :3,1
Konoha...I wish.,1
Russia? Novorossiisk,1
shikaly,1
United Kingdom -Cornwall,1
rustburg va,1
Oregon =p,1
Pontianak,1
tucson arizona,1
IDK???,1
Marília,1
Only In Your Dreams,1
sofa,1
STALKER QUESTION,1
Polska/W-wa,1
Nizniy Novgorod,1
Deutschland || Germany || ドイツ,1
bakery~,1
This one place ^_^ !!!,1
Iwakuni,1
In Your Pocket,1
underneath your bed,1
colarado,1
RS Brasil,1
A place next to that other place.,1
ᴘᴏʀᴛᴜɢᴀʟ,1
New Jersey :P,1
Germany...not london,1
mexico mo,1
Salento,1
831,1
LEsko,1
I Forget,1
Chiapas,1
Somewhere in space,1
and everywhere,1
Video Game Capital Of The World,1
NJ 07030,1
Plainfield New Jersey,1
Somewhere In The Universe,1
At My HoOome,1
東京、日,1
A tua Mãe,1
Anime World!!!!,1
SCALING YOUR WALLS,1
Australie,1
Recklinghausen,1
Vilar Pinheiro,1
dang we text each other a lot,1
buens aires,1
In the Wonderland of hell.,1
★NYC★,1
Asticus,1
Bendigo Vic,1
Eritowkndkvnosd,1
Beside the Red Sea....,1
Minasota,1
Bahia - BRASIL,1
the village hidden in the waffles,1
Kalmar City,1
Ohio & Louisiana,1
Krakow/Vienna,1
Planet Strawberry :P,1
Etelä-Pohjanmaa,1
Nova Odessa,1
Lithuaniai Siauliai,1
In Your Room; Eatin' Yo Chipz,1
What a Glorious Place,1
nova Scotia,1
Virgia,1
Costa Nova,1
Arizonia,1
FunkyTown,1
Rich Du,1
Poland/Kraków,1
Hov. Denmark,1
Namimori),1
mostly here,1
annaba,1
CA. 92562,1
BN,1
In a Dungeon .. far away,1
3rd Bed From Th,1
h&oslash;nefoss i en kjeller,1
Netherlands // Utrecht,1
KL one of the city that never sleep.,1
oooooooooo,1
Cali-for-ny-yay!,1
Land of anime.,1
Cooltiviert,1
Latina,1
Velten (near Berlin),1
Skype,1
Biella,1
Los Angels,1
the road to fuck knows where,1
Indeterminate,1
pensacola,1
sleeping somewhere,1
NippOn ~> ♥,1
Colina,1
NL - Marknesse / PL - Pabianice,1
The hidden village in the leaves.,1
Grave,1
Just,1
the panda~ that lives in your closet :3,1
Shioshinshio,1
Camaiore,1
Land Below the wind~,1
the land of aus ^.^,1
Lovely Island,1
Enjoy your lie (i mean life),1
Wonderland :),1
331389,1
ChibiSushi island .,1
Somewhere Over the Rainbow!!^-^,1
Somewhere Quiet,1
ಥ﹏ಥ,1
Almaty Kazakhstan,1
'Murika,1
wonderland(:,1
Un Known,1
KSA-QSM,1
In a Potter world.,1
Polska koszalin,1
Pn,1
sharq,1
Eastwood NC,1
Nightmare Theatre,1
532,1
West coast,1
In yo house.,1
Imotski,1
Kilkenny Ireland,1
Impel Down (alias Montevideo) D:,1
Boca Raton FL.,1
Neuschwabenland,1
город Ижевск,1
USA (mid-south),1
Tacna - Perú,1
Bandung / Indonesia,1
The midwest.,1
Ireland :))),1
34 Broadway Lane hollywood.,1
Under the covers where I belong T~T,1
Curitiba - Brasil,1
on the EARTH,1
Ineteior-SP,1
Bielsko-Biała Poland,1
Home =),1
My DollHouse,1
Aleksandrov,1
Rekrevi,1
that's all you need to know.,1
Alberta Edmonton,1
Manama,1
cheap handbags,1
At the Gates of Midian,1
Vacouver BC,1
Archena,1
Düsseldorf NRW,1
the place where wishes come true,1
Улаанбаатар,1
second hand lapie,1
Kangaroo-land,1
Santa Monica Los Angeles California,1
Calcutta,1
IN MY LIFE OF GLORY,1
Russia Saint-P,1
Fur Fighter Village,1
Iranshahr,1
Southern Wisconsin,1
My chair,1
ｃｈｉｃａｇｏ,1
Братск,1
R.c,1
TX 77338,1
Bavaria (Bayern),1
Klg,1
sindh,1
Suomus,1
Allison Park-Pennsylvania,1
Banten (Near Jakarta),1
Inside the Dream,1
Davenort. [Quad Cities.],1
your mama,1
Airanto,1
In My Head,1
On the roof,1
Williamtspears.,1
Zukaika,1
HeaVEn On EaRtH,1
Palstine,1
somewere over the rainbows,1
Denmark ; Copenhagen,1
- probably there -,1
sorocaba-sao paulo,1
Russkina,1
Kisielewo,1
iloilo philippines,1
Brasil. [Fim do Mundo],1
i hope,1
Hinamizawa! x],1
Alajuela C.R,1
in the sky messin with the clouds,1
Somewhere under the sky,1
Vienna :D,1
the second worst state in the US... NY,1
Anthony's Bed.,1
En un lugar de Mexico,1
504,1
Ryuuseiga. :D,1
Melbourne.,1
nvm not tellin cuz i luv mi life,1
NORTH CARLOINA,1
Connecitcut,1
Over the Rainbow<33,1
animenia,1
Springburn in teh Glasgow,1
IL 60013,1
At a strip club,1
Piotrków Tryb,1
casa/Maroc,1
Lódź,1
a certain nordic country,1
At an expo,1
My Dreams - Mexico,1
DC/Baltimore,1
Iceland.,1
Damp basement,1
NeverEverLand,1
An area near a location.,1
United Kingdom London,1
ponzań,1
In a world that ended...,1
Philippines (+63),1
Pb,1
La Gias,1
Costa Ric,1
Hulumale',1
Land of the Dutch,1
Iwaki,1
borneo island,1
Оренбург,1
Cagayan de Oro Philippines,1
New zealand,1
stockton,1
Newport News VA,1
Contagem,1
ON.,1
In the clouds amongst the other dreamers...,1
new zealans,1
Anywhere Far Away,1
Planeta Earth Sun Moon Love,1
The Milky Way ★ミ,1
In a battle,1
The Crimson World (England :P),1
near a cat. chocolate or tea,1
Baghdad_Iraq,1
Bizerta,1
Undernet,1
Knox Tn,1
FL 33431,1
Anthens.,1
New Hampshire.,1
kami sekai,1
Poland),1
Nothern Mass,1
ALabama,1
Tápióság,1
Sassari,1
NY 10011,1
Where U want 2 Be the Most,1
Goiania goias,1
Petit Patelain,1
QUETE,1
Under Your Mom's Bed.,1
bein' his Plushie :3,1
not telling you...,1
MA 02025,1
Tucson/Arizona,1
SaudiArabia - Dammam,1
Hodgenville,1
Hogwarts!,1
UAE..^^,1
L O N D O N ♥,1
Lugo,1
U A E,1
436,1
Hiding in Italys bathroom XD,1
Otaku World ^o^,1
Roseburg Oregon,1
derrière l’écran du pc,1
Saudi Arabia-jeddah,1
hj,1
Wandering aimlessly,1
Tucson AZ,1
1/2 b/t Hueco Mundo and Fillers,1
Nouvelle-Calédonie,1
Somewhereville,1
Huntingdon Uk,1
Outside your window.... O-O i know what your doing,1
Under the Bridge,1
Palla di pelo.,1
End of Evangelion :p,1
Liotto,1
Redzikowo,1
Cophenhagen,1
Boden,1
Chania,1
south east side,1
starrrrs!,1
NSW 2229,1
San Dimas,1
Cyber World,1
hurst,1
Bloop,1
Aizawl Mizoram India,1
Coffin,1
Biribidjan,1
Close to Vancouver,1
Five blocks from the beach ;D,1
World of Hip-Hop,1
where am i frcikgijng,1
In the basement.,1
Data Drain,1
Pouso Alegre,1
Szczytna,1
floating around,1
"13th Hierarchical City ""Kagutsuchi""",1
Western australia,1
Radolfzell-Germany,1
The winds,1
United state,1
I'm not telling you that,1
Wash,1
purr,1
It's a Secret O.O,1
471,1
Redwood City CA,1
V&auml;nn&auml;s Sweden,1
ur mom's house,1
Hating Will Ferrell and his hairy chest,1
Little Red Dot,1
hos marcus,1
"NYAH! ^o^""",1
Udmurtia,1
Auburn,1
jewjssie,1
In Hell,1
Beyoğlu,1
It's a secret to everybody,1
Seoul South Korea,1
In my room most likely,1
samsun ankara izmir turkey,1
0811,1
PARAINEN,1
Copehagen,1
AZ 85003,1
Norcal,1
elsingore,1
Russia.Ulan-Ude,1
Canada USA,1
Bountiful Utah,1
Mother Base,1
In an animated universe in the kanto region,1
KSA : Jubail Industrial City,1
Behind the Mist~,1
antipolo city,1
Im my home...^^,1
Golconda,1
sask,1
Томили?,1
Ilha Terceira,1
joder que caro esta el,1
Saint - Peterburg,1
wildomar,1
ネット上,1
The WiFi box,1
Eksmarka,1
Kyoto ~ [ Darkness \],1
Tsukuba. Japan,1
timisoara Romania,1
Georgia 31318,1
gelderland,1
Currently riding a pineapple around the moon,1
hednesford staffordshire,1
In anime world,1
no meu pc,1
Beyond the night sky,1
fucking NERD anime faggot message board,1
In your bed waiting for you. ^////^,1
ulan bator,1
flavors.me/guillerjo,1
taking cum on my ass,1
existence,1
Area 31,1
anilist,1
Minneosta,1
Thessaloniki.Greece,1
concepcion,1
ninjaworld,1
England Southampton,1
sanggau,1
6Oywb,1
FeelsDankMan,1
Diet Solution Review,1
the twilight zone....,1
Russian Vladivostok,1
Some where in this planet I hope,1
Detroit MI,1
Massachuchu~,1
FN,1
In PA :),1
Inside A Wardrobe,1
The World that never was,1
Rio Grande do Sul - POA,1
Republic of Adygea,1
Limbo Pennsylvania,1
"""never knows best""",1
next to you O.o,1
Litsa?,1
Twin Peaks,1
Lost in Victoria... Again,1
Kamloops,1
Coldest crater on Mars,1
Russia. Khabarovsk City,1
or was it Sweden,1
Patterson La,1
If you were good stocker you would know.,1
Armagh,1
Your Mom's bed,1
Glass City,1
Pipidołek Mały,1
six feet under my rock,1
Le Havre France,1
ashford,1
不思議な町,1
Here Not there,1
Georgia 30528,1
Noida,1
Terrorist State of America,1
stuck between two time wrap 0_0,1
look under your bed...;),1
sanantonio,1
saudiarabia - dammam,1
Notre Dame,1
Cannock UK,1
new hamsher,1
Norf Carolina,1
Poland > Łomazy,1
ITADAKIMASU!,1
the north pole,1
trapped,1
YEET,1
maplewood,1
In your pants. 8D,1
La Pampa,1
Evergreen,1
tumblr,1
Russia Balashiha,1
somewhere playing kingdom hearts,1
Europoor,1
crackhouse,1
Tampa Fl,1
My location is none of you stalker's business.,1
My room~,1
Hurpdurp,1
eŁdEzEt,1
Earth ♪,1
Cachoeirinha,1
a place at Earth,1
Somewhere over the Rainbow~,1
Донецк,1
Stockton,1
Fairy tail madoshida,1
Norway-Trondheim,1
Rio de Janeiro/Basil,1
Mabase City,1
near to Swiss =),1
No love,1
.::Kamakura::.,1
Underdark,1
You wish you knew,1
Under that squeaky floor board in your bathroom &,1
Some where in Anime Heaven,1
Singapore :P,1
Twin Cities,1
hi-mi-tsu~,1
Nyaa. ♥ =^~^=,1
Bunschoten,1
Palamacosta,1
My very lovely room,1
Poland .,1
Banglades Chittagong,1
mrągowo,1
None of your bussness!,1
Michigain,1
andalucia,1
Basse Normandie,1
Blue Mountain,1
~ Deep in the Darkest Blue ~,1
Birmingham/Poznań,1
Fractale System,1
Kraków/Radomsko/Poland,1
Sun,1
A backyard,1
somewhere in the world,1
Molfetta Italy,1
Jedlnia - Letnisko,1
Japan :),1
Karczew,1
Stará Ľubovňa,1
In the sky xD,1
In ur dreams,1
Denmark/Hungary,1
BEHIND YOU!!!,1
Somewhere your not,1
これは！,1
Albergen,1
Tallahassee FL,1
dead in hell,1
Orange Park Forida,1
Spangdahlem,1
Riyadh ．☆ ．。．,1
canada (Quebec),1
Tamaulipas.,1
Elgin SC,1
en el infierno,1
Burnaby,1
Ohio.,1
Norman,1
... you will never know.,1
Japan :3,1
!behind you,1
Jerusalem. Israel,1
Cuiab&aacute;-MT,1
West River's ♥,1
Aomori,1
Planet Gunsmoke,1
In an island o'er yonder.,1
Kujawsko-Pomorskie,1
I only exist in the subspace highway,1
blegium,1
Cracow/Rytro,1
Under a silver colored sky,1
A.Z.,1
uhm,1
mongolia ulaanbaatar,1
http://www.watchgy.net,1
Unites States,1
Where ever life takes me.,1
arkansasa,1
Kuwait / 7awaLi,1
Some were in deep dark africa,1
Mexicalpan de las tunas,1
DEATH CITY,1
Best Korea,1
somewhere in france,1
Colombia :D,1
Ukraine Sweet Dreams,1
Guess yourself lol,1
Sosnoiwec,1
Feiring,1
a house,1
Chandler AZ,1
::1,1
Ciudad Neurótica,1
A White Padded Cell~,1
Louisville KY,1
arkasas,1
morayfield,1
Pokémon World,1
. . .,1
Yaoiland,1
near water usa,1
geneve,1
Deutschalnd,1
Mom's attic,1
From internet..,1
Netherlands ;),1
K.S.A/Jeddah,1
Bom Jesus - Rio de Janeiro - Brasil,1
Lakeland Florida,1
Some place,1
black,1
North Carolian,1
at the Lake of Constance,1
Ålesund,1
CSUS,1
CA~,1
Somewhere magical o.o,1
casatenovo,1
Somewhere over or possibly under the rainbow,1
Polska Suwałki,1
...hee hee.,1
Malysia,1
in love anime,1
in a cloud,1
BIKINI BOTTOM,1
cultural wasteland!,1
Sur su cama,1
Bahia Blanca Argentina,1
Warren Michigan,1
New Haven,1
In The future that I see,1
Santa Cruz do Sul,1
São José dos Campos,1
Californi,1
Canada !,1
and lovin' it.,1
Drezna,1
Aargau,1
brooklyn ny,1
Under the covers with Holo!,1
Yekaterinburg. Russian Federation.,1
derby,1
russian moscow,1
wherever i want to,1
airzona,1
alanta georgia,1
san leandro california,1
It rarely rains enough these days Florida,1
Paisley,1
House->Chair->Computer,1
Lithuania/Kedainiai,1
GMT+8,1
Rivain,1
in the figment of your imagination,1
a boring place,1
Russia/world citizen,1
Rochelle Tx,1
Where am I gain?,1
Kinnula,1
yuri world,1
the travel...I loves it.,1
Brunssum,1
citrus heights california,1
Arkansas 72523,1
ypsilanti,1
Valley of the wind,1
up in the air,1
Saint Lily Gakuen,1
The jungle,1
782022,1
Polsza,1
2D,1
Snowy Heavens,1
In a tiny English village where nothing interestin,1
Киев (Kyiv),1
Brasil(Brazil),1
Germany/RLP,1
with nine inch nails ★,1
Hogtown,1
great britain) europe,1
The School of the Undefeated of the East!!,1
{ D.Heart Of A . Far Far Away,1
chelyaninsk,1
novaliches.philippines,1
189,1
A Nearby Carl's Jr.,1
St Lily Gakuen,1
... why should I tell you?,1
Literature Club (Now SOS Brigade headquarters),1
Calirfornia,1
San Sebastian,1
Dudley,1
Everyvhere und Novhere,1
varna bulgaria,1
Poland koziegłowy,1
In the corner with a razor blade,1
Chihuahua!,1
Punto Fijo Venezuela,1
Россия; Великий Новгород,1
new tokyo-3,1
Soudi Arabia - Jazan,1
Pekalongan,1
No idea,1
Tampico,1
Lol Land,1
Trinida and Tobago,1
trapped inside my own little world...,1
Hentai Land,1
Aseer,1
So Sunny Country,1
sankt-peterburg,1
Kėdainiai,1
ikebukuro :3 (Israel~ the same thing T__T ),1
Tenjin Shōgakkō,1
Aryentain,1
California 95935,1
Rio de Janeiro u-u,1
761,1
KSA/Riyadh,1
Łódź.,1
Shcholkovo,1
Outer Continent,1
Polska / Bielsko-Biała,1
Something Near yet so Far,1
META-World,1
gdynia/rumia,1
MUĞLA,1
677,1
Somewhere alone and sad,1
Mysłowice (Poland),1
Subspace,1
South East,1
Inside that bag Grimmer carries around,1
in the endless void called life,1
Hentai,1
Twilight Zone,1
Valley 1 sucat paranaque,1
The samar-samar island,1
UT 84085,1
Обшаровка,1
Land of vodka-drinking bears with balalaikas,1
Vl,1
Sardinia.,1
myrtle point oregon,1
E.D.N III,1
Asenovgrad,1
Newfoundland & Labrador,1
montreal Qc,1
F*ckyeahLand,1
Eifel / Germany,1
bastard land,1
Deleware,1
Hatesville,1
Northeast,1
with Serge,1
philadelphia pa,1
in over my head,1
Overschie,1
Just west of weird,1
Trelleborg,1
Somewhere on this earth,1
Perù,1
Cergy,1
Anime Islands,1
Sao Paulo -Brazil,1
Ansterdam,1
Europe > Poland > Zgorzelec,1
kahit saan..,1
42290,1
out of coverage,1
Terengganu,1
The 4th Avenue Café,1
Engels.Russia,1
Colorado springs,1
fiore,1
hey,1
tbilisi georgia,1
New Orleans/Baton Rouge,1
Keski-Suomi,1
Acidland,1
Da Nang,1
Wonder Underground~,1
mato grosso do sul,1
Wit's End,1
Alternate Netherworld,1
Mogi das Cruzes - SP,1
Yaoi paradise,1
Russia (actual: unknown),1
Dreamland >_,1
Niedersachsen Emsland Haren,1
Harkish Hark,1
Edo Mex,1
Belton missouri,1
Рассия,1
46217,1
Shugo Chara Land,1
Dixie,1
Polska(Gostynin),1
C h i l e,1
РБ,1
with Takato(King),1
Western Samar Philipp,1
Ofaqim,1
nsw sydney,1
A rock that floats,1
In This World,1
Natsume hyuuga's heart,1
Ribeirão Preto - Brasil,1
Brasil/Rj,1
Harrisburg PA,1
Kaków,1
仙境;,1
Parana Brasil,1
Plng.,1
Zhytomir,1
Novomoskovsk,1
Osca,1
selangor malaysia,1
idfk man it varies,1
Aurora CO,1
South Australia.,1
City of Salt,1
Foosha Village,1
Riyadh- Capital of boredom,1
Walker,1
RJ __ Brasil,1
los angelas,1
Minas Gerais.,1
Sona-Nyl,1
heart in paradise,1
Sterling Heights Michigan,1
Fahr Outpost,1
Underground :O,1
olongapo city,1
Hokkaido Japan,1
Тула-Липецк,1
Maputo,1
England. :3,1
Philippines :D,1
In Exile,1
another universe,1
alerbamer,1
Veliko Turnovo(Great Turnovo),1
Cologne - NRW - Germany,1
GH,1
Merry Ol' England,1
Tarvasjoki,1
Bodegraven,1
Alabasta,1
Eindhoven NL,1
North Israel,1
Denmark > Jyderup,1
Your Mom's Room,1
BŁN,1
Isla De Muerta,1
Doom City,1
rider war world,1
金沢市,1
The Accelerated World =0,1
In the closet,1
Between the Moon and the Sun,1
Ghetto,1
Snow Town,1
sønderjylland,1
Deep inside your heart~,1
lugoj,1
nearby,1
In a dream or is it reality..,1
Mandaluyong,1
szkoła,1
Denver colorado,1
Saving Ouka-neesama,1
Somewhere in a anime,1
Stand Alone Complex,1
Makailand,1
. . . .,1
If I told you it wouldn't help you find me.,1
alsace,1
The Grid,1
B,1
shj,1
kstovo,1
Saudia Arabia - Jeddah,1
watching you sleep :l,1
Uta-Cagliari,1
Somewhere in Louisiana,1
:'D cookie jar,1
Rondonia,1
Edinburg,1
São Paulo/Amparo,1
Pft.,1
San Angelo Texas,1
I don't really know...,1
In the midst of chaos,1
The Contry Of Conte Alucard,1
Murland,1
In Mike Dixs head,1
Brazil - RJ - Petrópolis,1
Where the earth meets the sky...,1
UT :),1
˘͈ᵕ˘͈,1
Frankston,1
Cba Arg,1
どこだろう,1
Eye of a storm,1
Małopolskie,1
Tharsis Montes,1
///To where you are///,1
Some bunker....,1
batu caves,1
juggalo city,1
Finland-China border,1
here and now,1
Abyss :3,1
Infinite Abyss,1
Szczecin/Kraków,1
Milky-way..,1
some quadrant of hell probably,1
Valpaços,1
Land of Fountains,1
Neo Venezia ↔ Madrid,1
Lublin/Krakow,1
948454,1
Vysočina,1
Nun your buis,1
bromley,1
Sweden -The forest,1
UP YO AZZ,1
ice hell,1
Cross academy.,1
Japan!!! One day...,1
Altamerth,1
niedersachsen?,1
earth canada winnipeg,1
Destiny Islands.,1
Indonseia,1
Here *points on the map*,1
Dungannon/Konin,1
Somewhere in mars..,1
Damp dark and gloomy cave like room....,1
disitu langit ku junjung,1
Chocolate cheesecake wonderland,1
Bridgeport ct,1
Таллинн,1
Ur Face,1
Mónaco,1
Animeland,1
NEw york,1
Guze,1
The bridge between earth and the sky,1
Middle of the earth,1
Bottom of the Earth,1
Under your bed MUWAHAHAHHAHAHA-cough- -cough-,1
peensylvania,1
the messiest room around here,1
Nowy Sącz.,1
nibylandia,1
Duel Academy,1
why you whant to know?,1
milpitas CA,1
Maroc,1
Conneicut,1
I like to sleep on laptops that are left open.,1
On a ship in space,1
huh? (ಠ_ಠ),1
http://myanimelist.net/animelist/ImAweeeweeeu,1
ŁDZ,1
himitsu :3,1
186 Fleet Street,1
Marburg,1
land of the mighty polar bears.,1
Царицынъ,1
Yr mom XDDDD,1
Somewhere out there~,1
Talsi,1
Saint-Petersberg,1
Archer Village,1
Fantasy World.,1
http://www.otswatches.com,1
please send help,1
Moving across the ocean,1
Riverview Florida,1
Iserlohn Fortress,1
403,1
Enkhuizen,1
~A world where dreams come true~,1
Where inside is up...,1
I live in Good Morning!,1
up there,1
:/ :/,1
?stanbul,1
Mimmesota,1
t�rkiye,1
473,1
希望ヶ峰,1
Somewhere off the coast of NeverNeverLand,1
far rockaway,1
Omagh,1
Westland. Michigan,1
Apulia,1
On a mountain,1
Romania noooooooooooooT^T,1
519,1
Hillsboro Oregon,1
Jackson GA 30622,1
nothing and nowhere,1
In Gods Waiting Room D,1
Convict Island,1
MI USA,1
Bandeirantes - PR/Brasil,1
SP - Brazil,1
Al ryadh,1
Stellendam,1
city cavite,1
ここにいるよう。。,1
Olaine,1
candy mountian,1
Kobylin,1
Aussie Aussie Aussie,1
Sao Paulo - BRASIL,1
Japan (I Wish),1
world of 12,1
Kurri kurri NSW,1
besides you,1
Varma,1
Somewhere in Mexico xD,1
Canada/Montreal,1
Portugaland,1
Al-riyadh,1
Russia. Katya-burg,1
lala land XD,1
Hoenn,1
Cheese,1
Talking Island,1
Gorod Tul'pa,1
Lost in the South.,1
in your tv... always watching,1
Rimini - Italy,1
Świnoujście,1
Białaczów,1
poophole,1
Btg,1
Mexico/London,1
"""Behind you"" haHAA",1
UNATCO?,1
Wak-wak..,1
Rio de Janeiro - BRASIL,1
Siołkowice Stare/Opole,1
Awesome Town,1
potatoville,1
Far edges of the galaxy.,1
Vilnius/Mažeikiai (Lithuania),1
D&uuml;sseldorf,1
Gerogia,1
saf,1
Yorozuya Curry-Chan,1
Under the blue sky,1
Jessilvania,1
macedoina,1
north miami,1
In England,1
Guelph,1
ЯUSIAИ,1
Rieseburg,1
AnimeA,1
Limeira - São Paulo (Brazil),1
woj.podlaskie,1
Обнинск,1
In front of my computer >w<,1
At my desk,1
barcelos,1
Saudi Arabia‎‏,1
Bydgoszcz / Fordon Powah,1
Mazury,1
-- Right Behind You! --,1
Dolgoprudnyy,1
Csanytelek,1
Ircutsk,1
Saku,1
SP-Brazil,1
209009,1
Nothing Ville,1
SCL,1
Wandering around the euphoric of my imagination.,1
Germany ;),1
La Habana,1
Monza,1
NAHATINO,1
Kisaran,1
Schwarzwald Republic,1
Pucela city,1
Mariehamn,1
with Misa-chan,1
S.C.L.A!,1
kanpur,1
Cascavel - PR,1
Litvinov,1
o3o,1
Sooke,1
On Earth~,1
Beverly Glen (City of LA),1
phiippines,1
Wisconsin / Illinois,1
In a really big and nice box,1
IN A WORLD.,1
Ormskirk,1
Bulgaria :],1
Schlei,1
In the sky.,1
Kazan city,1
go stalk some 1 eals,1
Punk Hazard,1
Novovolynsk,1
behind you and in your dreams,1
maui,1
borlänge,1
Российская Федера?,1
Kingdom Saudi Arabia,1
San Francisco sounds quite lovely,1
Chita,1
Binningup,1
philippines manila,1
This Computer,1
Svearike,1
Myslowice,1
Mato Grosso do Sul - BR,1
The Planet Earth,1
BOMBAY,1
Wormhole,1
Burried under a pile of snow in B.C.,1
I don't think so stalker,1
washinton,1
Heaven or Hell depending on how you look at it,1
In another time zone,1
the best place in the world,1
Monrovia CA,1
kinsoku jikō desu,1
Omsk city,1
Paderne,1
Turkey Eskisehir,1
In exile,1
Macon Georgia,1
FAKKU!!,1
Tenneesse,1
right where you are....,1
State of Jefferson,1
123457,1
Hollandia~!,1
Stahlburg,1
A world filled with rainbows and unicorns ~,1
Кировоград,1
Orre Region,1
US/Canada,1
Sjöbo,1
Poland~.,1
LAtvia Ogre,1
Mexique,1
south jersey,1
Svergie,1
kingdom hearts,1
Presov,1
South dakota,1
Ｎａｍｉｍｏｒｉ,1
Thailand.,1
Your Kitchen,1
radom,1
Brigadoon,1
Szczecin .,1
Rio - Brazil,1
snu snu land,1
Stokholm,1
nueva vizcaya,1
Wonderland; where caterpillars use hookahs.,1
belgrade,1
Me? Gongaga,1
somewhere in the California desert...,1
taziek city,1
Netherlanfs,1
in BishiesLand =),1
Kremenchug,1
Water 7,1
Uzuki Town,1
Kansas...,1
in the depths of hell,1
Tenn.,1
At home...? -.-'',1
Blue Sphere,1
#8839,1
Brazil - PE,1
Narara Valley,1
Siena,1
Downtown Coolsville,1
707,1
Under your bed >_>....,1
In love's emotic arms,1
SoMD,1
crackfornia,1
kazakhstan.,1
Ballangen,1
Lazytown,1
Lubomia/Poland,1
Emirates,1
Hartford VT,1
cagayan de oro city,1
Cerulean City,1
The alps,1
C. Ronaldo's bulge-statue island (Portugal),1
In my favorite place :D,1
Buraydah,1
Kamloops B.C,1
Moscow. RF,1
Iargara,1
ac7d2a1e62221a38316585d33f1255e9,1
Halinów,1
Sweden-Stockholm,1
Орск,1
Donezk,1
Gisbourne,1
plana holy,1
u.p.,1
Calgary AB. Canada,1
EKB,1
fce257d195b199620cfaa5b739c9a8f4,1
Canada => Quebec => Lac St-Jean,1
florda,1
Brveyan releinstan!!,1
Somewhere. :3,1
All day in the BAY!,1
Somewhere Lost in the Virtual World,1
Norway/Bergen,1
Bhubaneswar,1
gower missouri,1
the ass crack of oregon,1
Behind u,1
In A World ..That I Created ...♥ x,1
Argentine,1
dremalanddd.,1
Newcastle.,1
North American Continent,1
UR,1
forever,1
Hyogo,1
2310,1
Texas C:,1
Village hidden in omgwtfbbq,1
Linz; Austria,1
Johor Bahru,1
Yuri Land,1
America buffalo ny,1
yet nowhere.,1
Sandomierz,1
wonderland!!!!,1
Cali-Colombia,1
Łęczna,1
Buhangin DAvao CitY,1
look in your closet...,1
beer-sheva,1
Arizona (Oro Valley),1
757,1
my bed,1
Namimori Middle School,1
Low Earth Orbit,1
sAtana,1
Děčín Czech republic,1
aalborg,1
Banlieau 13,1
Union of Solar Energy and Free Nations,1
Telling,1
WNC,1
clermont,1
No idea.,1
In your pants ^0^,1
Vienna / Austria,1
Henderson NV,1
Illinoiis,1
Zangarmarsh,1
GLiwice,1
Wijk aan Zee,1
Far Away ~,1
Rumelange,1
Kerelia,1
Texas/United States,1
in a house.,1
Babylon 5,1
Krasnodon,1
Friulia Venezia Giulia,1
г. Нижний Новгород,1
Europe...all you need to know right now!,1
Gemany,1
Fucking Russia,1
Melbourne♥,1
Somewhere down south in Australia,1
Hi-mi-tsu~ :D,1
Phillippiines,1
[insert something clever],1
Califórnia,1
el monte,1
Ponishkolandia,1
Charqueadas|RS|Brazil,1
the planetarium,1
Vargön,1
eroupe/london,1
Espana,1
KSA -Al-riyadh,1
Hiding~~ :D :D,1
casa,1
Location... Location.... Location...,1
In a cardboard box.,1
Iraq_Mosul,1
lattakia-syria,1
Columbus Ohio,1
ウクライナ,1
Kurikka,1
Let me check my map...........,1
それは秘密です。,1
Yuba City,1
A ditch,1
Germany Straubing,1
Żabnica/ Poland,1
Mission Viejo,1
In a certain fantasy world,1
Orgrimar,1
MisakixUsami's bedroom >_,1
Tbilisi;Georgia.,1
Fairyland :3,1
toilet,1
Los Angeles/California,1
panties,1
ne wyork,1
Banten Village,1
tehas,1
France - Correze,1
SMC,1
Hoofddorp,1
weston.super.mare,1
Townsville Queensland,1
not telling soz,1
Skopje Macedonia,1
away from existence,1
Peeking at neighbors wife,1
O?wi?cim,1
United States Of Japan,1
Queens Nyc,1
harrow london,1
Wageningen,1
Otakara-Island,1
between thought and reality,1
Bangkok Thailand,1
Eutopia,1
Somewhere in the globe,1
Porto Alegre Rio Grande do Sul,1
San Rafael Bulacan,1
Victoria Somewhere,1
Lecce,1
Somewhere in Noord-Brabant,1
Santa Barbara d Oeste,1
Ialomita,1
Kalamazoo College,1
jagdalpur,1
Guarulhos - São Paulo,1
936,1
balt. Maryland,1
texes,1
lima - PERU,1
Silwsia,1
Stockton-On-Tees England,1
nijmegen,1
Llama Land,1
✿◕ ‿ ◕✿,1
The 1100 year old Kingdom,1
landover,1
You probably wouldn't know ~,1
Headington,1
KSA -Al riyadh,1
Windhoek,1
coldfoot alaska,1
Бобруйск,1
its a secret,1
San Pepe's Burgo!!! :DD,1
anime heaven,1
Travnik,1
Donji Picudo,1
noord-holland,1
País Vasco,1
DPR,1
Kalush,1
Stalowa Wola (poland),1
The Real North of Germany,1
Chelyabinsk Region,1
My house O:,1
where the polar bears are,1
east coast ☆,1
brazil mg,1
San Luis,1
USA & PR,1
Московская обл.,1
straight down in t,1
United Arab Emirate,1
Navarra,1
zachodnio-pomorskie,1
Balıkesir,1
YouDontWannaKnow xD!,1
giraite kaunas,1
Россия Санкт-Петербург,1
Mouscron belgium,1
Palatinate,1
Turkey-Bursa,1
Minas Gerais/Brasil,1
Wouldn't YOU! like to know..,1
Saint Peterburg,1
Fairyland.,1
"""Ohblawahwah.""",1
South-Ouest,1
makai,1
parma ohio,1
-210LAND-,1
Nas Almas de Reais Otakus e Otomes (Como Annacolou,1
banghze,1
Alice In Wobleland,1
somewere in the world,1
The doll's house,1
Lost in the Void,1
Rape land *.*,1
A step behind you,1
11opium11 ;-),1
In the corner of my world,1
Holland/Poland,1
Putte,1
rockford illinois,1
Vladevostok,1
The Hellsing Organization,1
Edwards Air Force Base C.A.,1
I live in India : ),1
Росcия,1
Summer(and sometimes winter)Hangz,1
somewhere eating ramen.,1
Somewhere...over the rainbow...,1
C A L I F O R N I A,1
Esclavolles Lurey,1
Planet of marcor,1
in the land of pizza and pasta al pesto,1
Stellarheim,1
Idaho USA,1
wherever i may roam,1
My InterNest,1
cali colombia,1
niflheim,1
edmonton alberta,1
THE GREATEST COUNTRY ON EARTH,1
Karlstad Sweden,1
We$t C0a$t,1
renji's lap,1
USA Eastern Coast,1
Thornhill,1
Recently moved to Telford UK :),1
Backwater Europe,1
Riding a Wave of Manga and Doujinshi,1
londonium,1
A very hot place.,1
corona ca,1
italia firenze,1
Vasterbotten Sweden,1
La-la Land,1
New delhi,1
recycle bin,1
Ocean Grove,1
In your attic,1
on your dick,1
In my imagination,1
Sydnay,1
Pando : O,1
São Paulo BR,1
Yer mum,1
At death's rust ol' gate,1
Valencia (España),1
Catanzaro,1
The end of the world (Chile),1
Złocieniec Polska,1
On the moon.,1
Tampere. Finland,1
philippnes,1
In your worst nightmare and laughing,1
My closet,1
Hawai'ian Island,1
地球。,1
八ツ原,1
K u w a i t,1
Duisburg Germany,1
torre das trevas,1
4th dimension ;],1
Sofia (BG),1
Planet Popstar,1
Chino Hills,1
Olkusz.,1
／人◕ ‿‿ ◕人＼﻿,1
Maryland (Balto),1
7th Heaven,1
vilnius. lithuania,1
Yecaterinburg,1
This place in my head,1
Ngatea New Zealand,1
✧ﾟ･:* Shibuya *:･ﾟ✧,1
Birdsboro. PA,1
From the new world,1
Kanchanaburi,1
Mexico =),1
Shamballa,1
box under the bridge ♥,1
Санкт Петербург,1
Somewhere on Earth. :),1
fa la la land,1
Wasington DC,1
Chinpo city,1
Bąków,1
Lisieux,1
Nitra Slovakia,1
stalking you,1
Jellyland,1
Subang Jaya Selangor,1
snohomish,1
St.Petersburg. Russia,1
Grodzisk Maz.,1
Kalifas,1
dotn need 2 know tht,1
Rovno,1
ipswich ma,1
Saudi Arabia \ Jeddah,1
Where The Fans And Haters Are,1
Lost in Life,1
Rio Gallegos - Argentina,1
Bonheiden,1
Immer den Wolken hinterher ❤,1
4chan,1
St Louis Mo ... Or your Face. :D,1
MAlaysia,1
Northern New Jersey,1
RIGHT BEHIND YOU!!!,1
Space between spaces.,1
Random Access Memories,1
Coclé,1
Poland (Kraków),1
Wildernes,1
Swag Central,1
Over the rainbow LOL jk,1
Irl hell,1
55 meadow drive Schuylkill Haven PA 17972,1
Maple Ridge B.C. Canada,1
Inamerica,1
Golestan,1
Kuruta Land,1
Uberaba - MG - Brazil,1
Campo Grande - MS - Brazil,1
Catania-Bologna,1
Saint P.,1
secret :3,1
Internment Zone,1
Chapecó Santa catarina,1
Somewhere on Earth. (maybe),1
Republic of Sakha Yakutia,1
OSLO Norway,1
Califournia,1
Florida miami,1
|Doha-Qatar,1
Somewhere FBI might or might not catch me.,1
mission viejo california,1
In imagination land :P,1
Osasco - SP - Brasil,1
When nothing goes right...just go left ! x),1
On a Pirate ship,1
Va.,1
Tu i tam :),1
Leeds.,1
Grajewo/Podlaskie,1
Sodom,1
Russia SPb,1
womb,1
Lindesberg,1
431163,1
Andradina,1
304,1
Zarqa,1
Kepler 22-b,1
Under The Mugetsu Sky,1
BLACK.FOREST,1
World:),1
Globe,1
Brasil ¬¬',1
Usagi-San's bed,1
Local Disk C:,1
Nikopol,1
cumbria,1
zdzieszowice. Poland,1
My Spaceship,1
Not from Zagreb,1
Sand village,1
Zamboanga Peninsula,1
yo!,1
Planet Krig-7B,1
In the Abyss,1
Under the cherry blossoms,1
Leon (Spain),1
zaragotham spain,1
Posadas,1
St. James,1
MoscoW,1
Edo - Nihon,1
watching anime,1
おとぎの国,1
None of ur Business,1
Polska xd,1
Malveira,1
Umtapeteninja (No lado de cima),1
USA for now,1
Amesutorisu,1
The Great Northwest,1
Jewish Autonomous Region,1
Under yo bed!,1
Kyushu,1
Pekanbaru Indonesia,1
It's always sunny in Philadelphia,1
Buda,1
NYC / PGH / SC Piedmont,1
Cleveland ulen,1
The Black Moon,1
Hazerswoude,1
NeverMind,1
Your imagination.,1
willadelphia,1
Nashville Tennessee,1
Guadeloupe,1
in the sky~,1
terre rouge,1
manila Philippines,1
Perkele,1
/653907360810,1
east palo alto cailfornia,1
take a guess bub,1
Queen Creek,1
Miyako-shi,1
Oxford England,1
185,1
Vraca,1
https://www.youtube.com/channel/UCn-X0RTN38dUjQyLT,1
With my cows,1
In a burning ring off fire!,1
Zettai Ryōiki,1
AUSTRIA,1
ZH,1
Crystania,1
That Tiny Red Dot in the Wrld Map,1
Flandreau South Dakota,1
186,1
In the space between spaces.,1
Maringá-PR,1
Hadera,1
poitiers,1
Wall Maria,1
Nobody needs 2 Know,1
Schlaraffenland | UTC-4,1
stalker.........,1
yNuGY,1
kk.thailand,1
↓,1
Countryside,1
Sao roque - sp,1
Ashford Gakuen,1
tokyo high school,1
食べ物がある場所,1
The Heaven's Night,1
SLO county,1
Burgas / Bulgaria,1
nuevo leon Mexico,1
Krasnodar region,1
manila philpipines,1
In orbit around Sol,1
Australia New South Wales,1
Brazil RJ,1
Sieradz/Wrocław,1
Valley Of Sinners,1
Icathia,1
Japan : ),1
Pavlodar,1
Riyadh - K.S.A,1
Malang Soukai,1
The Satellite of Love,1
Stomp stomp I've arrived,1
Chilito,1
portsmouth/ new hampshire,1
▇▇▇▇ ▇▇▇▇▇▇▇,1
Labrador,1
Dumpsters,1
Asian Paradise,1
Lost somewhere,1
The Island,1
netherlands breda,1
483102,1
Russia Х_х,1
montville,1
Bytom PL,1
Merrimack NH 03224,1
InLaLaLand,1
Riffa,1
South Attleboro,1
In your Computer stealing your files,1
eugene oregon,1
UK/Netherlands,1
West Yorkshire UK geo:alt=120,1
São luis - Ma,1
#6851,1
VR China,1
ughhhh..............West New York,1
Los Teques,1
In Bishi land!,1
Playing me some DotA.,1
rrrrrrrrrrrrr,1
Chelyaba,1
genk,1
Přerov,1
Pokeball,1
İzmir / Narlıdere,1
=^_^=,1
plottin' yer demize,1
Uktaine,1
I don't wanna live on this planet anymore,1
BC V5C 3T4,1
NOLA,1
Beach 8),1
Armação dos Búzios,1
Right There,1
Stuck in the dryer with the other sock,1
Viradouro,1
Norge (Norway for you gaijins),1
Bytów,1
Zwickau,1
Corneria,1
Vegas.,1
australia ♪,1
Helmond Holland,1
スペイン,1
The west,1
Paterson,1
Albany (soon to be Kennesaw) Georgia,1
999,1
Pensacola Florida,1
hidden bases and shiz....,1
~~Life is just a dream~~,1
O'Fallon Missouri,1
Wonderland....igloo,1
somewhere near São Paulo,1
~ /\.ht { deny all; },1
Buzios,1
France ; Bouches du rhones,1
bergen,1
R i y a d h ♥,1
In a Galaxy far far away,1
konoha village,1
Hovedstaden,1
Enosville,1
New Zealand!!,1
South Lyon,1
天空の庭,1
韓国のソウル❤,1
London... but I would rather be,1
ru.Msc,1
somewhere in GA,1
Cinisello Balsamo - Milano - Italy,1
Inner sanctum,1
Fake empire...,1
kaas,1
Under Construction,1
Khaenri'ah,1
Nis BRE!,1
Trobogy,1
Moaña (Pontevedra),1
O____o? is that something u need to know.,1
The US dont worry bout it :),1
Area 52,1
A place.. ¬_¬,1
PhilippineS,1
Seven World,1
OK 73717,1
in the forest,1
PG,1
Miskatonic University,1
I'm out there,1
Lučenec,1
Skirt's Castle,1
Sydney & Singapore,1
somewhere along the way,1
Illionois,1
9e74fa24a351e6d81de7c2562903bbf3,1
bishounens sanctuary,1
Wherever the wind blows me,1
Under your matress.,1
Why should I tell you?,1
Somewhere you wouldn't want to know.,1
The Emerald of Equator,1
Loneliness,1
منتديات مكسات,1
Pehnelandia,1
Morioh,1
Richland Hills Texas,1
Mikołow,1
Varaždin,1
Gensyoko,1
Moreno valley California,1
Kabuki-Chou,1
Primorska,1
Michigan and DC,1
Neath,1
Székelyudvarhely,1
craiova,1
Burlington VT,1
Running around looking for my pantsu.,1
Moreton,1
In my office,1
00000,1
vajdaság,1
Somewhere In This weird world ~ !,1
^o^ ask me^.^,1
serang,1
Noosaville,1
Canada / Québec,1
Pen Island,1
POA-BRASIL,1
Hungyary Budapest,1
Fiorre,1
I'm with Hanazawa Kana :D,1
yes try and look o.o,1
kerava,1
La la land.,1
South Africa Gauteng,1
allen,1
somewhere ò_ò',1
SloveniA,1
094,1
Emperor's Heart,1
west shit new york,1
Sao Paulo - Brasil,1
S�o Paulo,1
Sastamala,1
Megalo-Mesembria,1
salifornia,1
Un monde à la fois belle et impitoyable.,1
The Netherlands ¬¬'',1
Stockholm \o/,1
breda,1
Lindloh,1
Orsk,1
Penampang,1
Rj,1
South Carolina 29836,1
Российская Федерация,1
Shibusen ♥,1
Between Heaven And Hell,1
Ariquemes,1
The newly opened gates of the deepest pit of hell.,1
dog vill XD,1
Rio grande do sul-brasil,1
ddebc5fd70a86ec5406d0a63598027ed,1
Ebes,1
Wings are given to fly,1
USAnus,1
Mostaganem,1
far far away in Lalaland,1
La rioja,1
Alexandroupolis,1
Phantom Realm,1
The Frozen North,1
São Carlos,1
Brasil - Paraná,1
Békéscsaba,1
Симферополь,1
"Behind 19"" CRT",1
south surra,1
ceara,1
Icarus,1
Elizabeth NJ,1
Canley Vale,1
9062,1
Jevnaker Norway,1
123 Eagle S,1
feeding majormalfunction \o/,1
Yee,1
In your dreams. (;,1
Ｎ Ｙ Ｃ,1
United States/ idaho/ boise,1
or maybe inside it,1
A Secret Hollow.,1
Europe/Belarus/Baranovichy,1
9th circle of Hell,1
maybe... in your heart? >w,1
asis,1
tatum tx,1
127.0.0.0/8,1
Philly/Jersey,1
Пермь^^,1
In your closet with a laptop.,1
Tu Mama casa,1
IN 46218,1
A blonde girl haunting your dreams :3,1
Sound Horizon Kingdom,1
kypseli,1
A small secluded village deep in the forest,1
ČR,1
Nova Andradina - MS.,1
Under your bed with a laptop,1
barry,1
Thorn,1
Marion,1
in the middle of nowhere.,1
The land below the wind,1
Poland - Legnica,1
Kimle,1
liepaja,1
In rainbow unicorn land,1
GT,1
nowhere :3,1
oxford OH,1
MK - São Paulo,1
Neuss,1
beckton,1
Paraná.,1
Araguari/MG - Brasil,1
L O V E L A N D,1
gold coast,1
Dresano (MI) Italy,1
Rossiya,1
Czech republick,1
İstanbul/ Beyoğlu,1
The Madhouse on Madison,1
Östergötland,1
Havířov,1
Taiwan & South Africa,1
IDC and you don't wanna know,1
Stealing your vital regions >.>,1
best place on earth,1
Stuffing World,1
Broken Sky,1
Earth ^__^,1
Ukraine. Odessa,1
Bahrain - Isa Town,1
Beckton,1
Lazo,1
WORLD OF OTAKU,1
Niuu Yooku,1
i rather not tell,1
shepparton,1
Yugakure no sato.,1
Ceará-Fortaleza,1
Muharraqe,1
Brzeszcze,1
Fl 32566,1
Under the same sky,1
space time europe,1
Racibórz,1
Pennsylvania USA,1
Україна,1
not important,1
Laputa,1
places.,1
ANN ARBOR MICHAGAN 48184-3418,1
Pallet town,1
Michigan + Iowa,1
MSK kingdom,1
Dolomite Alabama,1
not where u live!,1
Romania:x,1
Afterlife School,1
Find it yourself,1
North-Rhine-Westfalia,1
067e534eb62d029f885106cecd3037a7,1
Loki Server.,1
You Don't Know,1
668,1
Lac du Bonnet,1
Ahem.,1
麒麟 タウン Kirin Town,1
The 3rd outermost Planet from the Sun,1
pure darkness,1
Lubomia,1
Deep Ocean ~,1
Belarus/Minsk,1
Wonderland ~ ♥,1
M.c.,1
Winnipeg MB,1
yes,1
Finland :o,1
Lolicon Hell,1
ON P0P 0P0,1
denver,1
Sicklerville New Jersey,1
MS - Brasil,1
La~La Land,1
Greenwood Village (EBF:5),1
New york state :),1
Germany Dortmund,1
discworld,1
Zsaka,1
Seine Saint Denis,1
Wielsbeke,1
Imaginary world,1
Sister's room,1
in her arms,1
Somewhere in New Jersey ;),1
En el teatro Sólo para locos,1
Nest of Geese,1
Florida U.S.,1
Dreamland.,1
IN THE DATABASE,1
Cat Island,1
Honulu,1
Новосибирская облас,1
conneaut ohio,1
618,1
Roraima,1
EgypT,1
Sheol,1
Szczawnik/Trzciana,1
Östhammar,1
LDS,1
c springs,1
At the dining room table.,1
The Mysterious Land of Toronto Canada,1
Brasil - Minas Gerais,1
Sopa de Macaco,1
全て遠き理想郷,1
Uberlândia Brazil,1
HAHA YOU'LL NEVER FIND ME!,1
Hunedoara.Romania,1
Kobiernice / Kraków,1
542,1
Exo Planet,1
Masara Town,1
Somewhere in Earth =),1
ლ(ಠ益ಠლ NO,1
Narnia :3,1
Rakuninmura,1
Drogheda,1
pORTUGAL,1
Västsverige,1
in a stadium with rokawa,1
Fucking Kansas,1
Serres,1
Sweden Varberg,1
*under ur blanket*,1
São Luis,1
Czad,1
ysa,1
México D.f,1
Caldas da Rainha,1
Stellis,1
everywhere!,1
gtg,1
Hermit-ing,1
BEHIND YOU,1
私はアドレスを持つている?,1
Mafia Land,1
Indi,1
Nebraska 68154,1
N.S.W,1
Somewhere on the East Coast~ XP,1
stockholm sweden,1
Kauguri,1
Anywhere my imagination is able to reach,1
Ont. Canada,1
chattanooga,1
I've lost track,1
in some locked room,1
Hell on toast,1
A gauche,1
Binh Duong,1
Anime just doesn't interest me anymore,1
DE 19970,1
Central Indiana,1
/bin,1
2PM dorm,1
a;lskefjsdl,1
No.VA,1
Karkoma,1
Sweet Chaos,1
Rembertów,1
Hiding in Luke's bed,1
Vicente Lopez,1
Jamestown Virginia,1
El Dorado,1
Yamamakaka,1
𓁎ᐰ𓁎,1
Traverse City MI,1
Kawaii - sity xD,1
Angel's Garrison,1
Kanto region,1
a secret base in Canada,1
CHINA,1
Southfield Michigan,1
Academy of Jedi,1
halifax nova scotia,1
Croatua,1
With a homeless Power Ranger,1
Izaya's Pants~~ ;DD,1
Bosque Petalia,1
Ph/Tacloban,1
Norge- Haugesund,1
Komsomolsk-on-Amur,1
by publix,1
In the world of Games and Anime,1
In Your Nightmares Baby ;],1
Bob Hope's Diner,1
quilicura chile,1
Wonderland. New York,1
Manhome,1
wrocK,1
oss,1
Kubikukuri,1
1 AU,1
Saratoga Spring,1
MD USA,1
MKE,1
Tokyo/New York,1
Dawag Mountain Reserve,1
Hanging from the Ceiling,1
with me girl,1
watching u. waiting.,1
Rostov-on Don,1
Ar,1
location...,1
the dirty south,1
Portugal ;3,1
Ruso,1
Hindås,1
beyond the gate,1
Sul,1
The other Shibuya,1
FL 32566,1
Белово,1
Gilowice,1
SE USA,1
joão pessoa,1
Britain!~,1
Konstanynów Łódzki,1
A nice place,1
RUS,1
THA,1
Bat Cave,1
MOON,1
Kobe,1
Mantartica,1
Liss,1
jawa tengah,1
homer glen il,1
lodi,1
Registro Sao paulo,1
Pato Branco,1
Lexington. Kentucky,1
I AM NOT DISPLAYING THAT 2 THE PUBLIC sry guys ♥,1
according to quantum mechanics I am everywhere as,1
U.,1
Łaziska G.,1
Iindonesia,1
Grieskirchen/ Austria,1
Harbor City,1
.75 metres away from a VAIO Sony laptop monitor,1
neet cave,1
east tennessee (nobody lives here),1
PQP,1
Riga. Latvija,1
in tokyo's converse land :3 (doesnt exist by the w,1
Philadelphia Pa,1
Voronez,1
Redlands,1
Sterlitamack,1
saudi arabiah,1
الدمااااااام,1
This Is Classified :p,1
Right smack dab in the middle of the good 'Ole USA,1
Punpunia,1
from MY Wonderland :p,1
Maybe...,1
in a hut...,1
Uk Scotland,1
Zenica,1
2次元世界,1
...being a perve!! PORN! :D,1
Banana Republic Brazil,1
japaaan.,1
minastirity,1
Chmel,1
aussie land,1
Maze Mountain,1
Can't let you know. :},1
Forested areas,1
A n t o f a g a s t a,1
OVER THE DOUBLE RAINBOW.,1
Shingapooru,1
The boring part of Texas,1
use a gps,1
Out-there,1
Hatiouji Tokyo Japan,1
BEHIND YOU!!!!!!!,1
Trapped in reality,1
Goszcz,1
bro.,1
Rhodesia~,1
Shiojiri,1
Topeka Ks,1
Wallachia,1
In front of my computer screen.,1
CFInc. Studios Office,1
where the hell am I !?,1
272,1
On the railroad tracks,1
shefflied,1
Tranås,1
on your computer screen,1
Centras,1
santarém,1
lagos,1
Just traveling in my car searching for free wi-fi,1
none of ur business stalker,1
North Of Nowhere,1
Near the sea...~,1
Atlantic City,1
Sunny Floridaaaa!,1
Roeselare,1
Cracovia,1
Uzghorod,1
Bishounen world : D,1
Toruń i Poznań,1
FL 33181 USA,1
Σ,1
NY 11235,1
Massachusets,1
Landannn,1
lynwood california,1
with my asexual children,1
The Intrawebs,1
happyfaceland,1
Faketown,1
In my Snuggie,1
\,1
Germany/Düsseldorf,1
Hradec Králové,1
In the deepest part of Hell!,1
Hellevoetsluis,1
Ratatata,1
Traversing the Dimensions,1
Canada (currently in Tokyo),1
Malahovka,1
Fallon,1
WA. Australia,1
Em casa,1
Rukon District,1
christchurch nz,1
Claymore World,1
Zaporiggya,1
Sterling Heights,1
Mementos,1
Orlová-Lutyně,1
Your backyard :),1
B-ville,1
Landvetter,1
pte o sable mauritius,1
Rawa Maz.,1
An's Bedroom,1
Lake Tahoe CA,1
Shitty Philippines,1
athens nikaia,1
Brunei-Muara,1
El Monte/ROSEMEAD,1
S.S,1
Swansea/Blackpool Uk,1
zoidberg is my favorite anime character,1
Dreamland Avenue,1
angeles city,1
Greater Poland,1
Mazovia,1
Sderot,1
Kremlin-Bicêtre,1
no-man land,1
austaralia darwin,1
Italy (milaan),1
Lisbon -> Sintra -> Belas.,1
amazon rainforest,1
Neither Here Nor There.,1
|||||||||||||||||||,1
Asylum,1
United Europe,1
Stalkerville,1
~Wonderland~,1
Hagen by Bremen,1
000 feet in the air and climbing,1
poznań,1
Lj,1
Louveira SP,1
Australia NSW,1
Wrocła,1
Galati (RO),1
pt,1
Somewhere ~,1
Madina :p,1
日本音楽の世界。,1
Manor House of Phantomhive,1
Your Brain,1
Ryazan/Perm,1
In space =_=,1
São Paulo -n,1
Rainbow Kingdom,1
Pernambuco / BR,1
"""EE-ARTH""",1
Somewhere Over The RAiNBOW :),1
Scotland UK,1
maharastra,1
Whoknows,1
Saudia arabia - Riyadh,1
São Paulo - SP/ Brasil,1
Riau Province,1
Uulaanbaatar,1
Climax,1
Goraland,1
Saint-Petersubg,1
Olszewnica,1
AUSTRALIAAAAA,1
tg-jiu,1
winter garden,1
Capiz,1
Colarado,1
Elvis Wonderland XD,1
Where Brooklyn at?,1
Santa Rosa CA,1
Shifting,1
watching you sleep,1
Newcastle-upon-Tyne,1
Lages,1
In your pants :),1
Over Cloud Nine.,1
chuuu~,1
UTAH,1
ThunderBay Ontario,1
Россия Новокузнецк,1
Ys,1
Dark Room,1
In ur bowl... eatin ur ramen,1
070,1
Internet Connection Hell,1
Tyne and Wear,1
Wandering,1
kukaj,1
In your mind niahahahah,1
Welington,1
Balneário Camboriú / SC,1
Somewhere on the planet :P,1
Melbourne xD,1
a cop?,1
Poznań.,1
selangor. malaysia,1
Aus:),1
일하러 가야 돼,1
GA 30023 USA,1
٩꒰*´◒`*꒱۶,1
In my happy place :D,1
NYC. New York,1
心の民主人民共和国,1
WA 98848-1074,1
Brazil :3,1
Pudin?,1
???????,1
Iowa dreamin',1
entre rios,1
?????????????????????????????????,1
( ͡~ ͜ʖ ͡°),1
ewaz,1
Gulf Breeze,1
живу в кук?,1
In the Land of Ooo,1
England and sometimes Spain.,1
St.- Petersburg,1
TX 76140,1
Unlimited,1
Nuvema Town,1
г.Н?,1
45,1
HomE,1
Realm of Darkness,1
MI.,1
A territory cold as ice,1
mizu no machi - Neo Venezia,1
Metro,1
kluang johor malaysia,1
Millenium Castle Brunestud,1
Does it matters?,1
Toikiyo,1
WB,1
Italy milan,1
Left Coast,1
.USA,1
•.•,1
Wanderlust,1
brazil-rio de janeiro,1
amonst the dead.,1
Purdue University,1
If online: Beside my laptop or another computer,1
gothenburg,1
Germany/Thuringia,1
Singapore :D . Mars,1
In the home,1
Bite me if ya wanna know,1
At the end of the rainbow,1
nayarit,1
Neko Avenue,1
Atanta GA,1
Metro Manila - Quezon City,1
yaoi world,1
My home,1
☮,1
"Italy ""Naples""",1
Vlaams Brabant,1
Connect,1
cloud 8⅔,1
Ōsaka,1
somewhere north to Berlin^^,1
Chestnut Hill,1
Cherkassy,1
France ♥,1
Lithuania/United Kingdom,1
goolwa,1
mors,1
Twin Cities :PPP,1
DC-2,1
by my eyes neglected.,1
Someplace [:,1
In Konoha's Vilige,1
Где то в Лен. области,1
Tilburg,1
Masschusetts,1
Luigepesa,1
My Fantasy World BD,1
Lelytown,1
Washinton D.C,1
Perth A.U,1
Joshua Texas,1
Midan,1
Vitrolles,1
yamagata,1
Somewhere west of hell...,1
Bebop,1
Napa California,1
Nowhere to be seen,1
iraq-basrah,1
pirajuí,1
The Russian Federation,1
The dark side of the Moon,1
England Wiltshire,1
Elfen Village,1
In Xerxes Break's pants,1
879,1
The Land of the Rising Moe,1
遥か彼方,1
Signal Mountain Tennessee,1
My Ro0om,1
Spain/Russia,1
sudi,1
Somewhere USA,1
650 Bay Area!!!,1
carlow,1
Searching for my other half < / 3,1
The Southern Tribes in the valley of Unpredictable,1
Insecure room,1
Salvador-BA,1
Den Haaf,1
bulgaria 🏡,1
Riding Unicorn Around The World,1
Yvelines (78),1
cookies,1
Shioshishio,1
United States of Murica,1
Sarov,1
Mumbai India,1
uncanny valley,1
Weeb Wurld,1
Fairview,1
Penarth,1
maroc . fes,1
My desk :),1
Rapture city,1
Ulsan,1
Federative Republic of Brazil,1
┐(￣ー￣)┌,1
port lavaca,1
484,1
Karton,1
wondalando,1
Youshkar-Ola,1
ankara/türkiye,1
salvador-BA,1
Limeira/SP - Brasil,1
Bizkaia,1
My bedroom.,1
Human Galaxy,1
New York -283,1
RJ (Brasil),1
ur mom's pants :3,1
Klang Valley,1
Chester UK,1
Helmond!,1
Hamburg in Germany,1
Kemt,1
Bryansk. Russia,1
close to you,1
Cagayan De oro phil,1
93 08670 Navs,1
Россия Грозный,1
Home of the penguins (JK),1
U$A,1
Under your bed... with a glock in my hand,1
Medellín Colombia,1
Orangevale,1
Poland C:,1
Inside your room,1
In the corner of the dark room,1
Vvvvyborg!,1
A Lovely PLace,1
Izola,1
sussex engalnd,1
Schaumburg,1
Fredericton,1
Potato land,1
Brasilia - DF - Brasil,1
Behind you. oxo,1
Southern California...,1
EU/Bulgaria/Pleven,1
haterville,1
Saint-Eustache,1
In a saferoom.,1
watching tv,1
Lunar Base,1
Bintulu Sarawak,1
st Albans,1
swimming with makoto,1
Zaporozie,1
muscat,1
MyOwnLilWorld,1
Technomages Tower,1
Betim,1
Calarasi.,1
Galati a.k.a Werewolf Land,1
on the Bush in front of your House,1
Wrocław / Gorlice,1
In your cheesecake,1
IL United States,1
Reino de Clow,1
If I Cared,1
British Colombia,1
Sweden yo,1
Why do u need to know?,1
That one place?,1
Świdnik,1
Aokigahabara,1
California 92660,1
Yenimahalle / Ankara,1
Some rural corner of Tokyo,1
Hurstville,1
Shadow Moses Island,1
Glorious England,1
Shinra Inc,1
ฅ^•ω•^ฅ,1
Fagaras,1
ass,1
Homulilly's barrier,1
Ústecký kraj,1
Naboo,1
Yokosuka Chinjufu,1
3be3280f6b0e684072479210426cdaaa,1
the Black Parade,1
KwaZulu-Natal,1
Philippinese,1
in your heart 💜,1
in a teapot,1
Poland (Lubelskie),1
Liithgow nsw,1
NS Canada,1
「 zωei ωing 」,1
Haan,1
lietuva,1
Disney xxx,1
Portugal Lisboa,1
felton de usa,1
Washington~,1
Materialistica,1
Morelos,1
Thats Classified,1
SAVANNAH,1
cacém,1
In front of my computer ;),1
Мытищи.,1
kensokyrö,1
Germany !,1
Scotland :O but from Philippines :D,1
Miranda,1
Allahabad,1
Brittannia,1
Хабаровск,1
NY~,1
skipping class,1
FLA,1
In front of my LCD screen..,1
sydney AUS,1
Right Behind You...,1
украина,1
Inkworld,1
Konohagure no Sato,1
I SEE YOU!,1
Washington DC Metropolitain Area,1
209,1
Coolsville,1
Katowice Poland,1
Osaka - Japan,1
USA),1
reoublica dominicana,1
What's it like to be dry?,1
Ohayo!,1
Sokółka. Poland,1
г.Нижнекамск,1
Urmstaon - Manchester,1
Eastern Norway,1
Classified.,1
Littleton,1
in the darkness of your heart,1
Planet B-612,1
Mikashevichi,1
somewhere in little germany,1
Verdun,1
Jeddah-KSA,1
canada quebec,1
Behind Waldo.,1
Floripa,1
Battle Ground WA,1
ghdfhj,1
The open window of your web browser.,1
Asia Singapore,1
Deep inside your inner thoughts.,1
Algeria/Tebessa/Cheria,1
donetsk,1
Nestling under the Moon,1
Japão (:,1
under your bed :D,1
glasgow.scotland,1
At the Host Club.,1
..?!,1
in my own little world:3,1
Melipilla,1
In a Shoe Box :3,1
Barcelona - Otowa,1
somewhere beyond the s,1
Atop the highest tower,1
a really really hot place O_O,1
Croatia Zagreb,1
lookin for a girl to be with and to have fun,1
Elmansoura,1
Pennysvlania,1
Lisbon & Liverpool,1
Rurouni,1
move around,1
the big easy,1
Czmoń,1
Somewhere in a fictional archipelago,1
Umbrella Pharmaceutical,1
tondabayashi,1
OH (a.k.a hell),1
593991,1
Distrito capital,1
Wherever I'm invited!,1
Poddębice,1
Cookie land >.>,1
serbisk skog,1
Eslarn,1
Haryana,1
Dardanelle,1
santo domingo RD,1
Inside your head~,1
Brasill,1
Somewhere over the rainbow..,1
Blumenau - SC - Brazil,1
A Bunker 15 Miles Outside of Tehran,1
Curitiba Brazil,1
#1333,1
In her bed,1
OnionLand,1
saskatchewan,1
Saaremaa island,1
Redwood Estates,1
Irlande,1
China - Changsha,1
Zeewolde,1
Skokie,1
in a room,1
MOTHERFUCKERS!,1
Bay area California,1
Under Your Bed ♥,1
gay land,1
Eastern United States,1
iligan,1
zacatecas,1
Łodziak /Poland,1
playing with Julia :D,1
793,1
Brasil - SC,1
Bacoor Cavite Philippines,1
Delaware usa,1
Fairy kingdom~,1
Magelang,1
مكه المكرمه,1
Mars ♥,1
by the sea,1
Liten fiskar by på västkusten,1
Your Ex's,1
Mahouland,1
Guarenas,1
BPK,1
right in side of the heart of darkness,1
655,1
Where my whims take me.,1
287,1
Nowhere Fun,1
straight outta the UK,1
Sσмεwнεяε...,1
Itapevi,1
United States leominster,1
Odesa,1
indianapolis,1
Jos,1
Madrid / España,1
Your Moms,1
Hell - Third Layer,1
black hole,1
Romania - Baia Mare,1
crack the skye,1
Yume No Sekai,1
Potton in England,1
Somewhere in Germany,1
Kraków!,1
agusan,1
47 Ursae Majoris b,1
Shiga,1
Universe~,1
North-east UK,1
新宿,1
because this place don't like me,1
Under the Sun,1
Brasília - DF - Brazil,1
My chair :P,1
In wonderland,1
barcelona anzoategui,1
netherrealm,1
Tenessesee,1
P.E.I,1
Detroit:Satan's Armpit,1
slovakia,1
belgum,1
Trelleborg Sweden,1
Kitsunejima,1
Pacific Area Office,1
Within the twilight of the full moon,1
Champaign,1
Aydın/Kuşadası,1
LINE Chat,1
evry france,1
SFO,1
Qatar / Tunisia,1
Somewhere on the path of life,1
(^_^)v,1
sydney Australia,1
Porto Alegre - Brazil,1
San Juan Argentina,1
pennslyvannia,1
(will not be told to unknown otakus!),1
Born,1
don't want to tell,1
In My Master's Arms.,1
Toronto.Canada,1
Tattooine,1
ulsteinvik!,1
Minatoral,1
Some where :P,1
In a TeePee,1
Your wardrobe!,1
Sakarya,1
Sternbuild City,1
Inside Your Mind,1
hmmm don't wanna say :),1
In a haunted memory...,1
BELLEVILLE MICHGAN,1
Algiers,1
California!!,1
Imagination Land :D,1
In a cold and wintry place most times of the year,1
The depths of a cave,1
Ithaca New York,1
h,1
Cincinnati. Ohio,1
Las Antillas,1
la cueva,1
ale mal ssie,1
Uppsala Sweden,1
On Your House,1
n of ur b,1
Ilheus bahia,1
Lounge,1
North Carolina USA,1
Northridge,1
Tol Eressea,1
Sydney Aus,1
Rio :P,1
North New Jersey.....,1
Hi-mi-tsu,1
渋谷/東京,1
Albera,1
LOLVille,1
Deer Country,1
stuck inside your computer,1
Romania or Scotland,1
Gldani,1
opava,1
Por ahí O:!,1
USBob,1
District III,1
Ô Canada!,1
Long Island! :D,1
Roubai Academy,1
Belgi�,1
orasul timpului pierdut.,1
Langley BC,1
Exeter,1
En mitad del Campo,1
Pennsylvaina,1
Nulle part et partout,1
business,1
i wont tell you.,1
floresville texas,1
Hilton st.,1
Horizon Strait,1
Camptonville,1
Pah-Rah-Nia-Ke,1
Lyra,1
Brooklyn New york,1
Korydallos,1
USA USA USA,1
k.s.a\\jeddah,1
none of your buisness,1
Arnhem Nedereland,1
Illusionary world,1
St.- Petrerburg,1
427,1
Foothill Rnch,1
Calwa,1
•̀⌂•́,1
Sky Palace,1
The House,1
Stockton California,1
M-Ville,1
togo,1
السعودية,1
Durham nc,1
brmingham,1
Besozzo; Lombardia (Italy),1
Somewhere In Your Nightmares :),1
Roamania,1
Germany / Koblenz,1
Eternity,1
Eating Udon noodles with Master Saitama and Genos,1
Vila do Conde,1
NOM NOM NOM island.,1
Brampton,1
tamilnadu,1
I honestly have no clue,1
Biarritz,1
Trollface called Poland,1
FurTown,1
Central NY,1
Campo Grande MS,1
west georgia,1
aliso,1
rio rotodeiro,1
Eastern Region,1
nowhere land,1
somewhere in soul society,1
The sunny side of Florida,1
blitar,1
229645,1
Hidden in Kentucky,1
/home/kheminw,1
In the other side of tumblr...you know it.,1
Eternia,1
Sorrento,1
TBG,1
UK/US/PL,1
Jizan,1
Windsor Hills,1
Waukegan,1
West Truckee,1
~Anime World Desu~ ≧◡≦,1
Ardy's Nether Regions,1
Mielno,1
Malabon City,1
Shadow Land,1
Tofu Town,1
W.P.B. Florida,1
Department of External Services,1
Notttingham,1
Regina,1
TUMBLR? lol,1
"Somewhere in ""this"" World",1
Cinderella's Castle,1
Perth W.A,1
Ask Cattleya.,1
eternal darkness,1
Isla de Muerte,1
Somewhere on a train,1
some-where in my home,1
roxboro north carolina,1
England; Wimbledon,1
Denmarrk,1
852,1
Poland /,1
バルセロナ (Barcelona),1
England - Tamworth,1
Lithuania :3,1
Bs.Aires,1
Arizona Bitchezzz xD,1
The Fucking Rabbit Hole,1
YOU ARE A PIRATE (ﾉ◕ヮ◕)ﾉ*:･ﾟ✧,1
Alanya / Antalya,1
Pest megye,1
Resistance Base,1
Jopsk,1
Dreamland/lalaland,1
Scranton Pennsylvina,1
Oman.,1
Home watching anime.,1
Inside your,1
Magnolia Town,1
The point of no return,1
Rouen France,1
北京,1
Люберцы,1
30023,1
Bonney Lake,1
A place in time not too far from now,1
Bergneustadt,1
Grand Cayman,1
brasil sp,1
Norrbotten,1
nor cal,1
Españita,1
Where you want me to be !!,1
Otaku land,1
closet,1
gintama rewatch,1
鹿児島市,1
harurinralia,1
Somewhere in Argentina,1
CANADA!!!,1
Набережные Челны,1
Buenos Aires (Tigre),1
Hell on earth,1
Noobland,1
Кривой Рог,1
悪夢,1
IN SPACE,1
/fit/,1
En un mundo inexistente,1
M.D,1
In my head.,1
AUckland New Zealand,1
124124wahles,1
NJ 07306,1
Sector ZZ9PZA,1
Płock. Poland,1
(　´_ゝ`),1
Oohh ! What an interesting guy we have ahaha !,1
ask me ;p,1
Starland,1
Following the Koumyaku,1
DLW,1
Etterbeek,1
Your closet! >:D,1
Focsani,1
waiting to be found,1
Somewhere in Sweden,1
Kyiv-Jupiter,1
you would like to now that wound't you... xD,1
10.1.1.1,1
Under your bed. =D,1
phili,1
CO-ish,1
The Garden Of Sinners (Kuwait :P),1
Stockton-On-Tees,1
Ixtapaluca,1
Czech Republic :),1
347,1
二次元の裏,1
Alternate Universe,1
Fakolia,1
Redway,1
Zukunft,1
Starryland,1
The land of Moe-licious Bishoujos and Lolis,1
venus,1
TN 37074,1
LATVIA,1
| (• ◡•)| ノ＼(❍ᴥ❍ʋ),1
Iside your face. c:,1
Localiza ai comedia,1
o_o,1
Long Island Town,1
Ballybunion,1
Ehem,1
Riyadh.SA,1
Siegfried,1
Rebet-City,1
Kuala lumpur,1
Nordjylland,1
World of Emptiness,1
fort worth,1
>Южно-Сахалинск,1
げんそきょ,1
some place having my daily dose of anime,1
Inevitable Apocalypse,1
The south,1
Somewhere In my mind,1
my own world :),1
not hell(=,1
behind your sofa..,1
Somewhere in Turkey,1
Curitiba. Brasil,1
CT 06614,1
Hemet,1
Kukuru Mountain~,1
Inhumanly cold place,1
rishon lezion; israel,1
central coast,1
WA 98503,1
Bob's,1
Chic,1
Joinville -SC - Brazil,1
Guimaraes Portugal,1
Yellow Forest,1
in your base,1
some where in my dreamland x3 !!!,1
south pole,1
germany (temp),1
Rockledge Florida,1
Wagnaria,1
Basrah,1
Konohagakure =3=,1
city of angels,1
Labyrinth of Amala.,1
Narnia.,1
SAnta Catarina - Brazil,1
Bosnia and Herzegowina,1
http://i.imgur.com/sIJxSIG.jpg,1
Disclosed and,1
Crystal | Diabolos,1
With My Flame,1
Halle (Belgium),1
woop woop,1
I live...In your heart,1
saudi Arabia,1
Deutschland / germany,1
In a world wheres theres happy ending,1
Z.C.,1
not hope's peak,1
Only God Knows,1
Styx (River),1
no town/california,1
newfoundland,1
Like... everywhere,1
in a pineapple under the sea~,1
Faerie K,1
Greater Philadelphia Area,1
Kælderen,1
Biłgoraj (Lublin),1
CT 06410,1
United St,1
latvija,1
ukraine. Lugansk,1
middleofnowhere/idaho,1
somewhere you'll never know,1
Inside wall Maria,1
gaffney southcarolina,1
My own World,1
Asti,1
In your mom's bed,1
https://www.youtube.com/watch?v=OgiEKJ5VRdA,1
The Realm of Lukil,1
Świecie Polska,1
~In The Naruto World~,1
rabat,1
Behind Your House,1
where ever i am,1
I'm not updating this everytime I go somewhere new,1
Mangavilles,1
oneonta alabama,1
Yekatrinburg,1
Cherry Noir,1
Jaktorów,1
Harlingen,1
MG/RS - Brazil,1
In a fruit salad bowl,1
Aquí :3,1
shenzhen guangdong,1
în BV City.,1
Thailand; ♥,1
Capri,1
Yeo-su(2012 Expo),1
Spain :3,1
Gardena,1
2910 E Ft Lowell Rd,1
Singapore yep,1
MD 21042,1
cherokee village ar,1
Singapore ~,1
Canada Quebec,1
K.SA,1
ftw,1
um...,1
widred,1
Toilet,1
yeah :),1
GTA,1
Pennsylvania/Maryland,1
Detroit-ish,1
Covilhã,1
Hobbiton,1
Himitsu,1
Belfast NI,1
Secret Garden❤,1
Valbom-Gondomar,1
Somwhere. ;),1
dream lands,1
a secret~!,1
*~HaNgInG OuT On cLoUdS~*,1
You Don't Need To Know,1
Umi^^,1
Wonderland. ♥,1
Luxembourg/Luxemburg,1
Onega,1
Milky-way,1
las vegas nv,1
Somewhere. Europe,1
Senegal Dakar,1
in a cave,1
Hogwarts. Jk. Askaban,1
Earth...Duh!,1
city dump,1
The Future >_>,1
Zombieland,1
wherever my feet bring me,1
U.A.Q,1
Fullerton,1
Brownsville< Texas,1
bean town,1
Near Coffee,1
The Gate of Magus.,1
Bicentennial,1
In my house ewé,1
le Tartu,1
delhi1,1
Centre of Madness,1
in a castle in a could,1
En otra ciudad,1
Maine/Florida,1
Your Perspective,1
Maracanau- fortaleza,1
Fort Lauderdale Florida,1
2omewhere beiing a wiizard turtle,1
Polandia,1
Limerick Ireland,1
989,1
Steins;gate worldline,1
Connecticut (currently),1
WI - USA,1
Kalifornistan,1
At home embracing Kanade.,1
Pick any eroge harem,1
Namhae,1
Anaheim CA,1
The Volcano Moon,1
hilton,1
Towson MD,1
Denmark horsens,1
Levittown New York,1
Leszno/ Wrocław,1
Riyadh - Saudi arabia,1
now to get a job...,1
Outer Haven,1
Somewhere =P,1
Balkhash,1
Your attic.,1
here =D,1
Russia. Kemerovo,1
Europe *3*,1
just ask me to come and I'll be there in a moment,1
Deep Romania,1
Boku no Sekai,1
Walnut,1
Topeaka,1
Florida :D,1
Katerini - Greece,1
earthland,1
ON YurWrist,1
Merzig,1
Poland; Poznań,1
Siam,1
FL US,1
(´∇ﾉ｀*)ノ,1
OBX,1
New York !!!!!!!!!!! :p,1
Soul society,1
amestris,1
Gone.,1
Ho Chi Minh city,1
the redsea bride,1
Under colorless rainbows,1
Dragontown,1
Somewhere in NY,1
1829 Hazelwood Avenue,1
Rudnyi,1
Moonside,1
missouri city,1
Futabacho,1
Narco Leon,1
Two River City,1
To the left,1
Cupertino,1
illinois :(,1
a quite messy place but i,1
Walbeck,1
Puszczykowo/Poznań,1
Cote d'Ivoire,1
K.S.A.,1
shi,1
Stratosphere,1
Ipswich.,1
Baka Town,1
Coming to theaters near you,1
AnimeLand!,1
Hellywood,1
Olney MD,1
scarlethills,1
Anxiety Kingdom,1
sławków,1
NinjaLAND! WHEEE!,1
Chojna,1
524,1
Lost Throne,1
landofsugarbunniesandrainbowunicorns,1
La Serena,1
Shobe,1
U.S. Southeast,1
Louisiana 533,1
NERV-02,1
Europe/London/West Midlands,1
Żabia Wola,1
The Center of the Earth,1
Bielsko - Biała,1
There.,1
irgendwo in Deutschland,1
getting there...,1
Da Hood,1
Amboy,1
"phil..""",1
The land down under,1
windy city,1
Paizuri Palace,1
Shipland,1
Chasing after Zero!,1
Ryd,1
Brookenly center,1
Across the street,1
agrabah,1
In Psychedelic ☆ Dreams w/ Psyche~,1
colefornia,1
Vidin Bulgaria,1
Burbank,1
China),1
In mai jaus,1
Thessaloniki Greece,1
58650,1
Who-Ville,1
Neue Welt,1
The Bay with the Golden Gate,1
Stuck In The Anime World,1
asdfjkl; South Carolina,1
Oslo-Norway,1
CO 80113,1
UT 84606,1
wollongong,1
3302 Rockford Mountain Lane,1
LANDED IN THE STARS!✰~,1
syktyvkar,1
wasteland,1
Maywood California,1
Saffron City,1
Edomex :),1
대한민국 광주 법원,1
Fort. Riley KS,1
somewhere out thurr ;3,1
Seatown,1
Nada,1
California Does anyone else live here,1
dystopia,1
Erlangen Germany,1
Heaven.,1
Daegu,1
smiths station,1
applevalley minnesota,1
On a cloud of New York,1
Sines,1
Extrema,1
Anime Heaven (+~+),1
Pudozh,1
Волгодонск,1
Bergamo,1
Cali & Japan,1
Battery City,1
;),1
Moscow // Russia,1
Kobrin,1
Feudal era,1
Sümeg/Győr,1
At the computer,1
Finlad,1
Atwater,1
Las Pinas City,1
Kanagawa (Japan),1
unda da seaaaaaa,1
416,1
Eastern Iowa,1
Curitiba / Brasil,1
On top of a Indian restaurant,1
Yaoi Land~,1
Sorami City,1
anime reality,1
M-V,1
United Kingdom of Great Britain,1
Moscow and not only,1
No idea I see trees and it's cold and dark,1
Japam,1
Пермь,1
槟州乔治市／ペナン州ジョージ市／Ge,1
in Space,1
Storybrooke,1
anime kingdom,1
NY 90025,1
your bed ;),1
right hurr.,1
Whitstable,1
phillippine,1
A dimly lit lab in Oregon,1
♥my room- nothing other place!,1
Guarapari - Espirito Santo - Brasil,1
内华达里诺,1
barranquilla-colombia,1
Rin-sama's bedroom,1
Galaxy next to yours :D,1
Keflavik,1
Edge of reality.,1
colombo,1
楽しい世界,1
phoenix AZ,1
/home/teodorak,1
Georga,1
dalton gorgia,1
SBC - São Paulo,1
Gameindustri,1
Immaterium,1
Naptown,1
Paradox,1
Saudi Arabia / Riyadh,1
Between the signal and the noise.,1
Sn Bernrdno,1
Antakya / Turkey,1
Pinecrest,1
798,1
Zhiguliovsk,1
Macross City,1
eikamaini-cho,1
ACA,1
Char,1
Saint Albans,1
Deer Park,1
Himitsu~,1
Prince George B.C.,1
baka no sekai,1
Surinam,1
p00pland,1
Location: CA Location 3 years from now: Japan,1
Vero Beach,1
Valley of The Wind,1
whale,1
A,1
Łazy/Zawiercie/Katowice,1
Tsui no Sora meme,1
Under the pink sky,1
RoiSSya,1
Rancagua Chile,1
Ca :D,1
Lost City Of Atlantis,1
with Madoka,1
Nameck,1
Dark corner with manga,1
Murom. Vladimir region,1
Bermuda triangle inside a box,1
Mainframe,1
Gloucestershire UK,1
Chicago and Dallas,1
Rio Claro - São Paulo,1
With my Prince,1
Higher than the Sun,1
Why do you want to know? Are you stalking me? =.=,1
N�rke,1
With the hottest bishie ever ^^,1
Hungary / Magyarország | Budapest,1
Closer then you think...,1
At home...,1
somEwhere in Manila,1
Star,1
saint-eustache montreal,1
Korin Tower,1
US / Saudi Arabia,1
Кызыл,1
In Your Closet.,1
Not available innit.,1
^-^,1
Chá,1
Canada Land,1
borås,1
WESTSIDE,1
Ur ass,1
Internet XD,1
Hell Hole,1
I dunno,1
K-ce,1
Ladispoli,1
El Toro,1
uh...,1
Dortmund NRW,1
Not Over the Rainbow,1
Nuevo Laredo Tamaulipas,1
am near lol,1
your moms house XD,1
SM TOWN,1
Samara-Neftegorsk,1
beyond the woods,1
he/him,1
La Coru NENO,1
Ho Chi Minh City,1
Germany - somewhere beneath the clouds,1
your basement,1
Prienai,1
lebanon beyrout,1
尻..,1
kelantan,1
Mesquita,1
South-East of Down Under,1
cainta rizal,1
Filin Vest 1 Mt. carmel 10 Quezon City,1
Green LINE,1
South Base,1
Inside a melon pan,1
england lec asfordby,1
Oregon.,1
Aqtau,1
auckland new zealand,1
Whatev,1
XXXXXX,1
Extalia,1
Osasco / SP,1
A place within a place,1
Iloilo,1
Markarth,1
Here or There :p,1
KPA-Kishin Private Academy :P,1
Sunny California,1
Why would I tell you,1
Jabberwock Island :3,1
Mynamistan,1
Potch,1
alborz,1
SanFran Baby,1
I-town,1
Netherlands (Europe),1
1984,1
waiting in the air,1
HochiMinh,1
Wrocław; Polska,1
Western Region,1
sankt-petersburg,1
The Dangai Precipice World,1
Um lugar no Brasil,1
In a dream.,1
somewhere over the rainbow where blue birds die...,1
VoiD,1
Somewhere on the moon,1
Somewhere......,1
Tss... Anything else ?;p,1
Umbar/Gdynia,1
tallahassee,1
Guadalajara City,1
Klepacze koło B-stoku,1
854b28cd8a5f0569f00c5009868b4738,1
Nevad,1
Lanao Del Norte,1
Safeway Stores,1
Patagonia Argentina,1
index.php,1
and.....AWAAAAYYYYYYY,1
Holy Britannian Empire (IRL America),1
Europe/Bulgaria,1
Romania -> Netherlands,1
inside a guitar,1
The Land Of Abaya Babes,1
Brazil - Natal - RN,1
Diadema - SP,1
Bauru SP,1
YK,1
guate,1
rishon le zion isreal,1
DFW Texas,1
France (Bretagne),1
Vernalis,1
67846,1
Mitten,1
Japan (三島、日本),1
Uotfuck,1
Elibe,1
empty sekai,1
The darkness inside all your souls,1
koniec świata i jeszcze dalej,1
Tannhäuser Gate,1
AnimeLand!!!,1
Lublinoland,1
Hero-city,1
Japan / Slovakia,1
Sobre un objeto monísimo y muerto.,1
Strawberry Point,1
some place far away..,1
Harvest Moon Island ＾-＾,1
Saltsburg PA,1
cba,1
California Republic,1
pomorskie,1
oᴉʇɐƃǝuʇsǝ oᴉʇɐuᴉɯɹǝʇǝpsᴉuɯo,1
Argenina.,1
currently in tampa FL,1
Hogwarts Academy [ ♥ ],1
Japan - Tokyo .,1
Gdynia/ Łubiana,1
Tecate,1
Border world.,1
On top of the clouds,1
Jawa barat,1
raccoon city,1
NEETland,1
WHY DO YOU NEED TO KNOW?!?!?!?!,1
P0land,1
The DMV,1
Tolkien,1
Martinique (french West Indies),1
Netherlands/Greece,1
Sitting here with a bulge in my pants :P,1
Buridah -_-,1
What do you think about Candy Town?,1
New York USA,1
Afipsky,1
NJ 07436,1
No need to be nosy......,1
Rorirandsu/#Chan,1
Qatar.,1
Hoboken,1
Reno. Nevada,1
Nottighamshire,1
Nagaland,1
not there yet,1
-insert clever witticism here-,1
город Хмельницкий,1
Pomeranian,1
Slupsk,1
Denmark/copenhagen,1
Capw Town,1
In a different dimension.,1
Gozo,1
Over the center of the world,1
Gaea,1
your cookie jar,1
AMMAN,1
Pabianice/Łódź,1
Serrinha - Bahia,1
Balakovo,1
Kvelde,1
USA - Pennsylvania,1
That small state people forget about.,1
Oita,1
Halkeginia,1
Ukriane,1
Behind You :),1
WOOOOOO,1
2D & 3D,1
Kentuck,1
CA 909,1
Cervidone,1
Woodville,1
Harvest ♥ Moon,1
Lodi,1
Poland Tarnów,1
Perm Russia,1
Guwahati,1
somewhere only we know ;),1
新しいニュージーランド,1
ummm...Gensokyo?,1
Kohima,1
Training to be stronger,1
thunder bay ontario,1
トレセン学園,1
Titan,1
Missouri.,1
116,1
http://www.otswatches.net,1
Santos-SP,1
In your Dreams (?),1
Wonderland! ^_^,1
.... o,1
Las Vegas and H Townn Comin Comin Downnn,1
Trindad & Tobago,1
Eating the chocolate you left behind.,1
Arc Cradle,1
In bed with my gf X3,1
Pires do Rio,1
somewhere faraway...,1
Minsk. Belarus,1
di hatimu,1
Monako,1
I love Jesus,1
Taking a nap.,1
erhenrang,1
stealing your data.,1
manassas va,1
Pennysylvania,1
Between dream and reality,1
of course :-),1
952,1
Acampo,1
Bard,1
Russian federation,1
Rybinsk,1
AL 36602,1
Charneca Caparica,1
The place where wishes come true.,1
gastonia/North Carolina,1
In that one place,1
Toyosato,1
Engliand,1
Podgorica,1
misson bc,1
Relaxing in Red Rose City ^^,1
Россия г Пермь,1
stairway to heaven,1
Sleeping Somewhere,1
Truckee,1
Brasil/Rio de Janeiro,1
Fukushima Japan,1
MA 02559,1
Farmington.MN,1
Boston/Sarasota,1
Northern Colorado,1
isolation,1
Belarus',1
Mazandaran-Iran,1
Lower Silesian,1
デジタルワールド,1
Australia m8,1
Exist,1
I already sold my soul to Lucifer,1
left coast,1
Cana,1
REC/PE/BR,1
you don't need to know :P,1
In a rabbits hole,1
Maple,1
saudia aribia,1
Kirkham,1
Sierakowice,1
Видин,1
Burgenland :P,1
Fareham,1
Arctic Ocean Union,1
...?,1
Solar system,1
Almetevsk,1
The Basement,1
seoul south korea,1
its signposted,1
MOROCCO,1
Brazil :D,1
フィンランド/핀란드/芬蘭,1
51°30′N 0°7′W,1
Egg-man Land,1
It will remain a mystery even L himself can't solv,1
The Other World,1
Herson,1
Iserlohn,1
Boston. MA,1
Olonec,1
Zhykovskiy,1
Land Of Pleasure ♥,1
45872799602ce0bf3a2c6769e8696031,1
Sharja,1
Ortonovo,1
ony,1
new york ny,1
Axa,1
Copenhagen/Bielsko-Biała,1
Makó,1
Murrieta,1
Mendon Vermont,1
Laredo,1
Witch's Lair,1
Lafuna,1
my computer chair,1
a distance below...,1
somewhere in South East Asia,1
Huskvarna/Sweden,1
Low Earth orbit,1
The Troll Society,1
My Dream World,1
Your mom's pants.,1
CALIFORNIA BABY!!!,1
Lombardia > Varese,1
fortunately and unfortunately.,1
sitting on the edge of the earth eating cookies,1
Fusha Village,1
montreal canada,1
HERE O3O,1
Mahogany Town,1
France - Paris,1
(・｀ω´・),1
Prochorovka,1
우주,1
Paradise ~,1
On IRC,1
Bielsko,1
Poland/Nowa Sól,1
InMyCloset,1
Somewhere over the rainbow :),1
Banjarmasin,1
minny-sota,1
Buenos Aires Capital,1
somewhere singin,1
Russia.Vladivostok,1
Under your bed :DD,1
9th Layer of The Abyss,1
meowland,1
Gladstone,1
boredom county,1
In HELL!!!,1
Darfur,1
Silence,1
the collective unconscious,1
out of time ~,1
Planet Awesome.,1
In your hearts,1
In your Dreams,1
Couch,1
Shire,1
in a rose garden... full of butterflies,1
Tacoslandia,1
somewhere in the 2D world,1
San Deigo,1
The Deepest Depths of the Unknown.,1
South East America,1
Salem MA,1
Soul Society XD,1
Ghost Ship.,1
Chadwick,1
Califoinia,1
Spawncity,1
Santa Maria RS Brazil,1
Bursa Marmara,1
Spiderland,1
some place.,1
paris IL.,1
東京都渋谷区,1
SP Brasil,1
Wisconcin,1
Alfheim,1
prolly.,1
wandering through the forests of my mind,1
but I'd much rather be in Japan.,1
England (UK),1
I don't wanna be bothered zone.,1
Sendai Japan,1
AUstralia,1
Saitama Prefecture,1
polannd,1
CO 80012,1
Miami Florida,1
Where the yuri is,1
Lollipop & Game Island! ♥ 8D,1
2,1
ZS,1
fariy tale,1
Virginnia,1
Santa Maria-rs Brazil,1
North East Endland,1
It's a secret ^-^,1
Warszaw,1
Dreamland!!!,1
Secret Bunker in wrnvirencuwe,1
ブラジル~,1
Nc,1
working,1
DEU BW,1
桐生會,1
Daniel Radcliffe's basement,1
Winterpeg,1
sir,1
I wish it was my bed,1
Bardar,1
Svitjod,1
Anaheim Electronics Inc,1
Downtown Transylvania,1
Anime World (duh),1
Almeria,1
Lyon (France),1
Alfred F Jones,1
Redneck Country.,1
South Korea ~ Dreaming,1
Secret [ Don't tell anyone ],1
Out back getting my ass whooped,1
No where !!!,1
Weebtopia,1
S.D,1
Magiczny Kraków,1
Beyond the gate,1
Cornwall/Cambridge,1
Vais,1
In my own fantasy world ♥,1
DTC :),1
A Place.,1
Bursa/Yıldırım,1
Lisbon; Portugal,1
Paide,1
nonexistant in Yomiyama,1
somewhere in Germany ^-^,1
Colma,1
DIY JOGJAKARTA,1
The Netherlands~,1
België ;) xD,1
~UA~,1
Romorantin (France),1
ラフテル,1
Ohayou,1
sun prairie,1
Land Far Far Away,1
Noneayabuisness. =3,1
La Planète en peluche rose,1
Pallet town (lol rly),1
In the 1.% divergence,1
Outside the Box,1
Bukidnon,1
Glasgow Scotland,1
British Canadia,1
Rowland Heights,1
Metro Manila - Manila,1
bottom of a well,1
gg,1
Fruitvale Idaho,1
A depressing corner of the world.,1
Slatina/Croatia,1
Dark Continent,1
Over the Double Rainbow,1
Spain - Barcelona,1
The Fiery Pits of Hell,1
Krefeld,1
MD 21613,1
russ,1
North Sumatera,1
saint petersburg,1
death row,1
the cardboard box outside,1
brasil bahia,1
Durmstrang,1
Somewhere over the rainbow ^.^,1
My cave,1
Croatia/Imotski,1
Depths of the Abyss.,1
سورية- الرقة,1
Omni,1
shack in the woods,1
Houston(:,1
Silent Hill.,1
rainbow,1
a dark basement in sweden,1
Norrk�ping,1
within the radius of a heartbeat,1
Under an ocean of Stars...,1
Central City,1
Quintana roo,1
Greater Manchester,1
Hiding under the matress,1
madinah-saudi arebia,1
Apple-city,1
Southampton England,1
Texas! :D,1
Koen,1
Kamloops BC,1
Watching anime,1
Kaposvar,1
Rohan,1
Wonderland ....,1
Oman ~☆,1
São Paulo- SP,1
In the corner of my mind,1
İstanbul/Türkiye,1
1234,1
Worcester MA 01510,1
Nightmare Frontier,1
jackson Ohio,1
Serbia639,1
Syria - United Kingdon,1
Moexico,1
GA.,1
Nowhere to be found,1
Otaku City,1
Hufof,1
cornland,1
Sexta región.,1
Wherever u r...,1
City of Pillar,1
Dimensão alternativa,1
Saudi Arabia Taif,1
U.....S.....A,1
Terespol,1
Vestmannaeyjar,1
Nampa,1
Under Your Bed.,1
south Kat,1
Saskatchwa,1
In America's Pants,1
santa cruz california,1
Immingham,1
BrASIl,1
roshia,1
Sopot / Gdańsk,1
😋,1
Qom,1
anime land :D,1
interwebz,1
aichi-ken,1
Rutherford NC 28018,1
Del Rosa,1
Ireland Dublin,1
UK (Portuguese),1
Brno CZE,1
helena,1
Witchelny,1
Belgim,1
Krosno w Polsce,1
BKL,1
Piedra,1
At my House,1
GR,1
Waitakere,1
ゲーム,1
alexandria va,1
Suzano,1
america/los angeles,1
Lieto,1
Mystic falls,1
McCloud,1
Herpifornia,1
Tujunga,1
voronezh,1
Hồ Chí Minh ville . Việt Nam .,1
875,1
Over Yonder,1
In the Cosmos with You,1
Westminster. Maryland,1
Washington486,1
location!,1
Orangeville Ontario,1
Elgin,1
cannes,1
Hastings,1
Coleville,1
Herne Bay,1
ワンダーランド,1
Kurdistan,1
virginia beach VA,1
Heerhugowaard,1
New Zaland,1
MN USA,1
West Coast USA,1
Somewhere in the desolate abyss...,1
Surrey England,1
Noneofyourbiz,1
American Pride 54,1
Watching the sky!!!,1
Högsjö,1
Pandora Box,1
IL (sadly),1
south east,1
Skynet,1
wherever the wind is,1
i skogen,1
Bayan- Kuwait,1
Why do you care,1
Zzzzz... Hm ?,1
Lonelines World,1
Nederland/Netherlands,1
mt. coronet,1
Somewhere in Poland ;),1
Gotham City/Kamiki Village,1
In Rhyme,1
Battling pirates on the Grand Line...,1
Boston Mass,1
Saudi Arabia > Riyadh,1
Niue,1
ksa\riyadh,1
Somewhere Nowhere,1
L-town,1
Dramalj,1
316,1
LVIV,1
Rough Ready,1
All Blue,1
Gent; Belgium,1
Aggilthe,1
Cameron Park,1
Salcedo,1
Kazakhstan< Karaganda,1
SWCT,1
but poorly managed called PH,1
Hannut,1
the fern and the dock,1
home sweet home,1
Zdunska Wola,1
versailles,1
louisville ky,1
Johnny Depp's house,1
SAUDI ARABIA - RIYADH,1
Currently unknown,1
soon to be Scotland,1
częstochowa Poland,1
Campsie,1
918,1
Palm Trees and Tech Valley,1
somewhere in the south and its hot,1
Not Gonna Tell Yeeeeeeeewwww~~~,1
Saotome Academy,1
ヽ(*ﾟдﾟ)ノ,1
The Tenth Ring,1
ＮＩＨＯＮ~,1
région parisienne,1
Rio Brilhante - MS,1
LHUNDEN,1
The end of another lost highway.,1
sete,1
おそロシア,1
A place you will never reach,1
Meow~ zZz,1
regftgteg,1
Sète,1
Surprise,1
ontario.,1
syracuse new york,1
In your closet~~,1
Asfordby,1
ph.,1
Calafornia,1
New York ^_^,1
Fridge,1
Lost in the world of Anime,1
Shell Beach,1
adana turkey,1
My House ;;,1
murrieta california,1
Voncouver,1
Somewhere in MAL's server,1
Gohtenburg,1
Koko desu,1
People's Republic of China,1
poland.,1
where i choose to live,1
*I forgot*,1
K S A (♥‿♥),1
cromer new south wales,1
Prefecture Tokyo,1
Alain,1
Nowhere-land,1
USA/France,1
Sarajewo,1
Texas....Paris....Tokyo.,1
Encarnación,1
Oregon Portland,1
Sidonia,1
new brunswick,1
abudhabi,1
Somehwere.,1
Lwówek Śląski,1
Inglewood,1
the further regions of experience,1
away......,1
Im lost,1
Hawaii/Oahu,1
Rio grande do sul Brasil,1
Flow-ridah,1
Algiers / algeria,1
Bowie,1
In my Cheese Ocean of Thoughts.,1
Never neverland,1
In a chair,1
Black Corridor,1
TEL AVIV,1
Sylmar,1
Itachi no Tsukuyomi,1
Private room,1
Zanarkan,1
577,1
Cauca,1
Northeast Tennessee,1
Kagutsuchi,1
commerce city CO,1
Itttaly,1
Itu/ São Paulo/ Brasil,1
Beyansk,1
Atlas Institution,1
Syców,1
bs as,1
Poland / Warsaw,1
dreamland.,1
Камышин,1
Pavlodar(KZ),1
216,1
westeros - winterfell,1
Next to a lamp,1
Japon,1
Brazil lol,1
Brasil - Curitiba,1
Adelaide City,1
graham washington,1
read,1
In a box.,1
Southern MD,1
Kyoto osaka,1
Västerljung,1
J�nk�pings L�n,1
Comfortable Chair,1
Chicken Island,1
Vilhelmina,1
The 253,1
Paran�,1
don't wanna know,1
thessaloniki,1
Kuala Lumper,1
A tropical paradise,1
Everywhere . . .,1
lmao hope no one visits this stinky ass profile,1
Usually in the shadows where I can't be seen,1
La cueva del Slash Dragon~,1
I'm just a figment of your imagination,1
Novouralsk,1
The Pillar of Light,1
"Hiding from the ""Real"" world...",1
La La Land (Poland),1
pluto ;),1
Dundalk,1
behind my computer..,1
Farfarawayborough,1
Adamar,1
Landgraaf,1
Romania The Land of NO Choice !,1
The Soul Society~,1
Trapped in an Eternal Genjutsu,1
you dont have to know,1
Teteven,1
Гродно,1
ǝpısuooɯ,1
Vietnam (for now),1
California State University,1
My desk >:D,1
Chinese Camp,1
Saumur,1
fAkE rEaLiTy,1
126,1
Кемерово,1
Szczyrk,1
Lavtia / Rīga,1
boston ma,1
Juneau Alaska,1
Saudi Aarbia,1
NERV headquarters,1
NERV Irish Branch,1
Anapa,1
Hollister,1
Lakewood,1
Annerhbe,1
CA 94103,1
socuellamos,1
T-t-time machine,1
manchester england,1
The dark side,1
or someplace near it,1
Saa neee?,1
Usamin Star,1
my wonderland,1
Renkum,1
in most food products,1
United Arab Emirates ~ ♥,1
South San Fran,1
天の川 ★,1
ODMO,1
Cania,1
Malaysia 069,1
Västernorrland,1
Paraíba - Brasil,1
Worsaw,1
Shikiz_HARTT,1
Nigny Nowgorod,1
Tunisie,1
Avanos,1
Diadema São Paulo,1
Kimlasca-Lanvaldear,1
Rangkasbitung,1
Andora,1
Filand,1
Near a computer...,1
Słupca Universe,1
San Fernando/Cadiz,1
Chędożyn Wielki koło Prącisławia,1
An Apartment,1
Sweden in the north;),1
i live in devon not america >.>' in ENGLAND,1
Somewhere :),1
Lodz in Poland,1
Wrecked Hospital,1
adelaide / south australia / australia,1
NIIPPPOOONN!!!!!!,1
España :P,1
Tom Felton's Heart~,1
The land beneath the waves,1
FUK U ANIME LIST,1
DWMA,1
eeeeeeee,1
Katowcie,1
Glesga,1
time,1
Maringá - Paraná,1
Лисаковск,1
MG (Brazil),1
Village Hidden In The Sand,1
Russia/Mosocow,1
Distant Star,1
In the madness known as my mind,1
6e674bc6116cc24d57ad3bf14a1749fb,1
Michigania,1
tietäjät tietää,1
Saint.Paul,1
#STRAYA,1
Most likely Disney World,1
Farmington NM,1
〘Removed〙,1
Nieświat,1
WLKP.,1
somewhere / nowhere,1
at Home,1
ca3278be1e454ce6d8cadfe32269d70a,1
Tomar,1
Kovrov,1
Everywhere! O.o,1
Kalkara,1
The Space~~,1
Buena Park,1
Anime Sekai,1
Aix en Provence,1
Uruguay 937,1
Somewhere in planet earth,1
Salonika-Greece,1
Britannia Magna,1
Caatingalândia,1
Ziębice,1
paignton,1
Mt Druitt,1
New york city,1
Concord NH,1
Uranos,1
nl,1
Sta.Catarina,1
Machico,1
Иваново,1
Draculas country ^^,1
Whittier,1
Bucharest RO,1
jjjjjjjjjjjjjjjjjjjjjjj,1
Midorijima Island,1
Leavenworth ks,1
Stony Point NY,1
Salem Or.,1
somewhere in the U.S.A.,1
Brasil - Santa Catarina ~~,1
amman jordan,1
Russia. Kamyshin,1
Fallen Leaf,1
Lothlórien,1
Dreamland ;),1
Leiria/Portugal,1
The Sea of Stars,1
Paraná/Brasil,1
Shithole in Russia,1
A Cave,1
maringa,1
The place I use to dwell (Mhm yeah),1
ai chan no omanko ni sunde imasu,1
Duwang Village,1
Mt.Silver,1
A COUNTRY,1
SERBIA,1
Orel Bay,1
Alternate Universe #7,1
Europe & Asia,1
England UK,1
Rio grande do Sul,1
COLLEGE,1
Leusden,1
Frejus (France),1
Stellenbosch,1
Philippines hehehe,1
Laguna Lake,1
Somewhere I belong,1
Nugu World,1
23 RUS,1
Beyond the Horizon,1
Two steps ahead of you,1
West Des Moines Iowa,1
@DraconisMarch,1
smelling your underwear. ;P,1
UKhttp://myanimelist.net/editprofile.php,1
1987,1
Dunnellon Florida USA,1
aaaaaa,1
Indio,1
Bryn Mawr,1
Here or There...,1
The Asylum,1
MG =p,1
Belém Pará,1
Muharraq/Bahrain,1
Beverly MA,1
Hedmark,1
Manga City,1
Vilnius - Kretinga,1
Nuevo Mundo,1
Murderland... ♥~,1
Lost in WonderLand,1
Port St. Lucie,1
Alverca,1
Canoga Park,1
Sassnitz(Rügen),1
Farnham,1
Ołobok,1
I think I´m lost :P,1
Somonauk Illinois USA,1
Ygdrassil Labyrinth,1
Banglaesh,1
The Mitten State,1
USA!!,1
Ags,1
Willows,1
Caelum City,1
Belo Horizonte / MG,1
Iran - Tehran,1
Durbanville,1
South Tyneside,1
Somewhere~~,1
hiding under your bed,1
✿✿✿,1
Under you bed :),1
I motherfucker I live in Canada,1
Netherrealm,1
Kisújszállás,1
on a rooftop...,1
The Alien City,1
Yukigakure,1
In my Fortress aka Room,1
The Bright Blue Sky,1
Ashland Kentucky,1
In your heart.,1
I am in my house.,1
WA 98579,1
Sonora México,1
Somewhere over the ranbow,1
Minnestoa,1
Tex-ass,1
Italy > Emilia-Romagna > Cesena,1
Poland -> Ruda Śl.,1
Litany of Litany's Litany,1
MAD,1
Russia; Siberia,1
RU Omsk,1
Bryansk region,1
beylikdüzü/İstanbul,1
In between sleep and awake,1
Somewhere far beyond the abyss,1
meteor city,1
My room.,1
Borneo,1
the 2D World,1
VONGOLA hideout,1
South Plains TX,1
In Cody Rhodes's Dreams,1
Bellingham WA,1
80 Ursa Major,1
toronto ontairo,1
Comunidad Valenciana,1
Neapolis,1
La Mancha,1
On the boulevard of broken dreams,1
Inside a Fragile Christmas Box,1
Maxico,1
Curtin,1
colony 9.,1
i did not decided yet,1
Promised Land of 7107 Islands,1
sumwheee,1
Laoag,1
Curitiba PR / Bastos SP,1
new york.,1
eh? look in about me peoples,1
Essex England,1
mai room,1
there!*points*,1
Shibuya UG,1
Somewhere in Romania :D,1
from my sweet home,1
Lappeenranta,1
a161d707b02b01b47796fba0ac32ba9f,1
Nowa Sarzyna,1
Amegakure No Sato,1
Da whack,1
Searching for the Full Moon,1
forever !,1
Santiago chile,1
Shit Taste City,1
Chile c:,1
FL. 33010,1
616,1
Teton eatin by killer strawberries,1
Fujairah,1
Nordland,1
Traunreut,1
Goiás.,1
UK/England,1
Ireland/Northern Ireland,1
Ilfov,1
most of the time,1
Nasty ass Arizona,1
silver millennium,1
Rushcutters,1
edo,1
The Room,1
Somewhere Deep Within My Own Thoughts,1
Middle-Earth,1
Austraila/ Melboure,1
Dolny Śląsk,1
865,1
Autofactory Hood,1
Macross,1
Lvov (Ukraine),1
closed space,1
khartoum sudan,1
Wasting away in Margaritaville,1
In your face Geemaa!!,1
Pittsfield Ma,1
Frozen wasteland,1
Engand.,1
My Own World !,1
Kewr,1
51°36′33″N 16°51′27″E,1
Blanchardstown,1
somewhere in the universe,1
Ostrzeszów,1
Канаш,1
On the back of my beloved Crows~,1
East Quincy,1
...in your nightmares...,1
Laguna Beach,1
Lake Balboa,1
LOL,1
Harem Route,1
Everywhere and nowhere.,1
look behind you.,1
pl,1
Phantasm,1
Your Mother!,1
Western Maryland,1
No Where Land,1
Braşovuuu ',1
Lost in thoughts,1
Prt Hueneme,1
Baveria,1
Valyermo,1
Cloud Recesses,1
poo,1
japan tokyo,1
Oakland California,1
Somewhere in Hell fighting off demons with my bare,1
En la máquina del tiempo del Dragon's Lair,1
It doesn't matter.,1
Nambour,1
Henderland,1
Rio de Janeiro Brasil,1
Undisclosed,1
Yalova,1
Penguin Village,1
agusan del norte. philippines,1
恋と愛と心,1
uae - rak,1
Cavan,1
Quito-Ecuador,1
325,1
"A sad little place called ""Reality""",1
Somewhere in this boring world...,1
Austria (nowhere special :P),1
Remscheid Germany,1
Somewhere people can't see,1
It says im in America... but I really live in Prag,1
Hogwarts school of witchcraft and wizardry,1
Barcelona-Vic,1
I Reject Your Reality And Subsute My Own,1
Doneck,1
Israel. haifa,1
Bad Luck Town,1
atlanti,1
Lithuania~,1
Somewhere in Washington,1
the one for traitors and kinsl,1
Somewhere on planet Earth . . .,1
São Paulo / Brasil,1
World of Darkness,1
On top of a mountain of boar skulls,1
Shreveport/Louisiana,1
Manhattan New York,1
Budaörs,1
Türkiye Bursa,1
Gnome Villege,1
Russia. Saratov,1
Moss ØStfold Norge,1
76e899431858021c707c6010626fa9ea,1
In my loli harem!,1
Pocatello Idaho,1
Belokurikha,1
Carmel,1
West midlands,1
El Vibrato Island,1
FL. USA,1
Cheeseland,1
south caralina,1
A wild Russian tundra.,1
the central dogma,1
krakow,1
Katerini,1
Literally An Empty Space,1
isekai,1
Somewhere in Northern Hemisphere...,1
Umadbro?,1
CAlfornia,1
uuooohhh,1
wonderland~ oh look its the hatter~,1
680,1
Future Gadget Lab :P,1
Between Hell & Heaven,1
japan sapporo,1
Norther Ireland,1
America/Texas,1
- - - - - - - - - - - -,1
Through the Looking Glass,1
Germany!,1
Hidamari Apartments,1
Suomi Finland Perkele! XD,1
unfortunately...,1
Lumpur,1
D�bica,1
sky high,1
entre rêve et réalités,1
Tarnowskie Góry / Poland,1
indonesi bali denpasar,1
Rokkenjima XD,1
Shitsville,1
In Dispair,1
and everywhere else!,1
la pryor tx,1
the land of awesomeness,1
South Pole,1
Barinas,1
winterhaven florida,1
Somewhere in Southwest USA,1
on a boat on a river,1
Port Elizabeth,1
England (stw. Academy City),1
Somewhere on this little planet,1
butts,1
walewice:D,1
Behind the monitor,1
Lot 4 / Essaouira / maroc,1
Chateaudun France,1
newcastle - Australia,1
Vinculum Gate,1
Your psyche.,1
Berkshire SL6 OJU UK,1
Solvang,1
The World That That Never Was,1
CanadA,1
*tap* behind you c:,1
Orland,1
Forney Texas,1
Gijón,1
st croix us,1
Manipur,1
Sobral,1
Cebu City Philippines,1
Hayward,1
Märchenland,1
Arges,1
Seoul and Tokyo,1
guanajuato,1
Hadrianapolis,1
Shafter,1
near the hell's gates,1
Melbourme,1
OKA☆KEN.,1
box,1
IN THE FUTURE (2013),1
That place with the snow and water and such.,1
Secret :D,1
Pea Ridge AR.,1
lingerie section of Walmart,1
HI.,1
S. California,1
Pallumpollum,1
Wherever I'm watching anime.,1
United World,1
Alfred's Glasses,1
WORLD,1
Orosháza,1
DerbyShire,1
munich,1
tel aviv israel,1
Witkowo,1
meme city,1
In the western part of the United States.,1
loljk Philippines,1
Cantal,1
Hyperbolic Time Chamber,1
lawrenceville Georgia,1
Isreal California :D,1
Crenshaw,1
112,1
CA 94546-1452,1
Earth is blue like an orange,1
United Sates,1
~Somewhere over the Rainbow,1
Athens//Goddard,1
Parker/Denver Colorado,1
Uherský Brod,1
A sides of Disneyland・Ｆｒａｎｃｅ,1
68a970192e12152a4a44494b384b2664,1
Río Negro,1
pr,1
gauteng,1
Szumowo,1
Candy land ♥,1
Feather Falls,1
http://www.piuminimonclers-outlet.com,1
Crestview,1
the 9th prestige of hell,1
ocean gang,1
The United States,1
an island far-far away,1
Still Walmart,1
sicilia,1
Curitiba/Brazil,1
The World :),1
Oboyan,1
Poland - Szczecin,1
Kaio Shin Kai (DBZ) Zarate-Buenos Aires (Arg),1
San juan,1
Elizabeth Lake,1
Pearblossom,1
Somewhere. Eatin' blue jelly.,1
Kerikeri,1
Jawa BArat,1
Canadia.,1
Somewhere in Pennslyvania,1
Happy Town,1
The Land Of Precure,1
Rostov-on-don.Russia,1
Scrapyard,1
B U L G A R I A,1
el paso tx,1
Temirtau,1
Rostov - on - Don,1
England *sips tea*,1
K.S.A - Taif,1
Grand Forks,1
PLANET VEGETA,1
anime landfill,1
somewhere over THE rainbow,1
sp capital,1
Midland Texas,1
Nightmare Realm,1
Norman OK,1
collecting power!,1
milton keynes,1
6ef48dceb88d22df0f7a3b25529c0664,1
Sol,1
Wherever my mind goes,1
Mission Hills,1
library,1
Ebmud,1
United Kingd-- I MEAN JAPAN,1
Penngrove,1
Nottinghamshire England,1
NC 28601,1
CT 06103,1
GA 30458,1
TX 75244,1
IL 60219,1
OR 97023,1
ひ・み・つ！♡,1
CA 95616,1
NY 14604,1
TX 76373,1
Austria.,1
Blackarino,1
Naval Base Ventura County,1
Porgual,1
Shibusén Academy,1
MO 63108,1
Saudi arabia.,1
San Antonio de los altos,1
Furinkan High School,1
Litchfield,1
k.$.@,1
Neverland PHP,1
http://www.seeatv.com,1
sin city.,1
Cartoon Network,1
Санкт-петербург,1
AC,1
Donde no sale el sol,1
omnipresent,1
Clare,1
ITA*****,1
the world god only knows,1
Rantasalmi,1
on the way to Narnia,1
Moncler sito ufficiale,1
yes mars! ;P,1
The World God Only Knows,1
midwest,1
Out The Country Now,1
Sunny Sunny England....,1
canalopia,1
sibiu,1
Woodford Green,1
Burwell,1
Parma e dintorni,1
Tr,1
return me to Tiffany's & Co.,1
colombia...,1
verona italy,1
under the weight of my regrets,1
Under a rock. c:,1
London ON,1
UCF,1
Rio de Janeiro...,1
o eso dicen,1
Loser Island,1
Misery. I mean Missouri**,1
Romania Timisoara,1
Moon Fields,1
My house! :3,1
Cascais,1
Sędziszów małopolski,1
Arrowsmith Illinois,1
高天原,1
UNITED STATES,1
Filthy Gaijin America,1
Russia/Yekaterinburg,1
Phantomhive residence,1
pinoy,1
ᒪᗩ☂ᓰ-23.74° & ᒪᗢﬡGᓮ-90.37°,1
Clusane,1
Somewhere x3,1
Minnasota,1
Sleeping somewhere,1
Hämeenlinna,1
Itaquetinhangabaninizaburetulabiricaba,1
Near Lublin,1
canterbury,1
Vespasiano.MG,1
Cambridgshire,1
Genoa (Italy),1
Taco Bell Restroom. o.o,1
Makai,1
go ask someone who cares...,1
Midwoud,1
Al-Buraimi,1
097,1
Potomac,1
Behind a computer screen,1
Idk but i eat kids,1
Russia Vladivostok,1
Qatar ~ Doha,1
Nova Zelandia,1
Oita Japan,1
I'm creeping behind you. Look out! XD,1
Anime expo 2015,1
Lower Lorraine,1
Nijverdal,1
Galactic Empire,1
Somewhere near my PC,1
Singapore (The small red dot on the map),1
Hungary-Debrecen Saudi arabia-Dammam,1
None of ur business!,1
Where Bears Live,1
M ERICA,1
islamabad,1
NewZealand!,1
NC (USA),1
シュテルンビルト｡,1
Medina,1
AfriKorea,1
NJ 08865,1
Otford nsw,1
riyadh-saudia arabia,1
In the netherworld,1
None of your business♥~,1
42° 10' N (Latitude) 87° 33' W (Longitude),1
Fla,1
Chasing Black Rabbit around the Little Garden,1
Yaoi Heaven :3,1
Katowice i okolice :),1
nevermind...,1
Wiesbaden,1
Wherever I am,1
Sitting in the dark.. all alone,1
somewhere beyond the sea ♪,1
ANKARA,1
Contanta Romania,1
Anime Zone,1
Espinho - Aveiro - Portugal,1
Ryslinge,1
Bulgaia,1
Europe - Poland,1
Behind You ~♥,1
http://www.fahmsoft.com,1
[Unable to verify location],1
Despair,1
511 Kinderheim,1
Winter,1
Khorramshahr,1
1.048596% Divergence,1
almere nederland,1
Río Gallegos,1
Deadland,1
Nuevo León. México,1
somewhere in my room,1
catania,1
Chonburi,1
Saturn ♥ ♫ ♥,1
Pikeville,1
SOME WHERE OVER THE RAINBOW,1
Too far to get home.,1
out of the woods,1
This couch,1
milktopia,1
Assam,1
Road to Heaven,1
Taif - Kingdom Saudi Arabia,1
Mihailovsk,1
Reggio Calabria,1
Russia ;3,1
The Center of Creation,1
kempner tx,1
Commonwealth of Australasia,1
Gakuen Toshi(Academy City),1
Take a guess,1
Yggdrasil Labyrinth,1
Sunny shores of Singapore └( 'ω')┘,1
Illions,1
Krokstadelva,1
NYC :),1
Michigander,1
Chicoutimi Saguenay,1
In a room with a lot of manga's !!!!!!!!!,1
Venezuela - Zulia - Maracaibo,1
Never Neverland,1
In the shadows ... stealing your cookies,1
my grave,1
Riften,1
Poppay,1
456,1
Not So Dead BattleFront,1
Looking for some pantsu,1
01001101101,1
In my fuckin' school D_D,1
Jyväskylä Finland,1
São PAULO,1
sweden i hope,1
Nilópolis,1
sankt petersburg,1
Saudi Arabia-Jeddah,1
California...or IN YOUR PANTS! XD,1
In your nightmares...,1
atlantis,1
MINNESOTAAA!,1
Moonbase Alpha,1
Sakura-sō,1
Pruszków.,1
piumini moncler,1
Shinra Company,1
Kyzyl,1
Lakevilla Illinois,1
Not telling.,1
Somewhere in this big planet,1
West Coast Area - USA,1
Stratford NZ,1
Pallet Town/Domino City,1
downtown L.A,1
Jaslo,1
Brazil SP,1
BASEDWORLD,1
The Land of the Lost,1
Royal Lusitania Beach,1
Your monitor.,1
Lc,1
bogota colombia,1
Lybrania,1
seymour,1
camdenten missouri,1
Canarias - España,1
Lost between several idols,1
Chuadanga,1
Irk,1
kenosha,1
In My Own IMagination,1
orange county,1
New Dork City,1
Belém,1
England South Yorkshire,1
Behind my laptop,1
Saudi / U.S North Carolina,1
Inside your brain at the moment.,1
Santiago Bernabeu,1
saudia arabia - almadina almonawwara,1
saudi arabia . riyadh,1
Etimesgut,1
pallet town (las vegas),1
The stars,1
ca / nj,1
Ontario!,1
In a Corner of my Head,1
fɪləˈdɛlfiə,1
Aqui,1
Berlin - Wannsee,1
tenessee,1
lubelskie,1
Sweetwater,1
Sweden-Poland :D,1
Trefnant Wales,1
Beyond The Known Universe,1
Phili,1
Pasay City,1
Rch Palos Vrd,1
Feodosiya,1
La Paz B.C.S.,1
Candy Land~ >XD,1
On the Border between Gensokyo and Asgard,1
I'm in Canada,1
Pure speculation,1
skipping through digital galaxies,1
Pale Blue Dot (Valencia - Spain),1
Claromecó,1
Qawra,1
being flirty~,1
iserlohn,1
Motala,1
Poland :),1
Carnikava,1
OtakuWorld/Bayern/Rosenheim,1
Halloween City,1
San Juan Capo,1
In the toilet,1
Not Canada,1
Krainy Wiecznych Łowów,1
underneath your clothes,1
Widawa,1
Všeruby,1
Ireland belfast.,1
GakuenNoShi,1
Basquisimeto,1
north brunswick nj,1
Dans un autre continuum espace-temps,1
the nebula,1
Rio Grande - RS,1
Baja California. In Mexico,1
SP Brazil,1
Aston,1
Under the sky,1
Cebu City. Philippines,1
Japan Watching the Animes.,1
P-town,1
poob,1
Karichi Land,1
South East London,1
FL 34741,1
SaintP that one in Russia,1
The land of cheese potatoes ♥,1
836015,1
Praia da Vitoria,1
Abbotsford B.C,1
Sao paulo capital,1
St. Vincent,1
Bowl of Warm Milk,1
Zielona góra Poland,1
Boise ID,1
Japon :D,1
Tg. Balai Karimun,1
Your heart~,1
Rotterdam City,1
reading your manga ^^,1
SK Canada,1
Coland,1
Brookhurst Center,1
Cardboard box.,1
Rusia,1
In An Ocean of Yaoi~,1
Chiclete,1
Akerhus,1
Bourgogne,1
Somewhere in the dark...,1
Sao Paulo - BR,1
The Plains of Amurrica,1
unfortunately,1
arkham asylum,1
Poland:,1
Mogi-Mirim/SP,1
The Dragon State,1
Псков,1
Portlandia,1
s. fla.,1
Rio Linda,1
Loire,1
54.28321,1
MEXICO CITY,1
Schleswig-Holstein Germany,1
Rio de Janeiro/RJ,1
nYc,1
La.,1
Germany ¬_¬,1
三咲町,1
SLO,1
THERE!!!,1
Makkah.,1
The City of Angels,1
http://www.7dayscleaning.com.a,1
strasbourg (france),1
Computer chair,1
600 N Garden St,1
Ridgecrest,1
ネバーランド,1
alberta canada,1
Ketuncky,1
RIYADH\SAUDI,1
Made in Heaven,1
Ukraine.Odessa.,1
Behind the mirrors,1
West Vlaanderen,1
MuffyMuff Kingdom,1
poland lublin,1
Ukraine. Kharkov,1
In front of my Laptop,1
Rithuania,1
そらるの側に(　ﾟωﾟ),1
Floating through space,1
Halls of Anguish,1
The Asteroid Belt,1
I exist?,1
Czechoslovakia,1
Warszawa/ Warsaw,1
Waterbending Tribe :D,1
gruik,1
Gliwice.,1
Rio de janeiro RJ,1
marikina city,1
33110,1
It's on Earth,1
Perth.Western Australia,1
Krasnodar Russia,1
Promised Land,1
Brasil - SP - Bauru,1
osaka'japan,1
WGC,1
Zaban City,1
K-2L,1
Croatia ^-^,1
Кубинка,1
world of lolis,1
Eorzea (Bulgaria),1
T-Decimal,1
morehead kentucky,1
Google Maps,1
Pewter City,1
Dans le néant,1
nothing,1
Boca Do Rio,1
America/Toronto,1
Kyzylorda,1
Värmland,1
U.S.A. Utah,1
Leopoldina,1
slaps u,1
A Place Further Than The Universe,1
Atakum/Samsun/Turkey,1
Nowhere vill.,1
Обоянь,1
Puglia/Italy,1
At a parallel void,1
Viseu,1
Невель,1
North Carolina/Chapel Hill,1
SE United States,1
L.A California,1
969,1
Huddersfield UK,1
In the sky somewhere,1
Melborune :,1
Lost ;;,1
Варна,1
Greater London,1
Your Mom's Room(;,1
Nigdziebadz,1
Iacon,1
Ballantine,1
land of all things deadly.,1
India's Capital City!,1
Staten Island.,1
In the Congo,1
Gensoukyo,1
T-Dot,1
atrás de ti,1
the Moon.,1
Wide Valley,1
Occitania,1
Asmundtorp,1
Cher,1
Nové Zámky,1
Россия. р.п. Линево,1
(*///*)/,1
Seoul Korea,1
Fort Worth Texas,1
-Blam!-,1
Toronto Centre-of-the-Universe,1
CentralUS,1
海王星,1
ft Sill OK,1
Black Isle,1
Krasnoyarskiy region,1
Trn,1
8641,1
5200,1
Hamster cage,1
Somewhere Beyond...,1
ec51915cf1ef08211f21056cf77e08c5,1
Hundred Acre Woods,1
japanifornia,1
dumas texas,1
North East UK,1
Alpha Land.,1
Ohara,1
Turkey/Ankara,1
LA. 90001,1
East Blue/Dawn Island/Fuusha Village,1
Saimoe Planert,1
uke world ~~,1
Russia Krasnodar,1
next to chu :3,1
nagercoil,1
aguilar ca usa,1
Sheffield UK,1
Zanarkand mothafucka,1
Starowa Góra,1
edge of the world,1
Ilhavo,1
vaslui,1
Nowy Sącz / Kraków,1
Kanas City,1
Cracow~,1
Greenwood,1
GA 30338,1
Ballarat,1
636,1
Baarn,1
Berkshire,1
CA; 626 represent!,1
guangdong,1
Florence Kentucky,1
Sumut,1
In your face!,1
that's right. I'm not there.,1
Rotherham/England :),1
delft.,1
palet town,1
Imatra,1
Poland/Malbork,1
Merseyside U.K.,1
Noman's Land,1
Dothan Al,1
Mauritus,1
♪♫Miss my wolfychan ♪♫,1
Kazlų Rūda.,1
In Harry's Trunk,1
Slave Pit,1
In front of my television watching Anime,1
Far from reality xD,1
Bharat,1
Nagoya (Japan),1
Cimahi ↔ Bandung,1
Some undisclosed basement,1
Czę-100-chowa//Katowice,1
Meta World,1
portland or,1
Karakura,1
In the land far far away...,1
Where?!?!,1
Singapore / Malaysia,1
Aurillac (France),1
Over the rainbow.,1
Kirigakure,1
in onii-chan's pants *sniff sniff*,1
Corato,1
FL 32818,1
Novi,1
Fuck you Canadians,1
where my feet take me,1
Vildbjerg,1
nueva ecija,1
Dove il mare è ancora blu!!!,1
Supein,1
500 West 6th Street Missouri Rolla,1
FL 32408,1
Ph.:)),1
wadawa,1
Borderland,1
Maroochydore BC 4558 QLD,1
Mellborune,1
Ghosts,1
Whiterun,1
978,1
Police ( city ),1
Trapped within my Illusion,1
tulsa,1
Sanok,1
Preparing a new coup,1
New York Brooklyn,1
Nihon,1
Suomi/finland,1
Dallas Tx,1
new jearsy,1
Tywyn,1
oside!,1
『 u t o p i a 』,1
Bahrain Our Home,1
Kipi's mercy,1
ZAFT,1
marmaris,1
ČeskáRepublika,1
MD 21102,1
FL 33948,1
Somewhere In The Darkness,1
Khaz Modan,1
Pleasant Hill,1
Tales Of Graces,1
67063,1
TN 37174,1
eh,1
In the closet. ;),1
The Edge Of The Universe,1
Chile ಠ_ಠ,1
Philly :D,1
kw,1
Ohio USA,1
North Wales - United Kingdom,1
chaves,1
Australia-Qld,1
Arlington,1
DC 20019,1
linha do equador,1
Orintholestes,1
West River,1
Ref city,1
Bloemendaal,1
さー,1
Stein's lab,1
Tendo Dojo,1
Lecco,1
FL 32804,1
Ufa and Moskov,1
On the Border of Fantasy and Reality,1
FL 32333,1
Dakar,1
Blackfoot,1
part time japan.,1
CA 95051,1
taking bong hits with nee-san,1
Watching you,1
The Cakemeadow Wonderland,1
imagination land,1
zomdieland,1
Pereiras,1
Lost in Thought,1
Station 3,1
0,1
Карабаш,1
Inuyasha Daydream,1
N.Balcescu,1
I'm not actually 70+ years old,1
Mediterranea,1
Rishon Le Zion Israel,1
californ,1
jazan,1
Jakarta-Indonesia,1
skyrim,1
The void,1
Litoral :D,1
Kuwait..Dahar,1
e de preferência na cadeira .-.,1
cururupu maranhão,1
Mato grosso,1
Hampden,1
Rehoboth Beach,1
saratoga springs NY,1
Buffalo Mo,1
under your bed perharps?,1
☆空,1
Sasuke Uchiha's secret chamber,1
Somewhere in the World :D,1
Wilayah Persekutuan,1
somewhere in the rainbow ~,1
burnby,1
Brazil or Brasil,1
Cannot Tell You. Its a Secret~ :D,1
Under your floorboards,1
my desk drinking coffee,1
Here... In your arms?,1
Jacareí,1
Serbia/Pozarevac,1
Ivano-Frankivsk,1
A dream within a dream.,1
Maloyaroslavets,1
Rio de Janeiro RJ,1
2450 Whittier Blvd Ste D,1
CA 92376,1
The Pacific,1
Caracas-Venezuela,1
Some where at home on the laptop :V,1
Here (kinda obvious),1
Newquay,1
US East Coast,1
Goiais,1
Rokugan,1
Kozienice,1
Sioux City IA,1
Harare,1
I wish I was in Akihabara (T_T),1
Minha(ou não),1
Kielce / Lublin / Końskie / Polska,1
antioquia,1
anywhere but cali,1
374,1
SAKARTVELO(GEORGIA),1
Jeløya Norway,1
http://visualnovelaer.wordpress.com,1
Rincão-SP,1
Sarawak(located in Malaysia),1
Seul,1
33010,1
Tuaisceart Éireann,1
Under Arakawa bridge.,1
bunbury western australia,1
Bozeman MT,1
CCG,1
belgorod,1
My Sofa xx,1
谷の涙の中にと空の血の下に,1
Kazahstan. Shymkent,1
Bulgaria/Dimitrovgrad,1
Westmont Illinois,1
Tulsa Oklahoma,1
Brazil ♥,1
Hereford,1
Ostantarktika,1
Over the rainbow...in wonderland:),1
That one place at that one location,1
FL 32789,1
Curitiba - Paraná / Brasil,1
FairyTail~,1
Belden,1
Deby,1
Potato Land,1
La La Wonderland,1
hahaha no,1
Erdély,1
750,1
in the moon,1
#1958,1
江東区、東京都,1
Afrte,1
k s a,1
Jhenidah,1
OH 44112,1
South wales,1
it's somewhere else),1
S Korea,1
America - North Carolina,1
Dallas OR,1
Somewhere Probably. Maybe.,1
Catalão-Go,1
Amurica,1
your trashcan,1
Inside the cat box,1
Новосибирская область,1
Sulecin,1
Dunedin,1
Bearden,1
Mu Island,1
La Mesa,1
442,1
in your mind.,1
Lawrence,1
Everywhere I need to be.,1
Coco Ichibanya,1
Danbury ct,1
winterfell,1
✩彡,1
not Mars.,1
Shibuya.,1
Silang Cavite,1
Москов,1
54725,1
chandrapur,1
Council Bluffs,1
Illinois 61413,1
FL 32304,1
Alaska 99693,1
ur anus,1
Brisbane.Australia,1
"alert(""xss-tutorial"");",1
alasksa,1
UVER,1
Pereira,1
Poland (Piotrków Tryb.),1
La Plata Buenos Aires,1
karadise,1
Monticello,1
Kuwait - Kuwait city,1
Germany -,1
Polska(Poland),1
Georgia 31712,1
Valley of California,1
In a city,1
IL USA,1
Where else?,1
Jabir Al-Ali,1
CA 92544,1
Outside of your window o___0,1
en France,1
Realm of Demons,1
Lynnwood,1
Your mom's house.,1
AZ 85013,1
Gorda,1
The Man from Nowhere,1
The Cornbelt,1
Landover,1
Somewhere in the Sky. Melbourne,1
In Koyomi Oniichan Heart :),1
North Hollywood California,1
エロマンガ島,1
your asshole,1
NEW York City,1
WISCONSIN,1
Brampton On,1
Lewiston Maine,1
Bollnäs,1
da mewn,1
Santa Barbara California,1
northville new york,1
Mudlovsk,1
49311,1
konoja,1
RAK,1
NM 88001,1
flying high in the nightsky,1
Alamo,1
Londrina PR- Brasil,1
hialeah,1
memphis tn,1
meet me halfway..,1
In Hetalia World!,1
ABiKyokan 459,1
🚀🚀🚀,1
Wrocław/Poland,1
Chernigov,1
The Dream World,1
somewhere in asia,1
Republic of Korea,1
Bloomfield,1
Planet Earth. 8D,1
0650 bay area,1
ω σ и ∂ є я ℓ α и ∂,1
Ukraine. Kiev.,1
Battle City,1
Lublin Poland,1
somewhere in the american south west,1
BIOT,1
Lanark,1
Riyadh ♥,1
ඞ,1
Western Siberia,1
Carei,1
7zaro ;P,1
Generic State,1
... Why do you want to know... Stalker,1
in my dream world,1
Loli heaven,1
we just don't know,1
"−58° 44' 56""",1
Ikebukuro in DRRR!!,1
qc,1
South West Michigan,1
Russiah,1
TX 75208,1
losangel,1
Tonopah,1
Prison G-5,1
Kansas City Kansas USA,1
30520,1
il.,1
Londrina - Paraná,1
Orasul celor 7 dmaburi si hopuri,1
Marukawa Publishing,1
Spring Park,1
A mystery,1
New Foundland,1
death valley,1
In the cold ಥ‿ಥ,1
in cave,1
Without a Country,1
Menton,1
Perlis,1
N.,1
Kirkcaldy,1
Нижегородская обла?,1
D.Gray-man World!,1
サンクトペテルブルク,1
Caliornia,1
Bady Bassitt - SP,1
Olinda - PE - Brazil,1
Minnsota,1
Near Hell,1
Xalapa;Veracruz. México,1
montréal,1
Wedde,1
NBD,1
Russia Moskow,1
olsztyn,1
A Desk,1
Llamaland,1
Poland Krośnica,1
Neu-Ulm;Germany,1
Here :),1
Veliko Tarnovo Bulgaria,1
Rancaekek,1
Rio Gande do Sul,1
Somewhere In Dreamland.,1
São paulo.,1
Yalta.UA,1
Classic Club,1
The hague,1
CA 94901,1
Hogwarts :3,1
Chilcoot,1
"−29° 00' 28.118""",1
newyorkcity,1
Londoparikong,1
Belle Chasse,1
Pensilvania,1
Kabukichō,1
right behind you?!,1
St. PigeoNation's Institute,1
Bowling Green,1
di jantung muuu,1
California 93601,1
The world,1
Alcalá de Henares,1
Bainbridge,1
Qld,1
Fiji,1
Ventura,1
Anime Realm,1
Where it's currently summer,1
Leciester,1
eroupe london,1
Puntarenas,1
Tower of High Sorcery,1
Richmond Kentucky,1
Manchester you kei,1
Missouri 64499,1
Japan - Canada,1
¥,1
Outworld,1
SouthEast Michigan,1
TRINIDAD AND TOBAGO,1
Brasil -q,1
edgewood MD,1
Ohio Bro',1
United States of Nippon,1
WA state,1
PROTOS,1
riyadh saudi,1
Hillsboro,1
Kharkiv. Ukraine,1
Secretary,1
To my {DREAMS},1
Fyn,1
║█║▌California║█║,1
somewhere in malaysia,1
Matt's Cave,1
somewhere out there.,1
New _ Underground,1
✥Somewhere in the Darkness✥,1
volta redonda,1
Gingertown,1
In A House,1
under your bed :P,1
Ponta Delgada-Açores,1
boulder co,1
-_-,1
MAL>Edit profile>My Details>Location,1
Santa Venetia,1
Swimming In A Pot Of Ramen,1
Highten View Terrace,1
Hells Gate,1
maigo desu~,1
Trikru,1
Crosby Texas,1
;3,1
MAnchester. UK,1
sabaody archipelago,1
zambia,1
Oklahoma 74421,1
Riga/Saulkrasti,1
Sulejówek,1
Illusion,1
Akihabara District 820,1
A bright smoke free room,1
Rustyspoonville,1
NorthWest Indiana,1
comepletely f#%ked up id,1
Holand,1
In the trees. . . >_>,1
Chicago/Louisville,1
Not Japan :(,1
34d888aa22de3c963f735c8e070515c6,1
East Orange,1
the air arround me,1
Atlantic NJ 08201,1
Clover Kingdom,1
блин)),1
paradise,1
Phoeni,1
Batcave,1
Goes,1
TX 77027,1
Underneath the palm tree,1
Somewere on Earth,1
Olkusz | Poland,1
NEw Zealand,1
mcallen,1
The Philippines~,1
PC,1
C:,1
honduras (you dont know it XD ),1
somewhere with a computer,1
Paraiba,1
somewhere land,1
Kazakhsan,1
Texas 78733,1
Does it matter?,1
Celestial Spirit World,1
somewhere between H & H,1
Franklin IL 62999,1
Somnium world,1
City of Enigma,1
The wonderful world of anime,1
Россия Электросталь,1
The Misty Lake,1
Sempre por perto...,1
099,1
grandline,1
Georgia 39824,1
brasil rio grande do sul,1
Canada (Eh) - Toronto,1
In my bed. Sleeping.....,1
Winnett,1
Astraea Hill,1
Norway!,1
Corfu,1
Chocolate bath,1
KS 66211,1
Reykjavík.,1
in the LCL,1
In Middle-of-Nowhere,1
EU: Poland. Lublin,1
In a ditch eating cup ramen.,1
IRE,1
Ontarip,1
457,1
Otacilio Costa / SC / Brazil,1
Aleksandrów Kuj.,1
Trikala,1
Guzów,1
Austria),1
marzenia❤,1
Izmit Kocaeli,1
thumbing up a ride,1
After Revenge,1
Ostrovica,1
Pay-Rock,1
Flintridge,1
In another world with my PC,1
Suna | Aldeia da Areia,1
Middle of the Ocean,1
France :hap:,1
o3o wut,1
My house (The Netherlands),1
M'SIA - KUALA LUMPUR,1
Under your computer's table,1
Someplace cozy,1
Asgard bitches,1
Полтава,1
Świdnik / Warszawa,1
Silent Hell.,1
747,1
jcjujdidiid,1
GXNN,1
Maui. Hawaii,1
>.> if i tell you i have to kill you,1
DeFectuoso,1
Bard College,1
Pe luna,1
Space~,1
(secret) ^^,1
P.E.R.U.,1
Eden Prairie,1
I think somewhere at Southeast Asia...,1
Maryland 21830,1
On a Dorito,1
Unde your bed,1
Your waifu,1
Ganymede?,1
Samtredia,1
se-cr-et,1
www.saclouisvuittonshomme.comwww.saclouisvuittonsh,1
Under the Stars Of Rain,1
ღWith my love Wolfy Chanღ,1
WA 98901,1
ZpxyL,1
Sweet Louisiana,1
edmonds washington,1
At Home...,1
London-Šiauliai-Lutsk,1
New Jersay,1
416 | YZZ,1
Somewhere in League of Legends,1
Zakynthos,1
Ungheni,1
Jarosław,1
Stralsund,1
apparently...?,1
by ur side,1
San Francisco CA USA,1
Brazi,1
NERV HQ,1
One Piece Land,1
-_- meh never mind,1
Various locations in FL,1
In Your Pants ;),1
Ad Dammam,1
Fairfield,1
France xD,1
Nettuno,1
Somewhere in Tennessee,1
Teruel,1
Sacs Louis Vuitton Homme，www.saclouisvuittonshom,1
Cosmo Entelecheia,1
Spiral Planet,1
Between Dimensions.,1
Dejima,1
utrecht Netherlands,1
076,1
Surface net: Area 007,1
Poland; Warszawa,1
Yau ma tei,1
I wish i lived in Japan =),1
Canberra Australia,1
vaguely near Denny's,1
Cosy Room,1
Serbia / Nis,1
Steiermark,1
Always Winter.,1
Pennsylvania (Delaware County),1
P-P-Paris,1
Yangon,1
Elbląg/ Gdańsk,1
small country with weird language and traditions;),1
cannock,1
г.Волжский,1
29662,1
Mikołów Poland,1
Chmielno/Poland,1
No Permanent Address,1
🌸 𝘺𝘰𝘶𝘳 𝘩𝘦𝘢𝘳𝘵 🌸,1
Middle of Nowhere: california,1
Lucky✋Land,1
🛋,1
California 809,1
Shropshire,1
Chalkida,1
brasil.RS,1
✿,1
Staring at a computer screen,1
SJC-SP,1
American Cyn,1
芬兰,1
Mt.Vernon,1
Medan/Indonesia,1
Kentucky 42726,1
lipa city,1
Garden of the Sun,1
Wiltshire/Hampshire,1
Georgia Tech,1
zeist,1
CT 06905,1
ur dads asshole,1
spring grove,1
www.saclouisvuittonshomme.com,1
Partying in da Club,1
Izh,1
Punkcela,1
Divergence # 1.048596,1
Candyland!,1
Spokane Washinton,1
Barueri,1
leopika hell,1
Szolnok,1
Kanasas,1
Just below the sky:),1
Top Secret,1
Taipa,1
braziiiiiiiiiiiiiiiiiiiiiiiiiiiiiiiiiiiiiiiiiiiiii,1
Philippines around Pembo,1
sydeny,1
Réunion (ile),1
Florida 33920,1
Brasil - RN,1
Virgini,1
PA 17552,1
The Everdistant Utopia,1
Sous le Ciel,1
ontario london,1
orissa,1
searching for the name of the wind,1
632,1
Marabá - Pará,1
OverthatRainbow,1
UAA,1
Rialto california,1
USA / Indiana,1
Pennsylvania (912),1
Over There!,1
cardboard box w/ cats,1
Marabá -Pará,1
bell gardens california,1
Michgian,1
Alcatraz,1
Vancouver British Columbia,1
Err..,1
Phezzan,1
Tallyville!!,1
221B Bakerstreet,1
The Town Where Only I Am Missing,1
Kuran castle,1
On the way to the dawn,1
Kaunas Lithuania,1
IL 61 516,1
Somewhere in your bathroom,1
and good luck getting out,1
EX23 8ST,1
...Good Question...,1
Annandale,1
My own Imagination.,1
and whatever else,1
Cowan Heights,1
882,1
WI 54303,1
The Amusement Club,1
Japan ha not really but i wish,1
New Orleans. Louisiana,1
Blue Neighborhood,1
Za Warudo,1
Home in Alabama,1
Promised land of cats,1
Baltimore MD,1
Vidin,1
Vanadian,1
Northern CA,1
in a dream,1
TDot Canaduhh,1
"Saudi Arabia .. "" NOW """,1
doko da,1
Kelwona,1
In the world of Anime.,1
Umbrella corporation,1
Taco Bell,1
Canada!~,1
Padalarang,1
Jaraguá,1
Banks Oregon,1
Seria,1
Somewhere on a remote island .,1
Gray Raven Squad,1
Canada 8D,1
CANADA :D,1
ra,1
las vagas,1
Cleveland Georgia,1
Little place of lights ~ :3,1
Northern NJ,1
Misaki,1
Saint-Barthélémy,1
Joplin mo,1
benghazi,1
820,1
Nyan Cat Land,1
渋谷区,1
La Paz/Bolivia,1
zelzate,1
Parallel,1
Deasupra Tuturor,1
under the river (?),1
Right Here !,1
Polevskoy Russia,1
Russia Хакасия Абакан,1
In your Hear~:D,1
Chambery,1
ioannina,1
Benedict,1
MNE,1
maontevideo,1
Rzeszów/Podkarpackie,1
Offline,1
Perak，Taiping,1
ribeirão pires,1
tokyo Japan,1
15203,1
Hmm? Where do you think I am?,1
Petaluma california,1
North America-between Canada and Mexico,1
#OuterSpace,1
Para (Brazil),1
New York (the state),1
ネシア,1
世界のどこかに,1
~Italy~,1
san marino,1
Earth...,1
Komorniki,1
Commorion,1
Rio de janeiro Brazil,1
Glen Wild,1
Keeler,1
Woof!,1
Return to Forever,1
HO HO HO!,1
Wonderful Everyday,1
Konya,1
Atlanta.gA,1
Saldanha,1
Morrowind PA,1
SAUDI ARABIA,1
Valencia Venezuela,1
Beytepe / Ankara,1
Kissimmee Florida,1
The left side of the universe,1
Brescia,1
Winchester uk,1
heuheu,1
Golden,1
Londan,1
East Borneo,1
August F. Haw,1
In the-,1
Salonika,1
Malga/Spain,1
fontana CA,1
http://yuki-chat.org,1
Don't Stalk Me!!!!,1
C. de Arges,1
Lins,1
ivanovo,1
Pirate ship. Yarr!,1
Calinesti,1
kuroko's kokoro,1
asutralia,1
Room Watching Anime,1
OTAKU Land,1
Las Vegas NV,1
The Reality of Dreams,1
IL (Chicago Outskirts),1
Rotterdam Netherlands,1
Korbel,1
2 circle of Hell,1
holy land ),1
Moist~,1
723,1
Monolith,1
SOUTHE AFRICA,1
saudi arabia - dammam,1
Sunset Boulevard,1
Walla Walla,1
03455,1
Brazil - São Paulo - Guarujá,1
Parallel Universe,1
Kinderhim 511,1
Crying In My Bed,1
Nyappylandia,1
🌱💐🏡,1
Up you butt son,1
Valinhos,1
On the Dark Side of the Moon,1
Tenbi High School,1
Tx(Carrollton),1
Nebrasaka,1
It's a secert,1
Somewhere in Belgium,1
Newcastle Upon Tyne,1
Mikomi-City,1
VASILKI (village),1
Kotka Finland,1
Gelderland!,1
sitting with my pot of,1
creepers!,1
I haven't provided my location. Sorry!,1
/mf/,1
bathroom stall #3,1
Broadsword,1
Kadikoy,1
Arctic Circle,1
Philippines Manila,1
Ekerö,1
Vierginia,1
Rajasthan,1
USA. Har.,1
[C] Financial District,1
HUN/VN,1
Brn,1
purgatory hell,1
Los Ángeles,1
Hanlon's Razor,1
AM,1
My Room! :3,1
Sydney N.S.W,1
Providence Rhode Island,1
The Financial District,1
Warka,1
7th Circle of Hell,1
Noth East Germany,1
Sovngarde,1
sitting under a sakura tree.,1
Somewhere watching anime ^^,1
in space,1
Anywhere you want,1
pigeon forge tennessee,1
Brain,1
151,1
Brazil \o/,1
Somewhere in Holland,1
Utah....what corner of the world would that be?,1
Philadelphia area,1
Away In An Unknown Place Far Far Away...,1
PARK. northern ireland,1
ROmania,1
In a part of this planet,1
British Isles,1
Under your Bed.... jk,1
FL 33422,1
Sibyl System,1
Ruanapur,1
f56afb84ec7aed55811c8a46daa36aba,1
Over There.,1
Rutgers University,1
〒東京都葛飾区立石2-19-1-104,1
Wherever you want me to be :),1
France 66,1
Tirana,1
Land of Borneo,1
Gyöngyös/Hungary,1
Inside Outside Wide Space I CAN FEEEEEEEELLLLLLLLL,1
groesbeck texas,1
asgasgg,1
Far from home...,1
SharkCrocodile,1
San Jose CA,1
Forest of Dean,1
Big Apple,1
Aussie!,1
Dirac Sea,1
Brazil | Rio Grande Do Sul - RS | Porto Alegre,1
in your imagination,1
Bs As/MDP,1
Maniuls NY,1
Business Reply,1
A Supernova... A champagne Supernova :),1
Hobart Tas,1
New Vegas,1
9210 Corporation Dr Indianapolis,1
Hogwarts School of Witchcraft and Wizardry,1
Coastal Area,1
Latino América :3,1
México 288,1
Alaska 99778,1
Under Your Right Hand~,1
49722,1
A Nightmare.,1
........,1
Ostrów,1
trol,1
Lethbridge AB,1
Ahsa,1
Bulgaria.Burgas,1
cherokee iowa,1
There and Everywhere in Amestris,1
cell 2-6,1
札幌,1
U-U,1
Lima ~~ Perú,1
Los_Angeles,1
In the 3-D,1
somewhere in texas!,1
65633,1
CALUFURNIU,1
Western US,1
Veroia,1
somewhere beyond the world !,1
Lages - Santa Catarina,1
Studio City,1
Huila,1
tel aviv,1
Secret Base,1
South African,1
sᴛᴀʟᴋɪɴɢ ᴛʜᴇ sᴛᴀʟᴋᴇʀ's,1
under the bridge,1
Alabama 35013,1
where ever i damn well please!,1
Pekalongan - Indonesia,1
In A Imaginary Rift,1
Don't look for me,1
plainfield,1
Maringá Párana,1
elysium,1
The Forest of Chocolate Rainbows,1
Brazil - São Paulo - SP,1
Right Side oF The Hell -,1
La La Land~,1
idontevenknow,1
Under MY Bed,1
Ras Tanura,1
Shrewsbury,1
The Lily Garden,1
i need to stop rating things 7,1
SUDAN,1
Ankita,1
Sindria,1
UNKNOWN.,1
mother earth,1
Asleep,1
Karaj,1
Berlevåg,1
Shumen,1
Beacon.New York,1
confused...,1
Puerto Rico~,1
On a cloud...,1
Seventh Hell,1
Campinas SP,1
South-west england,1
reykjavík :~),1
University of Central Florida,1
Биробиджан,1
eating your food!!,1
Terneuzen,1
Islas Canarias,1
CA 90090,1
Garden of Light,1
PA 17238,1
Idol hell,1
Behind my laptop.,1
Campos Eliseos,1
Nunya Business,1
yuh,1
osu!,1
top of the world,1
**secret**,1
Nightwave Plaza,1
Hampton Virginia,1
7 Sabel Close,1
Indian Wells,1
Inside your Computer,1
Framingham MA,1
in his heart,1
6b870dcfe0d2eaf14c7bb8e69d86cb70,1
SOMEWHERE IN THIS HELL OF AN EARTH,1
Peterborough Ontario,1
Tcheliabinsk,1
you stalker O.O,1
In the Pirate's Island yarrr,1
United Kigdom,1
Lubelskie,1
Ho Chi Minh,1
Chicago Illinois U.S.A,1
Wales Denbigh,1
a place x3,1
Runeterra,1
EARTH HURRR,1
girl,1
DC 20009,1
victorias city negros occidental,1
Fascination Street,1
düsseldorf,1
Swinoujscie,1
The land of Strange,1
Vejle,1
CaliSwag,1
Latvia - Riga,1
Norgay,1
kangar,1
A Coruña/ Tron,1
Кемеровская обл.,1
In my own world :3,1
Tanzania,1
North Greenbush,1
ADELANTO,1
2nd seat,1
無限,1
østfold,1
Playboy Mansion,1
Tennessee (United States),1
Winchestertonfieldville,1
Sovereign Nation of Indiana,1
sacramento ca,1
London/Essex,1
your imagination,1
SAN JUAN-ARGENTINA,1
bris,1
Inside a shattered daydream...,1
alkmaar,1
Mundaring,1
seattle washington,1
Pacific North West,1
kanto region,1
My Anime World,1
Sundsvall/Sweden,1
Rickenbacker Ship,1
Anchorage,1
Anywhere and Everywhere,1
Bulgaria 4538,1
CA 91327,1
Northwest Louisiana,1
Ace's Wonderland,1
mackay,1
Amir Timur street 45,1
Osterund,1
ES-Brasil,1
42. Sydney,1
Hope's Peak,1
Recife Pernambuco Brasil,1
nashua,1
Poland / Lubin,1
Land of Inflation & Tyrannny,1
jonava,1
carolina,1
xhggxhh,1
Northern NY,1
Rin-kun's tail ♡,1
True Cross Academy,1
San Luis Potosí,1
The Land of Departure,1
A bath full of Coka-Cola,1
Trnindad and Tobago,1
I Am From The WonderFul Country Of Trinidad And To,1
@tumblr,1
ROI,1
Hawkins. Texas,1
somewhere in IL,1
US of Awesome!,1
Gorzyce,1
Who Knows... Maybe in Manila,1
Amestris!,1
ummmmmmmm,1
Wrocław/Strzelce Opolskie,1
Greece.,1
Over the rainbow!,1
london - england,1
NW Tennessee,1
pokemon,1
Different dimension,1
Russia-kun~,1
New Jeresey,1
Japan Hyogo,1
praia grande,1
Somewhere ;o,1
meow,1
Wherever the QQ is strong.,1
3631 Pinyon Pine,1
Los Angeles HOLLYWOOD! WOOO!!!,1
SF bay area,1
BROOOOOKLYN!!!!!!!!!,1
Somewhere Only We Know,1
@Home,1
Especially in Michigan,1
PA Area,1
Polska Poznań,1
Intersection Between 0 and l ∞,1
Poland Gryfice,1
delete account,1
Haywards Heath,1
Rio de Janeiro/ Brasil,1
Northeast Ohio,1
Kunas,1
Konomi Cafetaria~!,1
Manaus/AM,1
Biała Rawska,1
Turkey / Kırklareli - Lüleburgaz,1
Silver Lake,1
Deployed,1
Skjeberg (Oslo),1
Horizonte-ce,1
San Antonio Texas,1
New Westminster,1
northern Ireland,1
Internet Land.,1
Central Pennsylvania,1
Paradise.,1
Pine Valley,1
Ukraine Chernivtsi,1
Some Planet called Earth,1
Next dimension,1
57467,1
Suomen persereikä,1
Deep South USA,1
City of Riverside,1
dusty room.,1
Kolkata700029.- India,1
046,1
North Carolina - USA,1
beautiful earth,1
the gym,1
in мч room ︶ω︶,1
new prime,1
298,1
United Kingdom :),1
Faial,1
In a masterball.,1
NY. 11101,1
Emden,1
Niemodlin,1
yeah,1
The Paralleled Universe,1
Gerudo Valley,1
PA 19125,1
Somewhere in the realm of living.,1
a better website than this,1
In my own little dream world,1
Mato Grosso Do Sul,1
333,1
India (mumbai),1
fantasylands of the imagination,1
NC/ Deployed,1
√-1,1
AT Home :],1
Körvalajnen,1
Co. Louth,1
KS 66214,1
torreon,1
pffbt,1
Vancouver Bc,1
London. England,1
somewhere you pick,1
Pantelimon,1
subotica,1
sharing a bed with Eko *sly smirk*,1
Philly!,1
sakarya,1
Törökbálint,1
Colatina - Espirito Santo,1
Unknown :),1
In Your PC,1
neva lando,1
dxb,1
Huh? Where the hell am I now?!,1
dupelx galaxy,1
Wonderland >_,1
Al-Ain,1
Budapest (Hungary),1
Lindsay,1
Polk FL 33827,1
under the sea.,1
Singapore/Malaysia,1
Nuremburg,1
USA East,1
In front of my lappy...,1
Granada Hills,1
betweem the fabric of reality and dream,1
Kumagaya,1
Ульяновск,1
1200 Quail Street Suite 175,1
CA 91764,1
Rio Grande do sul,1
Awesometown,1
South Eastern USA,1
Orsha,1
De Other Side,1
Sweden or Poland,1
home!,1
Koronowo,1
Piekło,1
Every Where....,1
suodi arabia,1
Минск,1
Badalona,1
Brasília (:,1
Riyady,1
Corral de Tie,1
Earthland,1
Sngapore,1
SHEFFIELD,1
The Holy Britanian Empire,1
OUTER SPACE,1
Polska. Łódź,1
UK England!!,1
我爱在哪在哪！！你管不着 =w=,1
Huelva - España,1
brooklyn/sactown,1
Gensokyo ~ Scarlet Devil Mansion,1
Poltava Ukraine,1
Some where,1
Seinegald,1
3272 Half and Half Drive Wishon,1
Србија бато,1
Planet X,1
Milford,1
Rijen,1
2218 Walnut Avenue,1
Fort Plain,1
Ohio 43804,1
Fairchild Wisconsin,1
Wyandotte,1
Eternal Realm of Sleep［(－－)］｡｡｡zzz,1
Jamica,1
Tiphares,1
Tabuk,1
noord holland,1
delawere,1
Poland-Warsaw,1
USA 33762,1
Vendas Novas,1
Neenach,1
FL. 33010 USA,1
Gaithersburg,1
DraGoN World,1
100 Hornor Avenue Owasso,1
Miðgarðr,1
Moonbase,1
Limanowa,1
Baton Rouge,1
dangos,1
Danbury,1
Olean NY,1
497,1
Darkness Soul,1
fool.,1
Zeegse,1
Włocławek/Gdańsk; Poland,1
unitedkingdom,1
Gorzów Wlkp. (Poland),1
Là où je suis,1
33530,1
209838,1
Hungary (EU),1
Hesse,1
At the World's End,1
Ganymede,1
White Sand,1
Poland!,1
Novyy Urengoy,1
►poland,1
fishing,1
YO moms crib,1
24325,1
seme,1
Adelaide Australia,1
Michigan shithole,1
Smiths Falls,1
London & New York ♫,1
Utah 84007,1
NY 13057,1
Lamont,1
MOSCOW,1
Madhya Pradesh,1
Saudi Arabia -Taif-,1
Wells Fargo Bank,1
Alpine Meadows,1
Valkó (Hungary),1
out of my mind,1
Personadise,1
Somewhere btw Fantasy & Reality,1
São Luis - MA,1
Fairfeild,1
Ayakashi Kan,1
RD,1
Pembroke MA,1
london uk,1
Dolina muminków :3,1
Matamoros,1
Osasco - São Paulo,1
Płaza,1
England - Bognor Regis,1
Westlake Village,1
Miku's Heart,1
Laytonville,1
Sydney/Australia,1
H-Town,1
minnie soda ~,1
737,1
Rio De Janeirration,1
Bromley,1
971,1
Somewhere near where Daniel is right now...(Or fut,1
Folsom,1
Dolny Śląsk Wrocław,1
Out there,1
➜➜,1
hello kitty is my favourite anime,1
Moscow ;3,1
Burton On Trent. England.,1
Okinawa Japan,1
Rugdevegen 24A,1
Comox Brittish Colombia,1
CA 9266,1
suzano,1
オレゴン州,1
J5OWD,1
IN HELL,1
Limavady,1
Country of joblessness,1
Jylland,1
Kruszyn krajeński,1
Saint Haven,1
My place,1
Boredom,1
Feudal Japan,1
emag ehT,1
Somewhere beyond the sea,1
cayman islands,1
A Place in Which It's Cold,1
Upper Lake,1
manaus,1
In the United States,1
rio de janeiro/rj,1
Saudi Arabia ★彡,1
Semey,1
Bridgeport CT 06605,1
doudounesmonclers,1
Aurnion,1
US/Japan(study abroad),1
Somewhere better than you,1
Sweden / Finland,1
Porto/Versailles (Portugal/France),1
Polsa,1
Malaysia / Academy City,1
ditch,1
Kanto Region,1
Somewhere in the southern U.S.,1
Sunny Hills,1
673,1
Bremen :),1
orlando,1
Sao Paulo (State),1
Sohma Complex,1
hidden village in CA,1
Southern Usa,1
344,1
いなば,1
Oak View,1
Montara,1
psychoville,1
TAGANROG,1
Rossija,1
Anápolis-Go,1
Behind my Desktop :),1
OdeeSempre,1
wonderlɑnd ❤,1
دولة الكويت ..♥,1
None Ya,1
kupang,1
Moscow Bryansk,1
Round Lake Park,1
Little Valley,1
Bauru/Sao Paulo,1
Over-The-Rainbow,1
rockos taco's shack :D!,1
IRAQ-baghdad,1
MS 38801,1
Эртиль,1
Orick,1
Loli Town USA,1
stockholm (sweden) (Europe),1
Orange,1
On top of the world,1
Kingwood,1
You ask me.,1
Big Blue Nation,1
Want to know?,1
Lebanon Tennessee,1
annone veneto near Venice (Italy),1
Pakozd,1
At My Computer :3,1
Home ♥;,1
Gabcikovo,1
Home :),1
Mokelumne Hl,1
Glassboro,1
Island of Rhodes,1
The Land of Frost and Frogs,1
Land of rising star.,1
In La La land @u@,1
Angra do Heroísmo,1
In front of a computer reading manga(Most likely Y,1
stop readin this,1
DUBAI,1
Cocos,1
ここにいるよ。,1
Rus... ^^,1
FL 90027,1
OK 75345,1
Erkelenz NRW,1
Szekesfehérvár,1
ελευσινα,1
Dark side of the Internet,1
karnataka bangalore,1
Tobyhanna PA,1
Chingvale,1
Brasilia-Brasil,1
Peterborough ontario,1
Alberta Calgary Canada,1
Akina Mountain,1
Panoche,1
Cypress,1
AZ 85701,1
Glendale,1
Lake Elizabeth,1
43°31′52.2″S 172°38′08.8″E,1
0004,1
UT 84058,1
Mimawarigumi ~,1
CA 92641,1
In a distant land,1
Japan/Tokyo/Akihabara^^,1
San-Francisco,1
Kuwait ♥,1
Iᥒ mყ ρᥣᥲᥴᥱ,1
Sherman Oaks,1
Liberty Mutual,1
Honnouji Academy,1
Iwatobi,1
Letterkenny Donegal,1
Piracicaba-SP,1
спб,1
Second floor.,1
Nebraska 69123,1
Cloud Cockoo Land,1
Vasiliko-Xalkidas,1
Iceland!...I wish.,1
YOGYAKARTA,1
san jo california,1
Russion Federation,1
2904 Lords Way Paris,1
Kalisz Polska,1
semi hiatus,1
RAK~UAE,1
ravenclaw common room.,1
York New,1
shadow realm,1
Gloucestershire,1
Battlefield,1
Alola,1
Estellasia,1
Willow Creek,1
a van down by the river,1
Perto de Jah,1
República Dominicana,1
Pelotas-RS,1
Albay,1
SolarSystem . (;,1
in yo ass,1
Sol 3,1
the natsu tag on tumblr,1
Mogeko,1
Somewhere on the Earth,1
us pa,1
Limerick,1
Timis,1
♥♣♦♠˙pןɹoʍ ɯɐǝɹp ♥♣♦♠,1
Yucca Valley,1
wv,1
The Realm of Chaos,1
Somewhere awesome,1
OR 97383,1
plano texas,1
Cal Poly University,1
on a dark desert highway,1
well Jupiter does sound nice,1
The Space Between Worlds,1
Abouaqu,1
antioch ca,1
Yogurthland,1
Lost in imagination~,1
on the beach,1
Clear Creek,1
Magnostadt,1
Our House,1
NE 68901,1
California 92707,1
Werchter,1
GA 31703,1
big apple,1
Ohaio,1
Death Weapon Meister Academy,1
Kosova,1
isn't even in time zone option ¬¬,1
South Park,1
Radomsko Poland,1
Tanehineri Island,1
Heredia,1
Brazl,1
istanbul turkey,1
where am i ?,1
Oppa's Dorm,1
Jhelum - Punjab - Pakistan,1
fés.morocco,1
Es,1
Somewhere over the Double Rainbow,1
Tuonela,1
Principality of Zeon,1
Paços de Ferreira,1
Jarocin/Gdynia,1
Dakahlia,1
United States Pennsylvania,1
Whv,1
1/49 Frankston Gardens Drive,1
BULGARIA,1
in your basement ploting the destruction of earth,1
Nekoland,1
Szczytno WiM,1
Ningi,1
tarragona,1
Wes Java,1
Psłęk,1
二次元の世界 416,1
Curitiba-PR,1
ギリシャ,1
Kurakura,1
異世界,1
Elbląg Warmy-Mazur,1
Black Organization's Hideout,1
en Belgique,1
Napanee Ontario,1
aguilar co usa,1
potito,1
Califor,1
Under your sofa,1
http://youtube.com/user/xXNeena10Xx,1
Fort Myers,1
Basildon,1
Not where you think.,1
j,1
Wicklow,1
Under The Lunar Light .,1
Connnecticut,1
Somewhere in Colombia.,1
Pigfarts,1
Hyrule Caslte,1
A questionable pocket dimension,1
Voids,1
Merriwether Post Pavillion,1
The Edge of The World,1
Gotland Sweden,1
Portuguese living in London.,1
atx,1
At yo girl's house ( ͡° ͜ʖ ͡°),1
Andalusia,1
Waukesha wisconsin,1
At my desk.. Tihi,1
Spytkowice,1
Under Ur Bed.,1
Tatami Galaxy,1
Marina,1
WAY UP NORTH,1
In front of a monitor,1
navotas city,1
كنت تهدر وقتك عن طريق ترجمة,1
#9141,1
Hellwood,1
In the darkest abyss,1
in the tempest,1
Grindstone Creek Rancheria,1
IL 60637,1
Lake La,1
Businrik,1
Dark Star,1
Somewhere between Earth and Moon,1
Mindanao Iligan City,1
In distant skies,1
U.S.A Florida,1
poop,1
Safe Haven,1
God Only Knows,1
Embu Guaçu,1
NEET,1
Saginaw Michigan,1
In a bathtub of chocolate,1
beside my neighbor's house :B,1
Vatican City,1
Bambutsea-Uusi-Kungfutsea,1
CA 94583,1
Poznań- Września,1
Kisvárda,1
Zelów,1
Your table.,1
Salt,1
Indiana 47324,1
Krautcunt,1
Ipanema,1
pangasinan philippines,1
Stateline,1
Lost In Kyoto,1
Tripoli libya,1
Bærum,1
Shuu's Empire,1
Central Scotland,1
w-ek,1
SEA,1
Olivenhain,1
Aberdeen AB,1
Santa Monica,1
Edwards Air Force Base,1
Gyöngyös,1
Homuhome,1
Lynn MA USA 01901,1
Planet Fiecre,1
WA 98168,1
Jatai Goias,1
Rawalpindi Pakistan,1
2588,1
Meppen,1
'STRAYA,1
russia.,1
laredo tx,1
http://forum.shaarpmind.com/,1
Dalian,1
in front of the PC,1
Yorkshire England,1
Ufa xD,1
yokohama,1
Oakville Ontario Canada,1
Kamei High School,1
546,1
The Subconscious Realm,1
Alghero,1
Birmingham. Alabama,1
Formerly the Ph now Ca,1
Sint-Katelijne-Waver,1
poundtown,1
Msocow,1
99101,1
UAE - UAQ,1
Nowhere. Even Map Can't Locate It,1
Gavle,1
Lost Village,1
Reverse world,1
grenoble,1
Fairytale,1
AMERICA!,1
Ancona,1
Scaricare Libri,1
Mushroom Land,1
Somewhere down the road,1
Tangamandapio,1
Lancre,1
Viborg,1
CaNaDa,1
1750 Everette Alley,1
singpore,1
Somewhere there,1
Willingboro NJ,1
a place where I can see the sky,1
wisc,1
Virginia bceah va 23462,1
SouthAlsurra,1
LA. USA,1
Outer Heaven and Shadow Moses,1
Position Zero,1
Gourmet World,1
Inner World,1
Саранск,1
123 Sesame street.Talk to the shady guy in the can,1
In the pan's labyrinth,1
Curitiba =D,1
Irrelivent >o>,1
Over the hills and beyond the lake,1
En muchas partes,1
Warmia-Mazury,1
Wolsztyn,1
:P I'm not telling you!,1
magnano in riviera,1
Warszawa/Giżycko,1
Ensenada,1
Norsvold,1
Smogóry,1
Germany | France,1
yalta,1
Eropa,1
GA 30017,1
Recife - PE/Brazil,1
a forest full of Pandas,1
Thugtown,1
S. Miguel,1
Chrome,1
Havasu Lake,1
Neverath,1
With Vert in Leanbox,1
Off somewhere...~_~,1
Jabar,1
Pahang.,1
Rusland,1
The 13th Hierarchical City of Kagutsuchi,1
Iselia,1
México DF,1
Araruama,1
rio negro,1
Dead,1
From the Yu Kay,1
Over the cloudssss,1
Pink Hill,1
Bobland,1
Missouri 65601,1
Ylisse,1
Toaster,1
92675,1
/haiku,1
Victoria bc,1
Unknown to Me... Everywhere and Nowhere...,1
meh bedroom :D,1
CA 93721,1
SKOG,1
Popolocrois,1
336,1
CA 92645,1
Bruges & Ghent,1
Karlstad (City),1
Miami/WPB,1
Withdrawn into myself,1
From behind!,1
Llanfairpwllgwyngyllgogerychwyrndrobwllllantysilio,1
in the bed whit your sister,1
Marijampolė,1
BELGIUM,1
http://www.ilike2like.com,1
in the un,1
Virtual World.,1
NoviSad,1
Ex-Ex,1
あなたの後ろ,1
ohio/tennessee,1
Mishishishi,1
Bishounen Booty Town,1
Liberia,1
Limbo ~,1
Arizona 857,1
Woodside,1
Moeshit,1
Novaliches Caloocan City,1
Chevron,1
Francisco Morato - São Paulo,1
Someplace on Earth,1
Currently in Pallet Town finding rare Pokemon,1
marylans,1
Elysium Village,1
Where the Lovers are,1
Asutralia,1
Nizhnyi Novgorod,1
目黒区,1
TH,1
Sandy Korner,1
Unknown!! XD,1
3741 Waldeck Street,1
Baker,1
Who Knows,1
Woodland,1
Apple valley california,1
Iron Mountain,1
Virginia 23003,1
CA 93550,1
Gyeonggi,1
Edmond,1
TExas,1
Middle of no and where,1
A World of Hidden Anime,1
www,1
Garland tx,1
Brazil :],1
Mitakihara Town,1
Cafe Bonheur,1
District of Columbia,1
morocco.agadir,1
Californis,1
candy land.,1
EmiliaRomagna,1
Valderøy,1
Southern Corel,1
Pacific Gas and Electric,1
Verona - Italy,1
Floating Box on the Great Salt Lake,1
Kirghizistan,1
Currently in a hole.,1
são vicente,1
O.O,1
Hyogo / Japan,1
jakarta selatan,1
テレビの世界,1
Far far away kingdom,1
Way too sunny Florida,1
Billericay,1
Perm',1
Chambéry,1
SpB,1
CA 9067,1
Россия. Санкт- Петербург.,1
In dreamland,1
quintana roo,1
Rio de Janeiro - Brasil.,1
Clifton Hill,1
Rockford TN,1
Piruletalandia,1
Sleeping on a rock somewhere,1
las vegas nevada,1
USA ✿,1
Under the covers,1
gurren laggan,1
Charlotte North carolina,1
98237,1
95312,1
Pick,1
fresno CA,1
ALABAMA,1
Resende,1
Itali,1
Wisła,1
Olenegorsk,1
Dobieszowice,1
4853,1
"""Africa""",1
Thunder Eternal Slumber,1
Goshen,1
Somewhere in purgatory,1
██████████████] 99%,1
Montclair,1
mb,1
Tobago,1
Montreal South Shore,1
Right Behind You!,1
🛸,1
Southern Ohio,1
Ney York Buffalo,1
Arknasas,1
Hood,1
Tierra Buena,1
Himitsu (?),1
Travis AFB,1
Babilônia,1
1718 West Hampden Avenue,1
Oklahoma 73646,1
?!,1
Fairy Park,1
f a i r y t a l e ♡,1
riverside CA,1
portugal - fatima,1
Częstochowa.,1
Ελλάδα,1
Końskie,1
Recovering stolen El.,1
Dans le royaume de Fioré ~,1
Hen... Daleko... (^-^),1
Algeria..,1
Lost Ground,1
Corcoran,1
In your bedroom ;) oj,1
silaja,1
Greece Thessaloniki,1
киров,1
Goth iHop,1
your kitchen eating your leftovers,1
In your bed,1
MZ,1
Wołczyn,1
Etiwanda,1
CF,1
2466 Parkview Drive Los Angeles,1
On Planet Urth,1
WonderLand ^-^,1
1337 v1lle,1
Shreveport Louisiana,1
Wangaratta,1
Somewhere out there.,1
涙のプール TT_TT,1
Manga paradise,1
Viçosa,1
None of yer damn business!,1
chino california,1
CA 95014,1
Riyadh k.s.a,1
GA 30303,1
Benton TN 38320,1
Don't Trip.,1
856,1
At your back~,1
canada.,1
アニメの世界,1
Tartarian Empire,1
Sete lagoas- MG,1
In yo windows,1
Tolyatti,1
Poland ; Płock,1
Rydułtowy,1
or.mdo.philippines,1
4287 Mahlon Street,1
Arni Village,1
AUSTRALIA BRISBANE,1
Starlight Academy,1
Rawicz Poland,1
Mitakihara__,1
Бурятия,1
ciampino (RM),1
UK Formal Tailor gives you the best [url=ht,1
Perak.,1
Kyoto Japan,1
Isya,1
Erebonia,1
Pest,1
In the anime world,1
paris kentucky,1
THAILAND,1
CA 95202,1
Paradiso,1
Нова-проспект,1
grandmother's cookie jar,1
sjælland,1
The Rainbow,1
nerdelands,1
EUA,1
Atlanta. Georgia,1
Calimesa,1
Aunt Jemima,1
Saudi Ariba,1
Bureau of the Census,1
Local Group,1
thats for me 2 know and u 2 find out,1
Father Яussia,1
G-DZ,1
Troyes France,1
South Africa (Not Many Anime Fans Here),1
forever wishing to be in Japan,1
ひーみーつ,1
Texas 77001 United States,1
A yellow submarine,1
No telling,1
geuteng,1
Dream NightMare,1
kich dien,1
Just Around the Corner,1
ALAGOAS,1
Bamboo Forest,1
SKIKDA,1
Oregon 97010,1
TRASH,1
Misamis occidental,1
M.Y.O.B.,1
Snow,1
Oregon City,1
Türkiye-İstanbul,1
North Dakota.,1
Section 9,1
DELETE,1
Uć,1
Where you are not,1
Lost In My Own World,1
Merchant's Village (商人の街),1
rhode island 527,1
Nippon.,1
in your walls,1
North Idaho,1
NeoTokyo,1
Over the river and through the woods,1
Where rocking horse people eat marshmellow pies,1
Somewhere in Time and Space,1
dorset,1
Kazakhstan.,1
waverley nova soctia,1
kana?,1
Jigoku. Venezuela.,1
Nord-Pas-De-Calais,1
Big MT,1
🛡️Bahrain,1
Republic Sakha,1
Cd Juárez,1
Tehran - Iran,1
California 🌴,1
In the shadows of mankind.,1
Caifornia with the Pikas,1
Kungsör,1
Abashiri Prison c. 1907,1
beaudesert,1
Bothell,1
Somewhere in Manila,1
Jeddah-Saudi Arabia,1
AZ 85721,1
Far away from you.,1
my computer room,1
Beyond the Vail,1
000 Imoutos,1
CA 92021,1
Irkutsk - the middle of the Earth,1
Noep,1
Milano Città ma anche provincia,1
Mossman NSW,1
adelaide/australia,1
MIDWEST Y'ALL,1
Bishies ;),1
japan kyoto,1
EAL... ELO,1
not ny( the worst selection ever for home,1
NOVA,1
Jezero,1
puntarenas,1
Santos - São Paulo - Brasil,1
Hell on Earth,1
Ticino (Switzerland),1
Henfield,1
Unadministered Planet #97,1
bacoor cavite,1
Sakuragaoka High School,1
Niederbayern,1
kiev,1
Western Mass,1
Kaisertown,1
The gates of hell,1
columbia,1
SANTO DOMINGO,1
University Of Anime,1
CRW,1
55°01′N 82°56′E,1
Running Springs,1
No body wanna know the name of a disgusting place,1
2D World,1
Zawidów,1
Imaginary Land,1
2455 Poe Lane,1
Boca,1
like to know,1
San Luis Obispo California,1
Edo de México,1
yer ma's house,1
israel/kamriel,1
new_york,1
STW,1
oost vlaanderen,1
Norwegia,1
Górowo,1
slurrey whey,1
Writing reviews on this site,1
Ripon CA,1
In a trash box,1
Fuck That lol,1
Your current location.,1
lululala,1
Erdenet,1
Butts,1
Markleeville,1
Retired,1
Umbria,1
denjen,1
584,1
GER-BW,1
Charlottetown Canada,1
Boontan or KAF,1
벜,1
Brasil. \o,1
im here,1
Czaniec,1
A Rotting Fortress,1
Sudan-Khartoum,1
New Yor,1
Región de Coquimbo,1
718,1
minas,1
Brasíla,1
United States of Murica',1
parow,1
3992 Green Acres Road,1
Edge of Eternity,1
♣ wonderland ♣,1
Bensalem,1
Olympia,1
526,1
USA 30301,1
Vancoouver,1
nigeria,1
50% chance i'm in my bedroom,1
You have yet to earn that info,1
セルビア,1
Magyarország Budapest,1
Jack Knife Edge Town,1
North carlino,1
Tokyo City,1
in front of the laptop,1
Where I want to be,1
not telling u :3,1
Gostyń,1
The Pacific Wonderland. DUH.,1
6th Dimension,1
Ashihara Nakatsu,1
Western finland,1
Jeżowe,1
WA 98074,1
stealing your cheese.,1
Temecula,1
Yeet me into an isekai.,1
yodie land,1
west,1
Sn Jun Batsta,1
La la land~,1
Polangui Albay,1
somewhere on Earth in my imagination,1
Novo Hamburgo,1
Seattlantis,1
Yucaipa Cali,1
miami FL,1
Malmesbury.,1
Death HoLic,1
Santa catarina,1
104,1
Waddinxveen,1
Rio De Janeiro!!!,1
Milky way galaxy,1
29054,1
Worst State on the Eastcoast,1
Swerve,1
Chartres,1
East Coast Beast coast,1
Konoha xD,1
Australia - Melbourne,1
802,1
Edem,1
IL 6009,1
The Third World,1
Irealnd,1
Anime Sekai . Japan . Morocco,1
Radom/mazowieckie/Poland,1
Stars,1
Blocksburg,1
south central,1
Under yo bed.,1
http://www.myebookmaker.com,1
Northglenn Colorado,1
...Im around...kinda...,1
RS/ Brazil,1
♡,1
YouTube,1
Knoxville TN,1
Magnolia,1
The place where I can eat all the pocky I want and,1
Itabuna - BA,1
CA 92121,1
Mohammedia,1
mindya bidness,1
the sea of stars,1
Smallville,1
Switzerland.,1
Aosta,1
CA 92024,1
New Atlantis,1
Wandering around in my mind,1
Inside Your Shadow~,1
Pandan Jaya,1
Alagoinhas-BA,1
Milky Way St. Outer Space City,1
Bedford,1
서대문구,1
Fortaleza - CE - Brazil,1
ClownWorld,1
Philadelphia. Pennsylvania,1
NJ 08401,1
124 CONCH STREET,1
yamaguchi - shi iwakuni,1
Paintersville,1
Greenbrae,1
Rockford,1
852☆HKG,1
Realm of illusion,1
Sucha Beskidzka,1
Poland (Polska),1
Aizawl,1
W-ce,1
Where the summer cicadas chirp,1
United Staes.,1
Montreal QC Canada,1
Scotland!,1
Wigan,1
Around Here,1
星空,1
Where butterflies never die...,1
Singkawang,1
empangeni,1
A pineapple under the sea,1
Where I live,1
Kazamatsuri City,1
Mérida Edo. Mérida,1
Barcelona / Spain,1
Weed,1
Georgia 31626,1
Ero-Library,1
🌷,1
West side of the US,1
BlackoStar,1
POZNAŃ,1
QueoFoda,1
Matrix,1
Patrocinio - MG / Fortaleza - CE,1
Edenglen,1
SA Baby ~~,1
Weebtropolis,1
baby !,1
Tsukuyomi,1
Anime Avenue,1
somewhere xD,1
VERONA (VR),1
Logan,1
Batery City,1
Yar.obl.,1
The Realm of the Beast,1
Wal,1
NAS Lemoore,1
La La land,1
Old Station,1
...who wants to know...I know you dont.,1
wjioiwjouhh,1
luwigshafen,1
Gogledd Cymru,1
University of,1
Steins Gate,1
In a princedom by the sea,1
The Cosmos,1
morroco,1
hells high way,1
I Lost My Original,1
seaside-california,1
some prick closet the damn wardrobe and no,1
ＭＥ、イタリア。,1
Cyber World ^~^,1
Andrychów,1
Domino City,1
385,1
TX 75172,1
Home Planet - Terra,1
Nightosphere,1
novosibirsk,1
Partille,1
peristeri,1
IS,1
Puddle World,1
Coldest Place On Earth,1
Castellón de la Plana,1
back to my cloud !,1
Barking,1
Tollhouse,1
7th heaven,1
Personal Reality,1
Known Universe,1
Almost Here,1
some random zone,1
Arizona (USA),1
...what?,1
Southern california,1
Your local pet store O.O,1
Califrnia,1
Somewherelandia,1
8041,1
Sweden ^//w//^,1
CA 95062,1
Romania ^^,1
Tut,1
Anatolia,1
15610,1
Saint-Avold,1
In le apartment building.,1
The Heavens,1
northamptonshire,1
The gate way of truth,1
Siracusa ITALY,1
san jose California,1
Your mom's room,1
Iggy's imagination land,1
Albrata,1
still in the womb,1
WHERE ELSE?,1
Thuringia,1
Endboss Stage,1
Wygwizdowo~,1
Yeovil,1
Mio Akiyama's Heart,1
OH 45410,1
triangle land,1
Baltimore Maryland,1
Calabi-Yau space,1
Brahami,1
IL-60076,1
somewhere on dis gay earth,1
PR.,1
capelle aan den ijssel,1
Y O U R A S S,1
North of No Where,1
menorca spain,1
My Wonderland,1
Gainsville,1
my Weeb trash daydreams,1
Central Valley,1
Terni,1
1146 Murfreesboro Road,1
Greensboro,1
Iyokono,1
On a tricycle in the clouds,1
Massachusetts.,1
AL-Riyadh,1
ｆｏｌｌｏｗ ｔｈｅ ｓｔａｒｓ ★,1
in yo mixtape cus its so fire,1
Moncul,1
Laguna Hills,1
98605,1
'Merica.,1
Somewhere in the North of Italy,1
Behing My Screen ...,1
Malasya,1
Nether,1
Goffs,1
RATEOTU,1
Cans ass,1
Between Flowers,1
With JJ Project,1
Nicaragua.,1
McAllen,1
United States~,1
nescopeck pa,1
I dont belong anywhere.,1
Chapecó - SC - Brasil,1
In the sweet memories,1
Resighini Rancheria,1
At the Dark Order :L -With Allen Walker,1
alternia,1
bengaluru,1
Us Purchasing Exchange,1
With my anime boy crushes XD,1
I'm omnipresent,1
Living on the Railways,1
Dreamland!,1
La Florida,1
Utopía,1
Linares,1
Why? You planing to visit?,1
Out of your reach,1
BUCURESTI,1
M61 0HR,1
On Christie Road,1
Águas Santas,1
Mandsaur,1
katowice,1
Irkutsk City,1
beneath the pale moonlight,1
TX - USA,1
b.c,1
bronx new york,1
SwagDestrict,1
Somewhere hidden in the shadows...,1
штат Калифорния,1
万屋ー,1
Latvia-liepaja,1
Sn Margarita,1
C:\Users\Skipa\porno_stash\hentai,1
South Austraila,1
Some where in Greece,1
Athnes - Greece,1
and at the same time Nowhere.,1
Perth.,1
Bochnia,1
Ontario x),1
engage to my one&only Germany,1
u.s.a atlanta,1
Under a tank(oban),1
In France,1
Southern Cali. :3,1
Somewhere on the world map,1
Home of Eternally Depressed Kids,1
Russia St.Petersburg,1
In a Bubble,1
Up your ass,1
Fortaleza - Ceara,1
Japan 154,1
pluton,1
Newbury Park,1
Home 24/7,1
d1500fa41f37ddef947ed0ac7a54155f,1
The icy north,1
Valmadrera (Lc),1
Animesland ♥,1
Zuid-holland Netherlands,1
At one end of the world,1
San Jacinto,1
Mexicotlalpan de las tunas,1
Clifton Park,1
Places to be,1
Al Hazard,1
Kärkölä,1
mistybog,1
Winland Finland,1
cro.,1
Azulon - Han - China,1
斯普林菲尔德,1
united state,1
Fuckland,1
cat cafe,1
Where ever i want to be,1
The World of Anime!,1
Lod,1
Bra,1
pernambuco Brazil,1
Kingdom of Bavaria,1
Frankfurt am Main / Germany,1
Hi!,1
Coventry England,1
russia/murmansk,1
South-East Archipelago,1
Greer,1
Rotterdan,1
Bedroom. D:,1
Mexico City :),1
Karakura town.,1
G-ce,1
Liberty Farms,1
Rasseya,1
Bishies' beddo (ღ˘⌣˘ღ),1
illinois USA,1
Manchester NH,1
The Pool,1
Kongo,1
Scotland (Currently),1
wisconisn,1
No Were,1
Tulalip,1
Limeira-SP,1
Campina Grande,1
Anime Convention,1
Rzeszów/Poland,1
readin' manga.,1
Route 666,1
Tarbes,1
34705,1
Under the cherry blossoms~,1
París,1
Aokigahara,1
